mfcc0,mfcc1,mfcc2,mfcc3,mfcc4,mfcc5,mfcc6,mfcc7,mfcc8,mfcc9,mfcc10,mfcc11,mfcc12,mfcc13,mfcc14,mfcc15,mfcc16,mfcc17,mfcc18,mfcc19,mfcc20,mfcc21,mfcc22,mfcc23,mfcc24,mfcc25,mfcc26,mfcc27,mfcc28,mfcc29,mfcc30,mfcc31,mfcc32,mfcc33,mfcc34,mfcc35,mfcc36,user,status,filename
-493.7939147949219,54.68417739868164,10.899656295776367,0.5993557572364807,0.892953097820282,-2.432448387145996,-1.4053401947021484,1.6410034894943237,1.199440598487854,-3.6982581615448,-5.044180393218994,-0.016479531303048134,0.6535828113555908,0.6458490490913391,0.7033821940422058,0.7707260251045227,0.764153003692627,0.7284888029098511,0.6675055623054504,0.6340560913085938,0.5910009741783142,0.5823490619659424,0.5655223727226257,0.5778945088386536,0.6030846834182739,19.429797989594757,13.289634886794028,14.85121931870106,15.767044551265496,16.78130888638978,16.72725071950824,17.43038970157678,0.012000905601211073,0.0412890650331974,6265.66483583373,5006.163417951457,11824.421496539793,0,0,Buka_baru (1).wav
-410.73748779296875,77.00590515136719,16.918689727783203,7.285313606262207,0.8475478291511536,-8.428810119628906,-4.446470737457275,-2.4627525806427,-1.6746188402175903,-3.0035433769226074,-8.025489807128906,-3.8988795280456543,0.9369317293167114,0.4356857240200043,0.37918126583099365,0.3203393518924713,0.3433780372142792,0.37702733278274536,0.38205549120903015,0.4655885100364685,0.5172324776649475,0.40255028009414673,0.2908915877342224,0.28200018405914307,0.3900909125804901,24.319026967675974,14.577722742566422,17.137346068257923,18.556542246535674,19.766769134631517,17.604444554217462,18.73028661680529,0.02292578125,0.06741689145565033,2270.372305532187,3311.9850581980218,4272.75,0,0,Buka_baru (10).wav
-498.0793762207031,47.904258728027344,12.686225891113281,3.156374454498291,3.8643219470977783,1.55051589012146,0.6790763139724731,2.481086254119873,2.445887565612793,-2.372570753097534,-3.8534560203552246,0.5181313157081604,0.1406337469816208,0.5610068440437317,0.5654471516609192,0.6184723973274231,0.768647313117981,0.6995847225189209,0.5443366765975952,0.4460982084274292,0.4068140685558319,0.37227532267570496,0.3660910129547119,0.40103039145469666,0.4561547338962555,20.911136953452257,11.244425903333083,13.029451392351834,14.918882264039365,17.064782907288006,16.789003178523046,17.10331734274335,0.024730167441460057,0.029523544013500214,3786.9632832212733,5018.242041995608,8741.993801652892,0,0,Buka_baru (100).wav
-411.6902160644531,52.576534271240234,-1.3286646604537964,2.5008387565612793,2.4650049209594727,-7.701874256134033,-3.539029836654663,0.28602612018585205,3.740849256515503,4.236199378967285,-2.887493848800659,-2.413100481033325,1.435731053352356,0.6002472043037415,0.6460341215133667,0.6376742720603943,0.6513162851333618,0.6210381388664246,0.5342869162559509,0.5263710618019104,0.5493834018707275,0.6579179763793945,0.6360785961151123,0.5628093481063843,0.5572077631950378,18.31884792390639,13.580006834645143,13.830730175957022,16.22840246019894,16.53655279927213,16.034323198006202,18.852358087515086,0.01238858934859155,0.08354451507329941,5793.207843024102,4742.4067461007535,10907.152288732394,0,0,Buka_baru (11).wav
-409.5599060058594,70.35095977783203,10.66239070892334,11.399955749511719,6.045907020568848,-6.577565670013428,-2.8592348098754883,-1.9142792224884033,-0.6582678556442261,-0.6077562570571899,-6.509243488311768,-4.375091075897217,-0.41369399428367615,0.5690334439277649,0.5752364993095398,0.5311823487281799,0.5115536451339722,0.5117639899253845,0.5130789875984192,0.5874059796333313,0.5638344883918762,0.5343917608261108,0.4962477684020996,0.49249643087387085,0.511820912361145,22.81397117809176,14.850546569416808,16.354079590183744,17.548774877738317,19.115788039994843,17.611368435044156,19.187454836854997,0.01666025615409207,0.07627410441637039,4138.633870783394,3596.8022852061176,7183.623721227622,0,0,Buka_baru (12).wav
-484.74755859375,39.80977249145508,-1.7682321071624756,0.42287880182266235,0.5209863781929016,-4.406215667724609,-1.1941723823547363,-1.570680022239685,-0.7512112855911255,-0.02808021940290928,-2.566882610321045,-0.7582049369812012,-0.22767816483974457,0.6006194949150085,0.6647789478302002,0.6814693212509155,0.6964246034622192,0.7376860976219177,0.6488062739372253,0.6124704480171204,0.5998920798301697,0.6425953507423401,0.6660590171813965,0.5920153856277466,0.5704036951065063,17.460699630838565,14.826508696686009,15.303698576030397,17.254833348354545,17.36180181843705,16.965542280659832,18.738305790139727,0.015452976795392953,0.04659472778439522,7298.970926328367,5423.009741714202,13536.331300813008,0,0,Buka_baru (13).wav
-425.4088134765625,54.983341217041016,-6.456440448760986,1.937675952911377,1.2201411724090576,-10.615816116333008,-3.680767297744751,-0.8894054889678955,0.7903409600257874,1.6153597831726074,-4.585668563842773,-1.1757161617279053,2.947498083114624,0.5116933584213257,0.535314679145813,0.5555772185325623,0.5488470196723938,0.5800737142562866,0.5190089344978333,0.5103787183761597,0.4888468086719513,0.5373560190200806,0.6135901212692261,0.5790051221847534,0.553263247013092,19.895020593359945,14.949016445141593,15.52719171899707,18.138721449417762,18.599108804860307,17.336354927656338,20.036309167418,0.018945556031795513,0.09060706198215485,5161.176090854089,4721.387010166261,10165.387312967581,0,0,Buka_baru (14).wav
-440.44073486328125,76.46712493896484,9.530600547790527,6.24692964553833,4.887303829193115,-7.578653812408447,-8.294017791748047,-6.316948890686035,-2.0614631175994873,-3.240495204925537,-9.79375171661377,-4.369844436645508,0.6481135487556458,0.303897887468338,0.381716787815094,0.46639692783355713,0.505699872970581,0.41619235277175903,0.32777225971221924,0.4266414940357208,0.49210724234580994,0.4368112087249756,0.38311752676963806,0.2918248176574707,0.25761622190475464,22.3150910552045,15.644092705266749,17.746725180992293,18.591403218548972,20.93791435387562,17.842019543623415,19.123778073775284,0.018217329545454547,0.0724807009100914,3158.042412526093,3872.9045761990355,6605.905032467533,0,0,Buka_baru (15).wav
-427.37103271484375,57.400325775146484,3.4165732860565186,1.7864428758621216,4.804833889007568,-4.8898773193359375,-7.573160171508789,-4.387383460998535,1.8559223413467407,2.048208713531494,-4.637661933898926,-2.8864524364471436,1.8544950485229492,0.5220919847488403,0.5236855149269104,0.5381463170051575,0.605886697769165,0.6496224999427795,0.6512054204940796,0.5898075699806213,0.5304914116859436,0.5758013129234314,0.549916684627533,0.5338120460510254,0.5013939142227173,19.944038253043782,16.14300950925844,16.939455573566892,18.332101714683322,19.368531414618662,18.483552751598612,19.660548804490293,0.014039094783057851,0.07464093714952469,6090.464899607346,4649.413525739078,11101.691632231405,0,0,Buka_baru (16).wav
-442.120361328125,55.43696212768555,4.73808479309082,0.09356214851140976,0.834931492805481,-6.4754767417907715,-5.98570442199707,-2.5880486965179443,2.182932138442993,2.374357223510742,-3.3314311504364014,-0.9805559515953064,2.5907416343688965,0.44686925411224365,0.41300198435783386,0.3971794843673706,0.4047803282737732,0.44639623165130615,0.44331371784210205,0.6336660981178284,0.5806956887245178,0.448417603969574,0.3765146732330322,0.396266907453537,0.4066183269023895,19.53244664930727,14.53290332875684,16.249710129486292,17.583773566189354,17.939535096301245,16.8357140824531,18.269425157504724,0.0163567673424933,0.06725654751062393,4018.7168175572424,4707.951934977398,8926.922754691688,0,0,Buka_baru (17).wav
-435.7291564941406,52.17536544799805,6.805294513702393,3.2540581226348877,4.493865489959717,-4.217994689941406,-4.230445861816406,-0.4502873122692108,-0.2980484962463379,-1.7376295328140259,-2.258497714996338,0.5692506432533264,2.1756880283355713,0.445904940366745,0.5212629437446594,0.523426353931427,0.5133354663848877,0.4902719557285309,0.4494622051715851,0.526389479637146,0.5143085718154907,0.49967053532600403,0.474629670381546,0.40152600407600403,0.39598485827445984,20.99607774748279,16.524183983195606,16.09121924177081,17.255563436987366,18.483431217695887,16.844543499199812,17.97887158669246,0.014220274962462462,0.059362176805734634,4302.443439417985,4532.841157905113,8568.975225225226,0,0,Buka_baru (18).wav
-436.2383117675781,67.32382202148438,7.671195983886719,1.71605384349823,0.6816360950469971,-9.396669387817383,-8.193717002868652,-2.6832330226898193,2.0641002655029297,0.7968339920043945,-3.437288761138916,1.1967734098434448,3.103306531906128,0.3588322103023529,0.37807443737983704,0.3556126356124878,0.4405632019042969,0.4312509596347809,0.4336163103580475,0.5202081203460693,0.3673167824745178,0.3945457637310028,0.35590487718582153,0.32405149936676025,0.3398084044456482,23.08915175729391,16.517377132199595,17.70484749370087,18.909258876311657,20.345649017153153,18.78060176240219,18.800536908924666,0.023159192111959288,0.07582373917102814,3438.465175466038,4084.2156198911593,6530.355438931298,0,0,Buka_baru (19).wav
-461.2346496582031,36.95888900756836,6.001209735870361,-1.3068727254867554,-0.5431277751922607,-3.803473472595215,-2.684633493423462,1.5023581981658936,2.1225831508636475,-0.5438411831855774,-2.836857557296753,-1.3987053632736206,1.5838323831558228,0.6808087825775146,0.686972439289093,0.670520544052124,0.6504323482513428,0.6554847955703735,0.6471746563911438,0.5863247513771057,0.5414729118347168,0.5701174736022949,0.5887830853462219,0.6188932061195374,0.6405649185180664,19.44562871429265,13.967902212687884,15.948019406789854,16.10586582058862,17.038278895349368,16.935462877181525,16.88915235216446,0.010774423543689321,0.0338449589908123,6148.868739968109,5232.924517335806,11619.493325242718,0,0,Buka_baru (2).wav
-434.841796875,47.47122573852539,5.347486972808838,1.4673470258712769,1.184440016746521,-6.12945556640625,-4.466856956481934,-0.780701756477356,-0.024550380185246468,-1.195605993270874,-2.9737777709960938,-0.4217419922351837,1.042116641998291,0.5500012636184692,0.5824113488197327,0.576285183429718,0.6169995665550232,0.613717257976532,0.5210909247398376,0.4876309931278229,0.48402199149131775,0.5499545931816101,0.5042288899421692,0.4788951575756073,0.5129255056381226,19.19228648277348,14.876768559032895,15.835731556373073,17.19199270844555,17.680512492466146,17.174743275089302,18.141434863229005,0.012480313328912467,0.05825704336166382,5421.717305041731,4864.34524447008,10382.874668435014,0,0,Buka_baru (20).wav
-538.0123291015625,64.79159545898438,18.99360466003418,3.989018440246582,1.5021741390228271,-4.039442539215088,-5.4327850341796875,-1.1709481477737427,1.8702155351638794,-1.8517041206359863,-5.288308143615723,-3.0390214920043945,-2.940472364425659,0.5998585820198059,0.5143158435821533,0.4383949935436249,0.4566383361816406,0.46017250418663025,0.4208916425704956,0.4795755445957184,0.47590377926826477,0.4147270917892456,0.4532786011695862,0.5341587066650391,0.5881577134132385,18.8459034602334,14.932194437390114,15.454212937291027,16.77231812258825,16.98947639153688,16.043111151391017,15.710457128603924,0.016565071730427046,0.024381322786211967,4268.208999256615,5118.073716880743,8745.607206405693,0,0,Buka_baru (21).wav
-508.71905517578125,77.86084747314453,20.607236862182617,-0.21063506603240967,-5.728211879730225,-7.827654838562012,-4.194030284881592,-0.5665017366409302,2.4395625591278076,-1.4937913417816162,-8.388073921203613,-5.186774730682373,-1.3598731756210327,0.4188762903213501,0.45319727063179016,0.4517100155353546,0.48739466071128845,0.458588182926178,0.5118389129638672,0.630306601524353,0.4449440836906433,0.36418652534484863,0.374247670173645,0.37158945202827454,0.35717248916625977,21.386055988000773,14.508669195591953,16.90359008850521,18.492883611536847,17.899183967628442,15.729487947766774,16.322160130889017,0.019141881028938906,0.03193296119570732,4194.951416775607,4816.635508023387,8638.18830385852,0,0,Buka_baru (22).wav
-468.0567321777344,57.59321594238281,5.673811912536621,-0.529120922088623,2.3477680683135986,-5.550661563873291,-3.9782514572143555,1.9000545740127563,0.36422213912010193,-2.6326348781585693,-2.14046311378479,0.23186054825782776,1.086857557296753,0.48124203085899353,0.48806998133659363,0.4698345363140106,0.5149944424629211,0.5569828748703003,0.4781789779663086,0.4951402246952057,0.46996450424194336,0.43291953206062317,0.40710482001304626,0.364074170589447,0.38427260518074036,20.6827913044086,14.269427305060445,14.627198714665496,16.344682041446124,17.459265078291242,17.034222080434915,17.147870903414642,0.015814589056776556,0.05069311708211899,4332.234014699181,4758.163503330245,9313.701923076924,0,0,Buka_baru (23).wav
-435.2527160644531,74.30453491210938,9.55780029296875,2.5755231380462646,-2.5836806297302246,-9.797672271728516,-3.278682231903076,-3.167325973510742,-3.050647735595703,-2.553025722503662,-6.511561870574951,-0.6760309934616089,3.694420099258423,0.2749882638454437,0.29001325368881226,0.3929184377193451,0.5079705119132996,0.47693681716918945,0.4082486629486084,0.38120847940444946,0.4813772439956665,0.35857704281806946,0.2576519250869751,0.1977120339870453,0.25254034996032715,23.23114913737393,15.1748742448009,17.666870845009612,18.63163443827607,19.974115996128234,17.825271393513685,19.56347814077453,0.022097452698511166,0.07313062995672226,2756.7313559459644,3999.956890949449,5983.4832506203475,0,0,Buka_baru (24).wav
-434.53607177734375,67.81217193603516,5.949092388153076,3.647815704345703,0.46156641840934753,-7.27797794342041,-2.780313730239868,-1.9670125246047974,1.82050621509552,1.255496621131897,-6.749866962432861,-1.8011969327926636,3.2121236324310303,0.5517711639404297,0.5330638885498047,0.5152636766433716,0.5617977976799011,0.6190424561500549,0.6146383285522461,0.6271966695785522,0.5864601731300354,0.6375612616539001,0.6192065477371216,0.5393908619880676,0.5413908958435059,19.976835474002648,15.540619938316294,16.152240541483906,17.730876259345735,18.40459999301597,17.738010772493553,20.41345631340361,0.012899739583333333,0.07823245972394943,5234.18791322143,4362.871600823877,9525.1875,0,0,Buka_baru (25).wav
-405.9908752441406,56.833534240722656,-9.932585716247559,-0.09724165499210358,-4.32286262512207,-8.628947257995605,4.402998924255371,0.3679479956626892,-0.4960905611515045,1.105360746383667,-3.843548059463501,0.07603945583105087,-1.2486286163330078,0.46052154898643494,0.3951646387577057,0.3185689151287079,0.3194770812988281,0.35366466641426086,0.3529305160045624,0.3628930151462555,0.3932003080844879,0.5546152591705322,0.6385794281959534,0.5524742603302002,0.4980722963809967,18.927331480001516,15.030635995770158,14.946130078700484,17.379614063042887,19.702425003177822,16.837869834066794,20.42012450010611,0.0271867510140118,0.0862470418214798,3827.8146572568608,4169.902941680955,7405.1438053097345,0,0,Buka_baru (26).wav
-409.1330871582031,66.73052215576172,-4.436551570892334,3.739863634109497,-1.437213659286499,-11.762892723083496,-2.626755952835083,-5.158974647521973,-1.6180680990219116,3.0923383235931396,-5.1515069007873535,-0.9889593720436096,3.4610226154327393,0.4454578459262848,0.4454818367958069,0.42124801874160767,0.35002925992012024,0.33250805735588074,0.40381351113319397,0.5463384985923767,0.4154641628265381,0.3356221914291382,0.36108314990997314,0.4377625286579132,0.5050752758979797,19.54225406951669,14.335875324783702,18.6417889664838,19.20406018514021,19.957590338451116,17.753842795034377,21.19680085904738,0.020461432222955146,0.09572186321020126,3284.0663541722975,3877.564934686568,6272.097625329815,0,0,Buka_baru (27).wav
-428.4015808105469,60.24594497680664,-6.684726238250732,0.1598406583070755,-0.5971608757972717,-13.334120750427246,-6.430614948272705,-2.0008320808410645,0.8366027474403381,0.9410157799720764,-6.054769039154053,-2.1005308628082275,2.379108190536499,0.5227382779121399,0.5575731992721558,0.5269507169723511,0.5521397590637207,0.7093825936317444,0.6696746945381165,0.611982524394989,0.5754199624061584,0.6503120064735413,0.8047569990158081,0.6702383160591125,0.5562015771865845,17.158016207854,15.294033175441676,16.653069376300262,18.08432042675727,18.115855216680195,18.206936500672004,20.176141748984406,0.015149951304200542,0.09583982080221176,6272.147257576248,4680.663207988731,11317.644817073171,0,0,Buka_baru (28).wav
-454.1083068847656,50.94734191894531,4.147909164428711,4.242275714874268,3.4537367820739746,-4.81288480758667,-2.6221354007720947,-1.9271844625473022,-1.9405531883239746,-2.000723123550415,-4.6572442054748535,-1.667752742767334,0.6806374788284302,0.5371728539466858,0.5694745182991028,0.5483368039131165,0.5465848445892334,0.5644633769989014,0.55789715051651,0.47175249457359314,0.43470391631126404,0.47689032554626465,0.500750720500946,0.5059621930122375,0.4889279901981354,20.08050418420152,14.48523570511576,15.81591481501582,16.640777270971647,18.030069435465943,16.98367086608645,18.499980175244303,0.018789520711143697,0.05373465269804001,4766.773659963523,4668.218632688563,9347.094941348974,0,0,Buka_baru (29).wav
-481.23944091796875,45.15470886230469,4.817505359649658,-1.5070099830627441,-0.1721266508102417,-4.768309116363525,-4.037136554718018,0.61247718334198,1.9307423830032349,-2.4215166568756104,-3.6650426387786865,1.5726191997528076,2.032200336456299,0.6077420711517334,0.6117820143699646,0.6701089143753052,0.6513442993164062,0.684576153755188,0.6463959217071533,0.5529271364212036,0.49400708079338074,0.4928431212902069,0.4843501150608063,0.5026482939720154,0.5675249099731445,19.99320256472357,13.332717693928874,16.00517667880289,16.58979174326614,16.731508444621287,17.605087173251533,18.293445056231274,0.020579830383480827,0.04307958111166954,5939.708775362234,5153.8955099214445,11617.533185840708,0,0,Buka_baru (3).wav
-436.4429626464844,56.71455001831055,-4.409090518951416,2.7088258266448975,1.5079783201217651,-8.325214385986328,-1.7519567012786865,-4.014328956604004,-5.828464984893799,-1.6948424577713013,-3.278446674346924,-1.3541277647018433,-0.5461605191230774,0.2960081994533539,0.3475862145423889,0.3519335389137268,0.35696476697921753,0.38799595832824707,0.46175649762153625,0.4467692971229553,0.455453097820282,0.4893540143966675,0.5734134912490845,0.5456587672233582,0.35997679829597473,17.460425997216856,13.984107361711612,16.631236266545468,17.832731853774153,18.854119975946993,17.094379910132865,19.28092370905595,0.023202505853746398,0.07702220976352692,3944.0328831191855,4505.985903090891,8244.056195965419,0,0,Buka_baru (30).wav
-437.81109619140625,54.671844482421875,-0.2798720598220825,0.09141276031732559,-1.7302054166793823,-8.221887588500977,-3.4998018741607666,-3.66139554977417,-0.9126354455947876,0.3649749457836151,-5.514229774475098,-2.2960550785064697,0.6023130416870117,0.40799352526664734,0.44274070858955383,0.5032069087028503,0.5286550521850586,0.5454159379005432,0.538343071937561,0.5616520047187805,0.4714948832988739,0.487684965133667,0.5228846669197083,0.4255167245864868,0.4130611717700958,19.349664731635006,13.434611567345739,16.12740364845728,18.427515562980624,18.964827155862434,16.99964916944006,19.62345703984384,0.023055989583333332,0.06635197252035141,4946.25585063736,4642.363380342876,9412.25,0,0,Buka_baru (31).wav
-405.0543518066406,83.4508056640625,2.4457080364227295,-9.418556213378906,-11.186430931091309,-15.103078842163086,-7.461872577667236,-6.706661701202393,-4.572649002075195,-1.3632792234420776,-4.445507526397705,-0.8048392534255981,1.3964143991470337,0.3383844792842865,0.33015891909599304,0.350190669298172,0.35473689436912537,0.3137173354625702,0.37476593255996704,0.3850696086883545,0.3864787220954895,0.3416827917098999,0.2539377808570862,0.269553542137146,0.31379514932632446,19.154452884640435,14.951775011690891,18.812655994894627,19.28246143835703,21.591094625020787,17.46706219447569,20.30846244637169,0.026924374619829685,0.0848812684416771,2898.6640284722357,3590.7385994300835,6004.44799270073,0,0,Buka_baru (32).wav
-383.44036865234375,88.3531265258789,-4.881729602813721,-5.7486724853515625,-6.13094425201416,-17.021928787231445,-6.394731521606445,-3.7489185333251953,-4.0227532386779785,-1.8470804691314697,-6.646905422210693,-0.8983350396156311,4.406597137451172,0.21235814690589905,0.27035075426101685,0.32537540793418884,0.3791642487049103,0.3652210533618927,0.3618895411491394,0.3694850206375122,0.39110684394836426,0.4690417945384979,0.5625054836273193,0.4513670802116394,0.24623912572860718,19.13377703903485,13.916756362398097,16.250414535429353,18.673640465016096,20.202629677064326,18.286759675159413,21.732488876413694,0.029439581840974213,0.12011489272117615,3087.2682129912164,3564.2025243397075,6410.324140401146,0,0,Buka_baru (33).wav
-424.2418212890625,72.18196105957031,-11.562759399414062,-2.909437417984009,-1.2370758056640625,-10.768599510192871,-2.5577449798583984,-3.633591651916504,-1.3877997398376465,1.758935809135437,-6.068516731262207,-3.999572515487671,-1.6905919313430786,0.39414486289024353,0.36962154507637024,0.3845427632331848,0.3806557059288025,0.4240497946739197,0.5180519819259644,0.4292317032814026,0.39397940039634705,0.526255190372467,0.5469571352005005,0.4921867251396179,0.4033876657485962,17.152667875574593,14.467685502002062,15.750312193908172,18.67417412506355,18.707367007323477,17.710283414604557,21.350119039813073,0.02682127538515406,0.10440123081207275,4183.29149567088,4358.736434079716,8702.00892857143,0,0,Buka_baru (34).wav
-421.9129638671875,70.0132827758789,-4.084425926208496,0.18910688161849976,1.0145002603530884,-10.390360832214355,-5.552109241485596,-3.6160638332366943,-0.00697898305952549,0.7978439927101135,-7.8624114990234375,-4.232882499694824,2.391550302505493,0.19873569905757904,0.26224324107170105,0.3230239152908325,0.4173671007156372,0.5181137919425964,0.44061151146888733,0.3824175298213959,0.39470425248146057,0.3764491081237793,0.37498316168785095,0.2918926179409027,0.21257542073726654,19.816811016108765,15.358459197746798,17.239196762994695,18.003716684490584,19.911301309769375,17.6758707931982,20.191502572393215,0.02536388913904899,0.09323938190937042,2936.4952388755455,4070.2703283154515,6207.4252521613835,0,0,Buka_baru (35).wav
-427.9100646972656,69.07949829101562,-4.110905170440674,-5.7189531326293945,-1.428155541419983,-9.116085052490234,-8.049649238586426,-6.7557477951049805,-0.9098940491676331,1.0813616514205933,-5.802322864532471,-2.413198471069336,2.683769702911377,0.4623619019985199,0.4804117977619171,0.4990301728248596,0.5407655239105225,0.6697267293930054,0.7011922597885132,0.662270724773407,0.6954809427261353,0.6431103348731995,0.5262142419815063,0.4932421147823334,0.4625597894191742,17.793480603206586,14.271562039770188,17.249549400567755,18.117681900535473,18.121528160160803,17.396204603242545,20.17400087274012,0.017615805868167203,0.07774443924427032,6033.881187970577,4475.568249682361,10912.077974276528,0,0,Buka_baru (36).wav
-436.2288513183594,75.40130615234375,-1.3994566202163696,-4.624463081359863,-3.337247848510742,-11.421894073486328,-5.612789630889893,-3.9872653484344482,-4.690181732177734,-5.103498458862305,-7.478845596313477,-1.4635568857192993,0.7441720366477966,0.38745686411857605,0.36540675163269043,0.35880568623542786,0.4542505741119385,0.49827295541763306,0.4760732054710388,0.4960488975048065,0.41807591915130615,0.36671799421310425,0.36789870262145996,0.33853527903556824,0.3912150263786316,19.711102567287416,13.139419111076265,16.29230295894516,17.97730596155709,19.68095446087697,17.772780326687474,19.379981943214155,0.023185129915730338,0.05957077071070671,3258.252832604153,4001.583485036544,6879.65238764045,0,0,Buka_baru (37).wav
-489.1902160644531,67.33797454833984,18.57224464416504,1.6690627336502075,-0.33847713470458984,-4.289039611816406,-7.410742282867432,-6.951173782348633,-3.6456451416015625,-4.87704610824585,-7.125722885131836,-2.974080801010132,-1.423416018486023,0.5687057971954346,0.6589990258216858,0.702207088470459,0.6388893723487854,0.5712898373603821,0.5998536348342896,0.6112070083618164,0.5527694821357727,0.5139570832252502,0.4628504812717438,0.47391971945762634,0.5122581720352173,18.333846400747177,13.365801037454643,14.91448085299806,16.790781097671402,17.30749184698301,16.607953575157417,16.36761864776762,0.012708210495283019,0.027983786538243294,5653.858798528278,5324.340808229656,11151.120283018869,0,0,Buka_baru (38).wav
-479.356201171875,66.16827392578125,11.977577209472656,3.867704153060913,1.7286030054092407,-4.968835830688477,-4.835812568664551,-3.7464911937713623,-0.9536210894584656,-4.22324275970459,-9.932523727416992,-4.042968273162842,-1.5952818393707275,0.3430783152580261,0.28114596009254456,0.2592950463294983,0.29894566535949707,0.3737807273864746,0.43265050649642944,0.4018999934196472,0.4192269742488861,0.5098850131034851,0.5399031639099121,0.5081660151481628,0.4201533794403076,19.900956005052002,14.781488664340834,16.157586589061868,16.784761032081608,18.549119517164645,17.047611353861953,17.927570282031258,0.021499171401515152,0.0430123470723629,3231.8756778340494,4385.1989880355195,6788.859577922078,0,0,Buka_baru (39).wav
-440.57177734375,50.75516128540039,-0.3541143238544464,5.915275573730469,4.538512229919434,-4.960017681121826,-0.06765294075012207,-0.809486448764801,-1.2924302816390991,0.27994680404663086,-3.7433345317840576,-1.3468708992004395,2.184312343597412,0.5655717849731445,0.5899450182914734,0.5548840761184692,0.5207810997962952,0.505359411239624,0.45021191239356995,0.4593042731285095,0.3910277783870697,0.3694998025894165,0.40729689598083496,0.4611091613769531,0.5109705924987793,21.398004584953103,12.178891668847134,15.441250264715018,16.514844249441083,17.80381326972068,17.013982052822954,19.527551789757005,0.019847387749445677,0.06874052435159683,3990.1889970324937,4640.150915154181,8329.458841463415,0,0,Buka_baru (4).wav
-513.6722412109375,56.21641540527344,9.30685806274414,1.620611310005188,0.8827285170555115,-4.131532669067383,-2.2876670360565186,-0.6599389314651489,-1.1220104694366455,-3.9945030212402344,-6.73970890045166,-2.133544445037842,0.5337663292884827,0.4125038683414459,0.37759318947792053,0.36920225620269775,0.4155121445655823,0.46408459544181824,0.5000576972961426,0.4242303669452667,0.5041419863700867,0.5709581971168518,0.5472022294998169,0.49630823731422424,0.4173087477684021,16.945447486277622,11.53650795802541,13.51544521991606,15.503771102989901,16.303207443786572,15.640401460258854,17.330460043880063,0.023227235346889953,0.030678952112793922,3946.093442812943,4781.918974809207,8848.72159090909,0,0,Buka_baru (40).wav
-500.37640380859375,55.6652717590332,11.150026321411133,2.93125057220459,2.000925302505493,-1.4025135040283203,-1.010786771774292,-1.3230267763137817,-0.4264131784439087,-2.785266876220703,-6.425907611846924,-2.150876045227051,0.6032649874687195,0.6538481712341309,0.6405598521232605,0.6203309893608093,0.6186877489089966,0.6393340229988098,0.6606136560440063,0.6597432494163513,0.6589996218681335,0.6516910791397095,0.6092105507850647,0.6447460651397705,0.6681444644927979,18.005075124044193,14.222466630068775,14.30050502568123,15.62319542036903,17.07251723750155,16.19984155601992,16.92187356239836,0.010596788194444444,0.03891783580183983,6523.767237703487,5125.967985312658,11718.229166666666,0,0,Buka_baru (41).wav
-500.3901062011719,51.277217864990234,2.8297336101531982,1.2046470642089844,1.9265027046203613,-3.8932747840881348,-0.9996615052223206,0.7545984983444214,0.1527935266494751,-2.9586198329925537,-5.909173488616943,-2.022660255432129,-0.3795308768749237,0.5960471630096436,0.5754056572914124,0.6081263422966003,0.6760011315345764,0.6599729657173157,0.5808441042900085,0.5628025531768799,0.5860310196876526,0.588894248008728,0.5341753959655762,0.5430869460105896,0.5918519496917725,19.025520006806907,14.641284555899384,14.590347012801324,16.3578414986366,16.906174758664253,16.536186539432986,18.547425215341796,0.01425104843073593,0.03641319274902344,5690.840862935883,4955.543513995622,10890.219155844155,0,0,Buka_baru (42).wav
-487.01458740234375,63.952274322509766,8.833581924438477,1.005462646484375,-0.9476302266120911,-4.775918483734131,-0.38599318265914917,-0.15933361649513245,-0.34844139218330383,-1.883012056350708,-6.153509140014648,-2.7338640689849854,0.4379281997680664,0.6006519198417664,0.6480726599693298,0.666685938835144,0.7283499836921692,0.6948179006576538,0.618890643119812,0.6172145009040833,0.615942656993866,0.6501222252845764,0.6595668792724609,0.6537810564041138,0.6042889952659607,18.741772475615708,15.390543582661996,14.718819876333324,15.964839680830481,16.96766772562917,16.979555520154456,18.504949720362195,0.015528204157488987,0.05046789348125458,6433.637373674997,4918.676798411795,11801.555616740088,0,0,Buka_baru (43).wav
-505.7124938964844,56.193626403808594,6.3952178955078125,1.8697453737258911,3.086385488510132,-0.8687431812286377,-0.8391240835189819,-1.9111677408218384,1.5451799631118774,1.3450732231140137,-5.158514022827148,-2.9659688472747803,-0.4266003966331482,0.6310127973556519,0.6974653601646423,0.7333935499191284,0.7352113127708435,0.7175912857055664,0.6444675922393799,0.603159487247467,0.5830723643302917,0.5589135885238647,0.5775133967399597,0.5944844484329224,0.6025135517120361,16.852627373122814,11.545666693362579,11.728592024700761,13.40394855882078,14.447091057861037,14.876726124223485,18.696941611402465,0.035677340662055336,0.03767170011997223,6143.916806059,4890.515559344574,11414.803606719368,0,0,Buka_baru (44).wav
-516.532958984375,58.487674713134766,11.756269454956055,-0.6050232648849487,1.9362820386886597,1.6157336235046387,0.39719679951667786,-0.9748018980026245,0.35512775182724,-0.298312783241272,-3.6296184062957764,-1.2395129203796387,0.23705385625362396,0.6332730054855347,0.6229631304740906,0.6147075891494751,0.5888809561729431,0.54237961769104,0.5484642386436462,0.5349422097206116,0.579169511795044,0.6400033831596375,0.644294023513794,0.6409366726875305,0.6692807078361511,17.750021791452394,13.653889547320482,12.869461207462665,15.099904264359918,16.434399052125464,15.984944699378211,18.034748389047852,0.019791961255656108,0.033728864043951035,5928.139480306046,4912.6173420905225,11173.642533936652,0,0,Buka_baru (45).wav
-498.6507873535156,56.366493225097656,10.843338012695312,1.3832263946533203,0.238134503364563,-3.3581295013427734,-2.747769355773926,-1.107321858406067,2.6867177486419678,1.3632181882858276,-4.299490451812744,-2.605638265609741,0.049338605254888535,0.6542874574661255,0.6712053418159485,0.714821994304657,0.7623494863510132,0.7626869082450867,0.7415773868560791,0.6983587145805359,0.6504620313644409,0.6587240099906921,0.6448537707328796,0.6505923867225647,0.6416443586349487,17.965089471439427,13.231414337126377,12.943335702819883,14.919126517206303,15.481338546592212,15.992355830959069,17.32928076808046,0.01120434670781893,0.03775092959403992,6874.830379261212,5081.953878841415,12481.963734567902,0,0,Buka_baru (46).wav
-467.58587646484375,65.42523193359375,8.759811401367188,1.3902517557144165,0.744122326374054,-5.1079888343811035,-2.0718746185302734,0.4565037786960602,0.5658401846885681,-2.6410462856292725,-5.467989444732666,-0.6944842338562012,0.6495761275291443,0.5510350465774536,0.5456969738006592,0.5863382816314697,0.6327013969421387,0.6523745656013489,0.5971071124076843,0.5225498080253601,0.5173652172088623,0.587287962436676,0.570442259311676,0.55482417345047,0.5544447898864746,19.079377096954286,14.604867729157142,14.907750313041467,16.461338387371804,16.993986904397417,17.146436934927504,18.688949543003734,0.02020882089757709,0.06441992521286011,5035.886602883056,4492.377484320773,9722.122797356828,0,0,Buka_baru (47).wav
-508.1829528808594,61.4730224609375,15.376243591308594,5.4264068603515625,2.1070637702941895,-0.02408703975379467,2.9671618938446045,0.6611751317977905,0.6845703125,0.7541244029998779,-4.1287760734558105,-1.969705581665039,1.8621879816055298,0.7034528851509094,0.7284334897994995,0.7474079728126526,0.7878626585006714,0.8290808200836182,0.7482175230979919,0.6821997761726379,0.6156025528907776,0.6153553128242493,0.6410928964614868,0.6830301284790039,0.6968024373054504,19.568569027622846,14.190148987479018,13.484010270133133,15.632584943916651,16.248306236548743,16.04107772024802,16.90360075378432,0.009526861921806167,0.0410289503633976,6864.038994232249,5227.397242314107,12397.921255506608,0,0,Buka_baru (48).wav
-466.6576843261719,77.19657135009766,16.34259605407715,2.8526437282562256,6.249954700469971,2.3638627529144287,-1.9792276620864868,-3.465364694595337,-0.7673182487487793,-2.382230043411255,-7.517090797424316,-4.259826183319092,-0.5509067177772522,0.48997870087623596,0.5200445055961609,0.5711144804954529,0.6638131141662598,0.710788905620575,0.6357106566429138,0.585476815700531,0.5052522420883179,0.4682769477367401,0.4544333815574646,0.4393106997013092,0.4477095901966095,20.972857614071867,13.65800411726628,13.906094443315435,15.516147265161699,16.152856052107495,15.726634502177632,19.51243755398263,0.01646172608568075,0.05608854070305824,4481.21909092055,4070.0932650913587,8387.87411971831,0,0,Buka_baru (49).wav
-475.2024841308594,43.54917526245117,7.152595520019531,0.5427424907684326,0.03928156569600105,-3.543623924255371,-3.356907606124878,-1.2417949438095093,2.094449996948242,0.2920668423175812,-3.7316603660583496,-0.48614266514778137,1.5824742317199707,0.6289063692092896,0.6614320874214172,0.7116814255714417,0.6987106800079346,0.7136520743370056,0.6553246974945068,0.6259960532188416,0.59783536195755,0.5679938793182373,0.5472374558448792,0.5636988282203674,0.5962510108947754,19.28937076478884,14.67654375006263,15.801976482892456,16.486477105591828,16.567748545052275,16.619496978350394,18.188336317977146,0.01093198961598746,0.04410171136260033,6664.239988433562,5310.699261308559,12469.117358934169,0,0,Buka_baru (5).wav
-446.585205078125,95.04531860351562,15.30523681640625,7.554162979125977,5.6770243644714355,-5.962033748626709,-1.63811194896698,3.3403117656707764,2.3612873554229736,-3.407313823699951,-7.341808795928955,-1.5675419569015503,-0.6058564186096191,0.48892197012901306,0.5892935395240784,0.6241785883903503,0.5882602334022522,0.45373281836509705,0.3306334316730499,0.325167715549469,0.37515926361083984,0.5151692032814026,0.5059775114059448,0.43785014748573303,0.4265057444572449,22.08929792526807,12.640037919060587,14.62450222864456,16.383977728952825,17.880084199179034,17.241778974140338,19.69112123362115,0.020898923351990048,0.06855539232492447,2753.6105858456385,3809.0257176755526,5894.23973880597,0,0,Buka_baru (50).wav
-445.3350830078125,73.11613464355469,12.697820663452148,3.3092072010040283,5.0068464279174805,-1.8529911041259766,-1.2004785537719727,2.915038824081421,2.7569198608398438,-3.627330780029297,-7.091951847076416,-0.7117908000946045,1.1741969585418701,0.5966408252716064,0.6460806131362915,0.6173071265220642,0.7324147820472717,0.7194331288337708,0.8090521097183228,0.8138969540596008,0.6028597950935364,0.5255171656608582,0.4918517768383026,0.4967285394668579,0.48956772685050964,22.578257260818578,16.84618032169198,17.21482889468296,17.92156831368603,18.634866655880028,19.101753407025495,19.015676522279982,0.009851288377192983,0.06745776534080505,5943.325432192471,4463.006846024287,10433.388157894737,0,0,Buka_baru (51).wav
-461.8318786621094,77.9168472290039,11.125797271728516,2.6666417121887207,2.2069945335388184,-4.679767608642578,1.1335586309432983,4.348129749298096,1.476447343826294,-2.7768611907958984,-7.154384613037109,-3.5948920249938965,-0.7870562672615051,0.4221556782722473,0.48466113209724426,0.5424603819847107,0.5383399128913879,0.4888051748275757,0.4340190887451172,0.40663090348243713,0.43175649642944336,0.5365638732910156,0.5280685424804688,0.495537132024765,0.43370676040649414,21.402838422994567,16.37524915805291,15.772631077316404,17.00083477632452,18.031131060671896,18.203108702871805,19.02372638668116,0.01594630424222798,0.06269107013940811,4183.542540299942,4400.625882914592,8574.36042746114,0,0,Buka_baru (52).wav
-441.3138732910156,95.22484588623047,24.93939781188965,12.120279312133789,1.7032606601715088,-3.8010787963867188,3.430159330368042,0.8960069417953491,1.5439850091934204,-2.5518431663513184,-11.918578147888184,-1.7156027555465698,4.156931400299072,0.5268099904060364,0.5984302163124084,0.5018244981765747,0.5646790266036987,0.548154354095459,0.410991370677948,0.4306415617465973,0.3461441695690155,0.3134833872318268,0.35110634565353394,0.3909682333469391,0.42950838804244995,23.479013498287916,13.86744692895445,16.329765554432885,17.65243939359528,17.53980397933195,18.238085270942495,19.723811248293586,0.018349761172279794,0.062364157289266586,3183.1374896926404,3921.4542027750877,6292.543717616581,0,0,Buka_baru (53).wav
-458.1024475097656,83.7954330444336,14.526225090026855,5.8721184730529785,4.069517612457275,-1.5995029211044312,1.3709814548492432,0.40379688143730164,2.0192575454711914,-0.3784460723400116,-7.606441020965576,-2.601205825805664,-0.6216037273406982,0.49385419487953186,0.5621982216835022,0.6271124482154846,0.6945722699165344,0.6714762449264526,0.5230575799942017,0.43644553422927856,0.4260982573032379,0.4527038335800171,0.49626660346984863,0.4956941604614258,0.49964597821235657,20.377035644868542,14.525990383661284,13.804196249437705,16.218302728296088,16.942175300176576,17.051751444216592,19.09084452507968,0.014210668103448275,0.07000288367271423,4081.862919503177,4301.014548822407,8309.690578817734,0,0,Buka_baru (54).wav
-403.22381591796875,104.34825134277344,21.028793334960938,5.159947395324707,0.16354843974113464,-4.097143650054932,-4.494000434875488,-10.767868041992188,-2.4124717712402344,0.5060428977012634,-11.26685905456543,-5.998023986816406,0.8688920736312866,0.5458595156669617,0.427004873752594,0.4647264778614044,0.4606647193431854,0.527157723903656,0.6374260783195496,0.5010362863540649,0.46922895312309265,0.49611330032348633,0.42444995045661926,0.37297675013542175,0.4662739932537079,24.2348337817184,15.737116673362324,16.26584615800705,19.13267927955202,18.78740130793314,18.302623943775714,21.535255538313603,0.020535207817656765,0.10511814057826996,3663.034122103903,3426.5030639829756,6810.7982673267325,0,0,Buka_baru (55).wav
-396.2544250488281,118.49855041503906,22.87507438659668,10.583908081054688,1.240889549255371,-9.427801132202148,-5.362366199493408,-9.118212699890137,-2.129530668258667,-1.4426730871200562,-16.757678985595703,-6.926497936248779,4.222956657409668,0.30104923248291016,0.4139138162136078,0.487345427274704,0.3635338544845581,0.4258148670196533,0.38005393743515015,0.474799245595932,0.522540271282196,0.44488051533699036,0.33777689933776855,0.27464044094085693,0.28635120391845703,24.069498389702925,15.797880317549106,17.480150411310092,20.919754053664743,20.33341411750682,20.35599618530802,22.325477178892022,0.021627869897959184,0.12312467396259308,1938.1182963921124,2854.907621572066,3624.1071428571427,0,0,Buka_baru (56).wav
-452.3568115234375,76.70101165771484,6.488680839538574,1.0611578226089478,-3.531855583190918,-7.701884746551514,0.1912199705839157,-3.840912342071533,-2.863903045654297,-1.906775712966919,-11.550792694091797,-5.567852020263672,2.298218250274658,0.5605466961860657,0.5431450605392456,0.5201143026351929,0.49629104137420654,0.5400897860527039,0.5821750164031982,0.4110189974308014,0.37248456478118896,0.40148183703422546,0.41910839080810547,0.4765840470790863,0.5078837871551514,18.08944653253553,15.722655443656514,16.425945708801514,18.515933218734176,18.787134899517707,17.30294949588924,20.72140687163703,0.016749949269480518,0.0759795680642128,4797.58667234206,4230.758867022428,8847.443181818182,0,0,Buka_baru (57).wav
-426.24761962890625,105.01658630371094,11.477582931518555,3.9168906211853027,-6.319134712219238,-11.9907808303833,-2.462982177734375,-6.6888933181762695,-0.14290717244148254,-3.3959946632385254,-19.09764289855957,-5.142107009887695,2.5530142784118652,0.4480568766593933,0.5140732526779175,0.6652180552482605,0.48086094856262207,0.4790375530719757,0.5053105354309082,0.5925918221473694,0.6944246292114258,0.5100098848342896,0.4351004362106323,0.4403741955757141,0.43999800086021423,21.635773296659607,16.77354148886561,17.496885227521258,20.043453491866146,19.09967075018204,19.50432177540235,21.673957925819057,0.015443242310725552,0.10524601489305496,4811.996756220132,3884.250265747472,8065.9749605678235,0,0,Buka_baru (58).wav
-402.3973388671875,97.63175201416016,-2.518484592437744,-2.3797903060913086,0.13468876481056213,-10.761720657348633,-5.044421195983887,-6.191821098327637,-4.977617263793945,-4.089857578277588,-12.894577026367188,-7.372295379638672,-1.0405961275100708,0.3400602638721466,0.3740357756614685,0.4410127103328705,0.7381882667541504,0.7443117499351501,0.4965936541557312,0.4078795909881592,0.3543042242527008,0.3442487120628357,0.29393553733825684,0.2723408341407776,0.29363682866096497,21.784166668397944,14.965458887679324,17.908702279450942,19.788315485851186,19.658541163219205,18.418281186431006,22.01156129501717,0.022512598656143346,0.12615108489990234,3870.8096554624576,3612.078232491594,7202.111774744028,0,0,Buka_baru (59).wav
-448.9228820800781,71.65827178955078,13.762580871582031,5.7910685539245605,2.242666482925415,-5.377808570861816,-5.53037691116333,-5.348255157470703,2.0435965061187744,3.0966875553131104,-7.547201156616211,-4.810343265533447,2.8388607501983643,0.5090172290802002,0.53570556640625,0.5300768613815308,0.6123830676078796,0.5947933793067932,0.5508584380149841,0.562289297580719,0.5197693109512329,0.40690377354621887,0.4127485752105713,0.44365015625953674,0.4571346640586853,23.81846481269519,14.244301111756318,16.00874093435322,18.08716222432921,18.924831690764115,17.08664722863059,19.38552985014647,0.019110317887931036,0.07499169558286667,4101.776517399053,4114.8580364852905,7785.5396220159155,0,0,Buka_baru (6).wav
-391.0032958984375,105.16567993164062,-8.744243621826172,-3.5034050941467285,-2.4763681888580322,-12.519327163696289,-1.778834581375122,-7.667316913604736,-4.555832862854004,1.4755499362945557,-13.372785568237305,-7.402848720550537,3.9351966381073,0.31422314047813416,0.31846582889556885,0.38338619470596313,0.5307613611221313,0.3843039274215698,0.3810586929321289,0.370303750038147,0.3383328914642334,0.3426116704940796,0.275033563375473,0.2585102319717407,0.28632351756095886,20.574390734761646,16.098406926295006,17.720032133061547,19.970900318160357,20.86004734848948,19.15130112111806,23.75252278985798,0.025500710227272728,0.13177791237831116,2579.2871938053217,3412.372508257778,5367.954545454545,0,0,Buka_baru (60).wav
-377.469482421875,138.8690948486328,1.3337993621826172,-2.567426919937134,-10.335901260375977,-14.996374130249023,2.1103410720825195,-8.883931159973145,-3.343672513961792,0.34681618213653564,-18.214771270751953,0.31903937458992004,11.793152809143066,0.30344781279563904,0.4025081992149353,0.724602222442627,0.4945995807647705,0.39945098757743835,0.48084214329719543,0.47601717710494995,0.6837671995162964,0.490875780582428,0.3416528105735779,0.31767594814300537,0.3104843199253082,22.064028683977195,15.772934887697794,17.80041354384203,20.008656438666147,19.987107515558566,19.73209770721128,26.770717252691377,0.02280991084293948,0.15473291277885437,3326.2535676452585,3122.813899874676,6092.33159221902,0,0,Buka_baru (61).wav
-437.7292785644531,91.53218078613281,14.417078018188477,1.896979570388794,2.0902345180511475,-9.519604682922363,-8.739856719970703,-1.0918939113616943,1.883913278579712,-3.140533447265625,-8.297525405883789,-2.274920701980591,1.3598968982696533,0.29726389050483704,0.28034842014312744,0.38509076833724976,0.5807971954345703,0.49327024817466736,0.48662927746772766,0.4398859143257141,0.46233120560646057,0.49146291613578796,0.34050092101097107,0.29434317350387573,0.3101842403411865,20.970685035500747,16.55556801876084,18.00579209726107,21.34764054280139,20.416899820723298,20.871360912339863,20.875953970568336,0.02477682944749216,0.06025317311286926,3108.4326864884215,3551.7651002529933,6255.020572100313,0,0,Buka_baru (62).wav
-424.57720947265625,76.86843872070312,10.735937118530273,-3.3791940212249756,0.30313238501548767,-8.085739135742188,-11.099467277526855,-1.5478981733322144,6.1440300941467285,-1.5289407968521118,-11.703751564025879,-5.80823278427124,1.0379201173782349,0.4118792712688446,0.5626726746559143,0.5040050148963928,0.4330483078956604,0.604991614818573,0.48254889249801636,0.6022140383720398,0.5759329199790955,0.41699695587158203,0.37596315145492554,0.40015554428100586,0.39607349038124084,20.09592333997169,16.85286221700732,19.546895735217976,21.963779361537465,20.90003419570892,20.556729410561417,17.99504156389602,0.019665155384349032,0.07926683127880096,4792.402535008326,4229.478018431121,8943.775969529086,0,0,Buka_baru (63).wav
-392.74542236328125,111.83526611328125,-11.283918380737305,-6.012767791748047,-2.079209327697754,-11.175453186035156,-1.3368879556655884,-7.944332599639893,-4.968138217926025,-1.0041534900665283,-17.05881690979004,-9.553228378295898,3.5765819549560547,0.22786851227283478,0.26477161049842834,0.4131951630115509,0.3648291826248169,0.4034348428249359,0.5396131873130798,0.4040936827659607,0.6255236864089966,0.5532996654510498,0.3879663944244385,0.30466750264167786,0.27025896310806274,20.52995964372247,14.912062366460292,18.48134128259687,19.929200810023445,20.26653706606213,19.021160531739277,24.40062221888483,0.029799952651515152,0.13530485332012177,3158.2342669529808,3383.449735722964,6165.167297979798,0,0,Buka_baru (64).wav
-441.0841369628906,70.12687683105469,6.056761741638184,2.688408613204956,2.923696279525757,-8.064189910888672,-6.580286502838135,-3.968484878540039,-3.8963143825531006,-6.4873127937316895,-10.959548950195312,-5.837536334991455,-1.461934208869934,0.2556411921977997,0.3301481604576111,0.371549129486084,0.3969273567199707,0.41789710521698,0.41097134351730347,0.4283229410648346,0.4450839161872864,0.35612237453460693,0.28896963596343994,0.27997809648513794,0.25950485467910767,19.956026603149116,15.440849365956355,18.274264327755002,19.26615981699411,19.330521967620207,18.36407314794187,19.469916194713278,0.020182291666666668,0.07026142627000809,2754.458087415049,3912.9592049817024,5844.608516483517,0,0,Buka_baru (65).wav
-432.6023864746094,96.0748519897461,1.9816762208938599,-2.7934656143188477,4.84405517578125,-8.909533500671387,-14.15774154663086,-9.161705017089844,1.3783230781555176,-1.4869341850280762,-13.169825553894043,-4.59616756439209,2.194283962249756,0.42727094888687134,0.5848559737205505,0.5224853754043579,0.5287801027297974,0.5864896774291992,0.5938716530799866,0.823462963104248,0.718416690826416,0.5489172339439392,0.43657779693603516,0.3956422209739685,0.3776462972164154,22.370360405813866,18.307920013759333,19.69502221823288,21.927734666369897,20.094049372970147,21.73232158424368,21.568499365194878,0.014970858134920636,0.10732100903987885,5243.14571195902,3882.4308413316376,9346.875,0,0,Buka_baru (66).wav
-482.2095947265625,55.81801223754883,2.9939558506011963,-3.20462703704834,-3.3261377811431885,-9.762332916259766,-5.388238430023193,-1.428675889968872,-3.19679594039917,-5.261497497558594,-4.766021728515625,0.2751128375530243,1.6697748899459839,0.3684699237346649,0.38234058022499084,0.38906431198120117,0.35441479086875916,0.3944755792617798,0.44224435091018677,0.4161945879459381,0.4335078001022339,0.5287529230117798,0.5749158263206482,0.4413602948188782,0.3918752074241638,16.669615718757267,10.766908046270586,13.855142606525558,16.49712412394552,18.279303833611262,18.213700537908238,19.337872196920365,0.03498359806629834,0.035849034786224365,3725.510261929226,4369.7842545763615,7603.591160220994,0,0,Buka_baru (67).wav
-468.1924133300781,59.02447509765625,6.329710483551025,6.307798862457275,2.8068783283233643,-7.476391315460205,-2.8246383666992188,-1.826705813407898,-3.8623428344726562,-5.267704486846924,-9.643675804138184,-7.158886432647705,-3.0150840282440186,0.35846081376075745,0.35243818163871765,0.3890191912651062,0.45008447766304016,0.4594849646091461,0.4776184856891632,0.46890681982040405,0.4227702021598816,0.41907942295074463,0.36171048879623413,0.37069568037986755,0.38434937596321106,19.586648139542376,11.16025726744881,15.537395280413673,15.318638539549529,16.92482222776849,16.789648307468536,18.609957480127267,0.0184134081535533,0.0478396974503994,3331.175238260068,4504.466751122124,7379.838197969543,0,0,Buka_baru (68).wav
-399.2767333984375,66.22125244140625,-19.262998580932617,-4.721670150756836,-0.3424367606639862,-16.101390838623047,-4.827906608581543,-0.1761038899421692,-4.171540260314941,-4.0952630043029785,-7.829758167266846,-2.8926889896392822,2.371567726135254,0.446393221616745,0.4856223464012146,0.4775448739528656,0.5122578740119934,0.5874175429344177,0.6513373255729675,0.5996397137641907,0.5267277956008911,0.5101543068885803,0.4590441584587097,0.4036368727684021,0.40198814868927,17.875723604953116,13.920093461773037,17.578082412048868,18.40698778139053,18.750376807188,19.309829986480977,21.852739591613986,0.02201010554941003,0.10718332976102829,4786.135657539205,4328.001021062499,9514.933628318584,0,0,Buka_baru (69).wav
-435.67156982421875,79.08538055419922,14.321367263793945,7.858181476593018,2.1428744792938232,-8.897382736206055,-5.78194522857666,-3.5497827529907227,-0.7570897936820984,-2.0960278511047363,-7.373266220092773,-1.647587776184082,0.8363611102104187,0.38624951243400574,0.41434749960899353,0.5243654847145081,0.6588498950004578,0.5571878552436829,0.4657977223396301,0.4636976718902588,0.38408151268959045,0.2710273265838623,0.27069342136383057,0.3032011091709137,0.3383382260799408,24.823550442463063,14.244746127088147,16.627599649140954,19.09672353009413,18.510859958661356,18.145680966478686,20.30048949740348,0.01885936435626703,0.08607562631368637,3500.7681012473395,4119.746941113382,7068.098603542235,0,0,Buka_baru (7).wav
-452.1346130371094,37.22922897338867,-6.798476696014404,-1.866284966468811,-1.4419572353363037,-10.048473358154297,-6.139541149139404,-4.95841121673584,-4.114850044250488,-0.4931585192680359,-2.307152509689331,-1.1554378271102905,1.891234278678894,0.5723761320114136,0.5892237424850464,0.5858412981033325,0.6157069206237793,0.7469282746315002,0.7458081841468811,0.6917355060577393,0.6790464520454407,0.6439710259437561,0.5950546264648438,0.5890688300132751,0.5664618611335754,15.049896842747993,14.62328855768646,18.032366182802793,18.206628458724555,17.4733957891132,16.983674499192908,19.38425034222158,0.01324335354477612,0.05983460322022438,7481.479380280671,5206.828922670127,13484.118470149253,0,0,Buka_baru (70).wav
-470.4148864746094,39.66591262817383,3.0713844299316406,-1.5582365989685059,0.12295282632112503,-5.740982532501221,-6.067399978637695,-2.4539976119995117,-1.5425654649734497,-3.516995906829834,-4.969138145446777,-2.494445323944092,-0.6332494616508484,0.3303177058696747,0.37331756949424744,0.413004606962204,0.4302554130554199,0.5104141235351562,0.5454046726226807,0.6270906925201416,0.5874475836753845,0.4847043454647064,0.43252289295196533,0.3826814293861389,0.33316588401794434,17.903806465671522,13.839014422742123,16.711352380011096,17.82377386764856,17.130804598250027,16.929040399799902,17.095896903262844,0.01793208352695167,0.03619788959622383,5033.179439437484,5113.808305937873,10442.669609665427,0,0,Buka_baru (71).wav
-491.9407958984375,31.28826141357422,1.192979097366333,-0.6984276175498962,0.0016592068132013083,-4.054017543792725,-1.1791300773620605,1.1581511497497559,-0.3567262291908264,-1.5606435537338257,-2.5156140327453613,-1.059248924255371,0.9207878708839417,0.5463806986808777,0.5181964635848999,0.5241233706474304,0.6138258576393127,0.6252423524856567,0.5595895051956177,0.5481191277503967,0.5328487753868103,0.6584010124206543,0.6697620749473572,0.5830135941505432,0.5482919216156006,14.245670671265904,11.733806141271863,14.782829006882482,14.992984083638795,16.073937615018817,15.577318512076223,16.754900608365748,0.016243489583333333,0.032426971942186356,5854.508322783796,5553.408076746967,12018.958333333334,0,0,Buka_baru (72).wav
-433.2449645996094,62.652286529541016,4.691257953643799,-5.875771999359131,-4.420862674713135,-11.331844329833984,-8.372823715209961,-0.3638680875301361,2.1096599102020264,-0.04022744297981262,-3.314533233642578,-2.998598098754883,-3.6469528675079346,0.37946411967277527,0.4790251851081848,0.32929521799087524,0.341025710105896,0.5060409903526306,0.5317475199699402,0.49296480417251587,0.3264535665512085,0.4061364531517029,0.5489519238471985,0.4254463315010071,0.38383007049560547,16.05749671478615,16.694587105120725,20.331190925884826,21.331284228592036,21.484142324202992,19.9750889917606,17.074189584645485,0.024985337730169973,0.07277238368988037,4308.224752374708,4208.050485983986,7889.274964589235,0,0,Buka_baru (73).wav
-409.251708984375,103.06310272216797,-11.681086540222168,-17.879810333251953,-8.438947677612305,-13.474752426147461,-4.748983860015869,-3.1468114852905273,-5.971931457519531,-9.177380561828613,-12.50196647644043,-0.30347520112991333,3.0463857650756836,0.33331194519996643,0.34143486618995667,0.3672066330909729,0.4589792788028717,0.7587968111038208,0.5422133207321167,0.3606714904308319,0.3600247800350189,0.4059068560600281,0.41904810070991516,0.352286696434021,0.32513150572776794,18.311940702244296,17.518018994376213,18.900743239335135,19.950909342708183,21.236482014131003,21.303720150049376,22.00386434993823,0.02454184960399449,0.13375556468963623,4203.633005189135,3497.2739384694046,7620.1575413223145,0,0,Buka_baru (74).wav
-443.84442138671875,88.84174346923828,-3.614164113998413,-10.670247077941895,0.3703133165836334,-5.147441864013672,-9.59647274017334,-5.637356281280518,4.754690647125244,-3.8360254764556885,-15.379820823669434,-3.6616218090057373,-4.121519088745117,0.36927899718284607,0.4324849247932434,0.48472902178764343,0.42431509494781494,0.5291808247566223,0.5280430316925049,0.7306647300720215,0.8216512799263,0.6018539071083069,0.4641852080821991,0.41017451882362366,0.3832843601703644,20.70988001423212,16.871994254718516,20.90208403766817,20.27850221757948,19.63728403414193,22.19759730494995,22.40636553869834,0.0196476514125387,0.08666481822729111,5067.60367639985,4015.2371683637098,9211.953366873066,0,0,Buka_baru (75).wav
-492.40667724609375,58.81688690185547,8.9595365524292,1.5775893926620483,3.741819381713867,-3.918771505355835,-7.270678520202637,-4.999955177307129,-2.7402939796447754,-5.376179218292236,-8.63710880279541,-5.416125297546387,-3.3535921573638916,0.5818590521812439,0.5651859045028687,0.5672444701194763,0.6087563633918762,0.622200608253479,0.6302715539932251,0.6598517298698425,0.649120569229126,0.6572173237800598,0.5923897624015808,0.5495540499687195,0.5385702848434448,17.646704907567194,12.303345796825287,15.009876459013553,14.977403098102224,16.033847687119597,16.59553588315886,17.066121612718263,0.013162478885135135,0.038731496781110764,6068.515735616003,5066.612266260458,11357.559121621622,0,0,Buka_baru (76).wav
-485.59173583984375,44.9304313659668,6.500712871551514,2.974292278289795,1.7838109731674194,-6.090264320373535,-4.807908058166504,0.12090268731117249,2.3440794944763184,-0.1854870766401291,-4.4434309005737305,-3.0089080333709717,-1.3114854097366333,0.6732128262519836,0.6550163626670837,0.6510069966316223,0.6811051964759827,0.6649313569068909,0.7001906633377075,0.7200207710266113,0.6737265586853027,0.705152690410614,0.6706911325454712,0.66371089220047,0.6954432129859924,16.27969916906514,12.206233305747034,13.700926970053107,15.002392468851447,15.910124445227499,16.1392811590432,17.13018202443944,0.01414685676070039,0.03612152487039566,7203.706329659748,5380.351609133831,13403.78769455253,0,0,Buka_baru (77).wav
-452.0060119628906,66.01764678955078,6.347229480743408,1.0873091220855713,3.342071771621704,-7.590148448944092,-8.57309341430664,-3.5808372497558594,-0.8971580266952515,-0.9171158075332642,-3.527750253677368,-3.658233880996704,-2.1140925884246826,0.5936322212219238,0.5991438031196594,0.6291065216064453,0.6612300276756287,0.7084066271781921,0.7431042790412903,0.7064896821975708,0.6514074206352234,0.6421858072280884,0.6112515330314636,0.6025188565254211,0.5928564667701721,18.27147227243979,11.89628822089438,13.204347982575861,15.32916736684626,15.710858562401098,16.90421741843925,17.586186353852177,0.01464092548076923,0.06181764230132103,6078.833045888023,4678.5098280208385,11238.221153846154,0,0,Buka_baru (78).wav
-476.79095458984375,53.77515411376953,7.429316520690918,9.02098274230957,5.243540287017822,-5.8650593757629395,-2.296740770339966,0.5308563709259033,1.5747298002243042,0.6849067807197571,-3.9290900230407715,-2.3940165042877197,-2.5752174854278564,0.6314060091972351,0.6699484586715698,0.6624228358268738,0.641472578048706,0.6216152310371399,0.6168791651725769,0.6192999482154846,0.6038315296173096,0.6483412384986877,0.6269563436508179,0.6115673780441284,0.5955835580825806,19.271043339554872,12.212000055955182,14.752732576538575,15.842911884224744,16.64725849889746,16.853739367594073,18.68555579265856,0.015100990853658536,0.050132445991039276,5753.696021658704,4829.321339751477,10919.180095818816,0,0,Buka_baru (79).wav
-459.4466552734375,50.84657287597656,10.795692443847656,3.980175733566284,1.5550779104232788,-5.1343255043029785,-4.156206130981445,-0.9293280243873596,0.782303512096405,-1.8197599649429321,-5.8129472732543945,-2.2828915119171143,1.5336759090423584,0.42439860105514526,0.478990763425827,0.523944079875946,0.520793080329895,0.4794926941394806,0.5525321364402771,0.46466371417045593,0.4491825997829437,0.41498664021492004,0.38064926862716675,0.43403881788253784,0.4277125298976898,19.369679864340622,12.12039145427233,15.961506366495385,17.306908003720288,18.336873345333096,16.0686698555794,17.635803435229676,0.01833563400689223,0.0468573234975338,4353.4834781655945,4853.136135000656,9036.06672932331,0,0,Buka_baru (8).wav
-419.38739013671875,68.39405822753906,-0.3456283509731293,1.4622881412506104,4.806539535522461,-8.89619255065918,-7.109610557556152,-0.9637115597724915,0.5252148509025574,-1.2081409692764282,-4.477408409118652,-2.6405742168426514,-2.5695931911468506,0.4742165207862854,0.4899955689907074,0.512146532535553,0.5523971319198608,0.4969131052494049,0.4464329779148102,0.47196105122566223,0.4709278345108032,0.5624125003814697,0.4963034987449646,0.4519020915031433,0.46244844794273376,19.836718617566437,12.812645418473277,15.96818212966226,17.350675440745107,18.569254048472573,18.758358268722972,19.931995026922706,0.024783426545202953,0.08522706478834152,4220.400600888354,4240.892512043586,8472.613007380074,0,0,Buka_baru (80).wav
-358.09173583984375,92.16403198242188,-21.339754104614258,-3.9480745792388916,-1.0274264812469482,-22.51396942138672,-9.952069282531738,-3.8113105297088623,-1.2970412969589233,1.4852923154830933,-9.406418800354004,-5.099106311798096,3.837904691696167,0.40050575137138367,0.4271937608718872,0.45734700560569763,0.49016809463500977,0.6356626749038696,0.6037529706954956,0.47762638330459595,0.451039582490921,0.4319572448730469,0.5777201056480408,0.49615776538848877,0.4042458236217499,17.53214767340108,14.98083159486901,18.330982347377354,19.782305029453255,19.51816720215403,19.624639110905402,23.998315994701098,0.023629127358490567,0.17887535691261292,4212.977530658314,3820.4215461074314,8350.029481132075,0,0,Buka_baru (81).wav
-469.66314697265625,42.412506103515625,2.643277883529663,1.8561636209487915,6.301027297973633,2.461874485015869,0.8030099272727966,-1.7650518417358398,-2.970757007598877,-3.1380834579467773,-4.448972702026367,-2.61942458152771,-2.0570762157440186,0.6595188975334167,0.6812043190002441,0.705661416053772,0.7201311588287354,0.7454474568367004,0.7087190747261047,0.7281926274299622,0.6908867359161377,0.6097886562347412,0.5985307097434998,0.628307580947876,0.6271571516990662,17.43735103141627,12.714986059265806,15.012761478726205,14.759880911887285,16.391706163950936,16.439940822056542,17.189777095864425,0.013654765414420485,0.03709174692630768,6671.484253648821,5019.933403206325,12107.521900269541,0,0,Buka_baru (82).wav
-462.1152038574219,54.50632858276367,1.6745660305023193,1.6362422704696655,4.654746055603027,-0.8814922571182251,-0.21077430248260498,-2.847404718399048,-3.144373893737793,-2.5842645168304443,-7.1599650382995605,-5.203362941741943,-1.4967402219772339,0.559714674949646,0.3896424472332001,0.3913654088973999,0.5548540353775024,0.45510023832321167,0.37501055002212524,0.3836919665336609,0.40084558725357056,0.46682271361351013,0.48337146639823914,0.5686713457107544,0.5938193798065186,16.85865456754619,15.147493869601442,16.73721575703258,17.368927339087726,18.497358223754123,17.676551736058354,19.235469169383393,0.018766434061488674,0.058945827186107635,4346.365155176056,4446.439965424122,8616.049757281553,0,0,Buka_baru (83).wav
-477.7762756347656,55.53599166870117,6.065476417541504,3.249093532562256,2.638054370880127,-3.9822041988372803,-3.2153801918029785,-4.339812278747559,-2.008963108062744,0.050451815128326416,-4.2701921463012695,-3.009667158126831,-2.013218879699707,0.5299118161201477,0.4690011143684387,0.475513219833374,0.6084681749343872,0.5479100346565247,0.4836198389530182,0.541684627532959,0.5461238622665405,0.5171169638633728,0.5009886622428894,0.5277231335639954,0.5359931588172913,16.91661130226877,13.975048351432832,15.90085426272859,17.662416251307956,17.252630544486976,16.45953774977572,18.75767747526774,0.019606370192307692,0.06454712152481079,4797.755308885566,4647.445726322141,9749.742445054944,0,0,Buka_baru (84).wav
-518.6224365234375,41.288673400878906,7.7395243644714355,2.5134518146514893,1.059614658355713,-3.2240467071533203,-3.056971311569214,-2.2481415271759033,-0.10264287889003754,-1.3867383003234863,-5.680618762969971,-3.9942171573638916,-2.2040622234344482,0.6285141706466675,0.6159261465072632,0.6051257252693176,0.6350381374359131,0.6566275358200073,0.6344221830368042,0.638839840888977,0.6131016612052917,0.6215968728065491,0.6079003810882568,0.6030259132385254,0.591099739074707,16.835081615597268,13.220754966351643,14.453731663947137,15.855434632761291,15.970326394272453,15.682318993204776,17.749770692762183,0.01344420133797654,0.028557131066918373,6153.42656908654,5267.763720567643,11978.899376832844,0,0,Buka_baru (85).wav
-512.21923828125,57.43290710449219,8.337838172912598,2.21867036819458,4.627728462219238,-1.2554160356521606,-3.515348434448242,-4.395146369934082,-2.780241012573242,-1.39362370967865,-5.532059192657471,-7.270156383514404,-4.842846870422363,0.5498520731925964,0.5105969309806824,0.48738738894462585,0.5109084844589233,0.5630862712860107,0.46345463395118713,0.45281562209129333,0.4625145196914673,0.5012639760971069,0.5051895976066589,0.5325271487236023,0.5562056303024292,17.356787656311326,15.37618992873321,17.839251829355835,18.67012738156882,18.35335691947987,16.97236301495007,18.117499148570634,0.014868852860501568,0.035065747797489166,4673.14402323627,4744.93100218662,9467.57445141066,0,0,Buka_baru (86).wav
-471.02301025390625,36.72504806518555,14.499277114868164,7.354504585266113,8.545931816101074,5.915111064910889,-0.4270351827144623,-3.3492085933685303,-2.026557683944702,-3.7838001251220703,-6.419679641723633,-3.708204507827759,-1.3761221170425415,0.5310604572296143,0.4858057498931885,0.4900457262992859,0.5174134969711304,0.5334957838058472,0.5556980967521667,0.58260577917099,0.6571982502937317,0.6930710673332214,0.6142343878746033,0.6696734428405762,0.6024763584136963,17.03628735254844,17.73704754659471,18.484163546374166,17.74407350062973,18.773543540900214,17.68661417980295,17.127735104924625,0.013063695507117438,0.03517667576670647,5970.688747247576,4951.193291353787,10693.171708185053,0,0,Buka_baru (87).wav
-448.4757995605469,54.584083557128906,7.002229690551758,3.544248580932617,2.37035870552063,-5.589675426483154,-6.412794589996338,-5.258447647094727,0.19966813921928406,0.5470679402351379,-5.839167594909668,-2.2748734951019287,0.2527722716331482,0.5440715551376343,0.5636634826660156,0.5592600107192993,0.5879663228988647,0.6301537752151489,0.6662707924842834,0.636199951171875,0.5463268756866455,0.5444582104682922,0.5727265477180481,0.5753765106201172,0.5362474322319031,18.690590452753217,13.95591117157905,15.947266830752449,16.77185491934382,17.474803288305072,17.702610397577686,19.084574189654727,0.020943113086510264,0.06699477881193161,5850.071383250717,4834.27482107639,11193.708760997068,0,0,Buka_baru (88).wav
-492.9511413574219,40.73959732055664,6.871577739715576,2.4930222034454346,1.281907081604004,-3.2707302570343018,-2.786953926086426,-2.5554404258728027,-0.7639284133911133,-0.7262647151947021,-4.508445739746094,-2.1134798526763916,1.268424391746521,0.6377363204956055,0.6503179669380188,0.6707761883735657,0.7323371171951294,0.8613028526306152,0.7491692900657654,0.6767846941947937,0.6093093752861023,0.6571875810623169,0.661469042301178,0.645668625831604,0.6300621032714844,17.062034626863753,13.42071866816974,14.417291073720067,15.567063495789128,16.277371113627254,15.865188092851273,17.454675219861898,0.013618099531938327,0.034786950796842575,7577.046084535089,5422.209080941961,13771.54460352423,0,0,Buka_baru (89).wav
-475.9154968261719,51.443016052246094,8.638428688049316,5.264198303222656,4.1476945877075195,-3.2305822372436523,-1.030023217201233,1.6807491779327393,1.7762954235076904,-0.07191973179578781,-4.035674571990967,-2.5348434448242188,0.6448352932929993,0.5177221894264221,0.5809070467948914,0.537621796131134,0.455302357673645,0.41869527101516724,0.3900414705276489,0.3774576783180237,0.3658428490161896,0.3453807532787323,0.386731892824173,0.46617749333381653,0.477789044380188,21.601576559513216,13.19438688041906,16.68191667632938,15.457073475605755,16.221055085108905,15.484478863660112,17.338545671886443,0.016383394281914893,0.046733416616916656,3848.9025855252194,4754.0774407053295,8663.61132218845,0,0,Buka_baru (9).wav
-520.9051513671875,36.272884368896484,5.380222320556641,4.040302753448486,4.030562877655029,-1.317191481590271,-0.2826046645641327,0.6702628135681152,0.1743825525045395,-0.6005752682685852,-2.7335240840911865,-1.6727726459503174,0.011882961727678776,0.6125343441963196,0.6411589980125427,0.6797295808792114,0.7764502167701721,0.771622896194458,0.6864282488822937,0.6362172961235046,0.587142825126648,0.6162883639335632,0.5738899111747742,0.5914868712425232,0.5907716155052185,17.86655821439555,12.050574205137687,12.064180517192444,14.211872097602695,15.482131701768383,15.448330533405029,16.508864512153256,0.016840025436046513,0.02278444543480873,6452.304290784035,5452.949346786167,12546.693313953489,0,0,Buka_baru (90).wav
-457.4440612792969,54.20220184326172,-4.110076904296875,-1.2423361539840698,5.582277297973633,-2.4202942848205566,-3.365819215774536,-3.929354667663574,-3.005861282348633,-1.9958863258361816,-6.800480365753174,-5.9047532081604,-1.3441842794418335,0.5419270396232605,0.5544164180755615,0.5877148509025574,0.6713467836380005,0.7201412320137024,0.7122501730918884,0.6464974284172058,0.6369470953941345,0.6809426546096802,0.6134695410728455,0.5782462954521179,0.5480453372001648,18.180255912352564,16.566396704606543,17.936397315927593,18.404158218130313,18.372599835837462,17.90514045933889,19.84386933921338,0.01625922509225092,0.06526930630207062,6761.3757097359085,4751.704225026928,12051.54520295203,0,0,Buka_baru (91).wav
-492.0461730957031,38.082916259765625,4.1674699783325195,-0.07721472531557083,3.5894620418548584,0.4402165114879608,-3.327930212020874,-3.3141496181488037,-0.28905418515205383,-1.52859365940094,-4.2424702644348145,-2.910191297531128,-3.3017778396606445,0.5669185519218445,0.5820519924163818,0.6403366923332214,0.5899564623832703,0.6316399574279785,0.685126543045044,0.6660277843475342,0.6437394022941589,0.6221751570701599,0.6447116136550903,0.7091202139854431,0.6485278010368347,16.808511958963678,15.172656106533925,16.10591538480249,16.09815832160948,17.42898735153837,16.763323887143425,17.157393643476563,0.013164757974777449,0.03372641280293465,6958.22242114685,5489.315091190612,13081.463278931751,0,0,Buka_baru (92).wav
-479.0640869140625,34.60410690307617,12.127163887023926,6.64145040512085,3.211151123046875,0.13093312084674835,0.19175361096858978,-0.7514313459396362,0.11085306853055954,-0.6247431635856628,-3.6269338130950928,-1.6585824489593506,0.31298887729644775,0.6998868584632874,0.7168857455253601,0.7417363524436951,0.77201247215271,0.8002545237541199,0.7854263186454773,0.7331643104553223,0.6662352681159973,0.6500452160835266,0.6359671950340271,0.6552457809448242,0.677260160446167,16.81400247364272,11.533258036012201,12.824581929849684,13.680770029705993,14.657575025664572,14.91014367199384,16.674353353764158,0.012921403818093384,0.03310965746641159,7278.278145030004,5554.918379153927,13656.94917315175,0,0,Buka_baru (93).wav
-411.02789306640625,99.52881622314453,17.835235595703125,11.709651947021484,12.634103775024414,-0.9910537600517273,-5.573870658874512,-8.004461288452148,-3.4642369747161865,-0.45250430703163147,-8.89608383178711,-9.116386413574219,-4.51685094833374,0.2814425826072693,0.2827959954738617,0.35465335845947266,0.5555455684661865,0.4473450779914856,0.4969879686832428,0.5172916650772095,0.48224949836730957,0.48482534289360046,0.4245035946369171,0.34214240312576294,0.28682440519332886,23.897871554552836,17.27253046956728,19.439282275942396,20.063390469156776,20.766339708464926,19.653105413687346,22.431643330192014,0.020743373103035145,0.13035768270492554,2947.83646700457,2959.8278363698955,5667.681709265175,0,0,Buka_baru (94).wav
-461.0283203125,66.0035400390625,9.989839553833008,2.433772563934326,7.0737786293029785,2.158233642578125,-1.1465691328048706,-1.2495033740997314,-0.05529989302158356,-3.4651808738708496,-7.29040002822876,-4.4521965980529785,-4.63168478012085,0.5076935291290283,0.5685033798217773,0.6577697992324829,0.6333752274513245,0.6084690093994141,0.5858445167541504,0.6227965354919434,0.6093297600746155,0.6125483512878418,0.5681785345077515,0.5357426404953003,0.5019952058792114,19.485071733080506,15.980339173127316,16.939594715513493,17.388107582342453,19.11478380999336,18.834968445583165,19.323699513357038,0.013840078908862876,0.07044943422079086,5507.925160790649,4302.843364649122,10069.110576923076,0,0,Buka_baru (95).wav
-424.74688720703125,67.79589080810547,-5.131823539733887,-9.472756385803223,0.14523658156394958,-9.5511474609375,-11.991607666015625,-3.429903030395508,1.032578945159912,-4.668294906616211,-7.948812007904053,-1.692312479019165,-0.3403244912624359,0.6133759617805481,0.6171773672103882,0.6614835262298584,0.8117566704750061,0.7305716276168823,0.6461718082427979,0.6486054062843323,0.6630545258522034,0.7829234600067139,0.6313576102256775,0.5867754817008972,0.5856049060821533,17.932169134175506,14.835637900668486,16.751197930936375,17.768441751230544,17.679581179156543,18.87079927732491,19.384328897826933,0.013112969529301745,0.08910723775625229,7062.468803253478,4749.912269517403,12419.244856608479,0,0,Buka_baru (96).wav
-458.0032653808594,78.83948516845703,11.547341346740723,3.718482255935669,6.275644302368164,-2.588775157928467,-5.231853008270264,-2.4436566829681396,-0.12671959400177002,-8.196416854858398,-14.931329727172852,-5.137575149536133,-1.3991936445236206,0.506243884563446,0.6456254720687866,0.6070074439048767,0.5597444772720337,0.6900155544281006,0.6111547946929932,0.7405568957328796,0.6930556893348694,0.6278521418571472,0.5340428352355957,0.5123884677886963,0.47861558198928833,22.09936013068013,18.52199175023349,20.334269321322164,19.230796045857552,18.947252901600844,20.211626019058954,19.94046126418199,0.013607946529345372,0.07576484978199005,5708.68464605839,4192.683792506172,9923.162387133183,0,0,Buka_baru (97).wav
-403.25048828125,97.19437408447266,4.198339939117432,1.3589006662368774,2.733751058578491,-14.856856346130371,-17.287099838256836,-12.092259407043457,-0.3270675539970398,1.6505581140518188,-10.08175277709961,-5.821305274963379,-0.15052646398544312,0.3991175889968872,0.41173216700553894,0.46877771615982056,0.6989969611167908,0.6692727208137512,0.4474550187587738,0.401308536529541,0.4295320212841034,0.5835373401641846,0.5852811932563782,0.4811314344406128,0.4076590836048126,18.44687895518053,16.244414529890037,18.07427403804484,21.41582216529654,19.76821376624174,19.923934665431027,23.17748860469173,0.02097841225626741,0.1277865767478943,4192.053468055954,3501.9861042640578,7744.951253481894,0,0,Buka_baru (98).wav
-375.4370422363281,90.59754180908203,-6.178011417388916,-4.589154243469238,-3.5883731842041016,-20.58614730834961,-14.578454971313477,-7.7762064933776855,-3.8004095554351807,-3.873654365539551,-10.883123397827148,-3.5817418098449707,4.236530303955078,0.4447500705718994,0.4140905439853668,0.4208259582519531,0.45556336641311646,0.6375018954277039,0.8506739139556885,0.6070414185523987,0.42288434505462646,0.38443171977996826,0.398764044046402,0.4567199647426605,0.45428431034088135,16.706269086982818,17.124400623133536,19.929428968261767,19.1725025132791,20.370065418216914,20.316126544771794,23.159951413982746,0.01632698524535809,0.1546846330165863,4852.054524646948,3683.5088406468763,8564.199270557028,0,0,Buka_baru (99).wav
-362.8902282714844,129.6270751953125,49.44956970214844,36.29678726196289,21.96692657470703,11.630855560302734,3.8157758712768555,6.011228084564209,7.1364312171936035,0.7336829304695129,1.3972241878509521,9.57599925994873,2.5976626873016357,0.8337478041648865,0.7124736309051514,0.6311904788017273,0.6581205129623413,0.6288207173347473,0.63250732421875,0.6253787279129028,0.633515477180481,0.6583086252212524,0.6936967968940735,0.7636961936950684,0.7888551354408264,16.101116593106532,9.262096068445002,12.759507402033819,15.865450396852543,15.090092379431857,16.78517635600856,19.869123692548992,0.009840745192307692,0.07116877287626266,1516.1323226080915,3377.711549515143,2120.8233173076924,0,1,tutup1 (1).wav
-350.61346435546875,148.79347229003906,38.45759963989258,47.09492874145508,12.854856491088867,16.73790168762207,-13.349150657653809,13.767535209655762,8.116134643554688,-5.181664943695068,0.044106725603342056,11.498835563659668,-1.699623465538025,0.7748156785964966,0.6083500981330872,0.5730161666870117,0.6571117043495178,0.6883604526519775,0.6028687953948975,0.47929880023002625,0.5145161747932434,0.6122916340827942,0.6321007609367371,0.7322227954864502,0.7843735218048096,15.924942988873513,10.60766680350716,14.090820134154095,17.932960466339452,15.935578996597439,19.201145562561514,24.346596088544988,0.01779679008152174,0.06849033385515213,1823.608757505891,3492.9442558184965,3656.4315132472825,0,1,tutup1 (10).wav
-338.27301025390625,117.66835021972656,44.50511932373047,39.36154556274414,19.789424896240234,10.482295036315918,3.2260830402374268,5.896366596221924,7.549144268035889,0.45890381932258606,0.45907455682754517,7.4120893478393555,1.2013967037200928,0.7909111380577087,0.6546124815940857,0.6179895401000977,0.6303576231002808,0.5880502462387085,0.6151028871536255,0.6550344824790955,0.6467922329902649,0.6408888101577759,0.6872357726097107,0.7568936944007874,0.7524741291999817,16.098821864311013,10.033689184664055,13.00323496403512,14.851598574873892,14.348386675716743,16.704348774534555,20.172069379412182,0.010001046316964286,0.09630683809518814,1474.4415366612309,3209.278899372083,2055.3634643554688,0,1,tutup1 (100).wav
-299.3627014160156,143.3560791015625,34.06058883666992,47.36368179321289,14.965676307678223,6.188356876373291,-16.375873565673828,8.343316078186035,10.404790878295898,-7.021371364593506,-6.041358947753906,13.630852699279785,-1.5399394035339355,0.6056868433952332,0.5034905672073364,0.5081875324249268,0.666631817817688,0.6303575038909912,0.4902597665786743,0.4406229257583618,0.5008399486541748,0.5073086023330688,0.5501623153686523,0.7508503794670105,0.7444205284118652,16.173848301285616,12.353683187921668,15.614804660686222,19.78342406851409,17.36014468926216,21.29120338162648,26.033909518017268,0.017755038496376812,0.11795569211244583,1783.2963410289185,3239.5686410378053,3505.4390285326085,0,1,tutup1 (11).wav
-288.8955383300781,142.5297393798828,30.73079490661621,49.19378662109375,13.702857971191406,5.898706912994385,-10.901870727539062,4.971144676208496,9.629268646240234,-4.4425506591796875,-7.155050754547119,12.628372192382812,-1.1223782300949097,0.6387895941734314,0.5179711580276489,0.5994868874549866,0.7522577047348022,0.6712369322776794,0.5147770643234253,0.45303913950920105,0.5430519580841064,0.5273905396461487,0.603709876537323,0.7954192757606506,0.7219173908233643,16.948486626033475,12.114391565963466,14.721757826237035,19.07172345135047,16.56983415210689,19.472831762925498,24.50771785436419,0.015492662091121495,0.16028019785881042,1690.65439474995,3159.188047962196,3036.785375292056,0,1,tutup1 (12).wav
-195.36236572265625,150.0909423828125,38.84770202636719,51.85953903198242,14.64494800567627,20.319826126098633,-6.730143070220947,16.079023361206055,5.093687057495117,-1.8062117099761963,2.565009355545044,13.978271484375,-0.8642401099205017,0.7978965044021606,0.6546690464019775,0.5992367267608643,0.7088649868965149,0.7086543440818787,0.6156421303749084,0.5266249775886536,0.5413815975189209,0.6190560460090637,0.7003135681152344,0.774016261100769,0.8009575605392456,15.597160340412259,9.144621538290078,12.949509622072952,16.860487832477325,15.361717392463358,17.661942987629093,21.66452252493458,0.015270305129716982,0.21884192526340485,1660.6010688134158,3519.8834828814615,2826.0297667305426,0,1,tutup1 (13).wav
-218.333251953125,152.45370483398438,40.45353698730469,49.97174072265625,13.949271202087402,20.5950870513916,-8.142560005187988,13.037239074707031,8.056999206542969,-1.594058871269226,-1.1725480556488037,13.416304588317871,-1.293452262878418,0.7915276885032654,0.6081674695014954,0.6133056282997131,0.6956103444099426,0.6545459628105164,0.5880862474441528,0.4883430302143097,0.5090103149414062,0.5837551355361938,0.7044413685798645,0.8161407709121704,0.7922158241271973,15.646552955880999,9.20868901576992,13.573783782053471,17.150171614539605,14.849909395077244,18.145364678774794,21.751672931943695,0.016173756450688075,0.18292637169361115,1640.089044425705,3482.15109533365,2715.949326261468,0,1,tutup1 (14).wav
-348.10870361328125,142.79127502441406,44.270782470703125,38.95492172241211,16.60617446899414,14.063026428222656,-9.734838485717773,13.360158920288086,9.467305183410645,-2.6384735107421875,-4.821654796600342,12.018094062805176,-3.227477788925171,0.8290382027626038,0.6449760794639587,0.5563799142837524,0.6240444183349609,0.5865066647529602,0.5594705939292908,0.4943288266658783,0.5118763446807861,0.5514666438102722,0.6518135666847229,0.776155412197113,0.7924159169197083,15.892679137098147,10.422301063183431,14.379802325147187,17.238961200025315,15.979285496489984,19.291275203613413,23.713458483622944,0.017230373475609757,0.06562171876430511,1875.0929783318588,3632.3962223023223,3601.8221227134145,0,1,tutup1 (15).wav
-307.9573059082031,145.03236389160156,40.16874694824219,47.37234878540039,16.303083419799805,6.724023818969727,-23.05605125427246,3.063690185546875,14.10403060913086,-5.32741641998291,-10.266271591186523,14.414729118347168,-1.0577125549316406,0.5342869758605957,0.4695604145526886,0.46223825216293335,0.4398372769355774,0.46478086709976196,0.48990321159362793,0.45022135972976685,0.6079972386360168,0.8077081441879272,0.698985755443573,0.5606939196586609,0.547575056552887,16.13386041852636,11.813598994966101,15.293336878019323,18.399954209465218,17.162658321184747,20.609044717783526,25.761959389662128,0.014767208614864864,0.1270003765821457,1629.4847804278347,3204.24885030699,2857.368757918074,0,1,tutup1 (16).wav
-316.43499755859375,121.91130828857422,48.72904968261719,41.03986740112305,14.80664348602295,12.97674560546875,-12.981861114501953,11.266279220581055,7.324650764465332,2.821202039718628,-5.719198226928711,11.590496063232422,1.4454841613769531,0.7136328816413879,0.5358641147613525,0.5572094917297363,0.5273805260658264,0.6048876643180847,0.6505532264709473,0.5981912016868591,0.6119745969772339,0.6334286332130432,0.6645573973655701,0.6954541802406311,0.7798174619674683,16.524621788580646,10.596633977844057,15.037093643080501,18.94089551277671,16.567407123555167,18.91433604457438,24.341911713428786,0.02278338738207547,0.10111822187900543,2595.5300579194877,4201.837867647422,6104.459942511792,0,1,tutup1 (17).wav
-363.95953369140625,149.0074920654297,38.390953063964844,31.261014938354492,19.24348258972168,15.15048885345459,-2.8676412105560303,7.72599983215332,10.458837509155273,-1.1020960807800293,0.895790159702301,7.069150924682617,-0.9151125550270081,0.7898175120353699,0.6908363103866577,0.6172773241996765,0.6302092671394348,0.576249361038208,0.5775359272956848,0.5768899917602539,0.5975789427757263,0.6685744524002075,0.781749427318573,0.7999460697174072,0.7723724246025085,15.842245589685437,9.777951340702309,13.848357900467027,15.762245805286316,14.979038993681844,17.455361445635862,22.097466922248998,0.012595303087349397,0.06177113577723503,1586.11941429542,3322.8715371867393,2647.373282191265,0,1,tutup1 (18).wav
-245.07623291015625,158.7567138671875,35.92426681518555,45.37682342529297,18.133098602294922,17.64725685119629,-7.11574649810791,14.55663776397705,8.3917818069458,0.7696330547332764,2.724677324295044,10.90160083770752,-2.427553176879883,0.8451590538024902,0.7993403673171997,0.6643838882446289,0.6349514722824097,0.5768706798553467,0.5827143788337708,0.613315999507904,0.599033534526825,0.6338329315185547,0.7367262840270996,0.8220347762107849,0.7924317717552185,15.494663509535616,9.034465350518774,13.227051100937786,16.792225664706077,14.855584473986625,17.825210573115406,20.749797285711086,0.01305774806701031,0.14869046211242676,1471.8074057399754,3306.234497678977,2029.8928801546392,0,1,tutup1 (19).wav
-354.1219787597656,150.69483947753906,32.92841720581055,41.47747039794922,16.81812286376953,16.089448928833008,-7.280331611633301,12.383489608764648,9.736594200134277,-3.175093412399292,1.661316156387329,8.439096450805664,0.8157514929771423,0.8125334978103638,0.6707375049591064,0.6578481793403625,0.6904090046882629,0.6371378302574158,0.5911935567855835,0.5197480320930481,0.5396000146865845,0.6335224509239197,0.7611485719680786,0.8275519609451294,0.7984021902084351,15.964538932245413,9.676181571474402,12.816656807187107,16.075134556172742,15.202034741568067,18.145222274317206,22.60846218298895,0.014716189443779904,0.06376826018095016,1729.9474879010975,3443.51858297237,3079.7631952751194,0,1,tutup1 (2).wav
-390.0171813964844,155.63128662109375,42.384117126464844,38.23451232910156,21.49003028869629,11.423796653747559,-7.243971347808838,9.298483848571777,10.869489669799805,-3.1789567470550537,1.0344955921173096,9.216757774353027,-1.897598385810852,0.7782374024391174,0.6415033340454102,0.5888515114784241,0.5929038524627686,0.551608145236969,0.5304152369499207,0.47810548543930054,0.5298678874969482,0.6927769184112549,0.7111330628395081,0.7509600520133972,0.8024942278862,15.386672167756,9.68438433310122,14.202799238139708,16.88725379259999,15.123157856256451,18.549274349165096,21.33794789804733,0.011925029244652406,0.04747901111841202,1476.6882476958012,3233.7503748001336,2219.762334976604,0,1,tutup1 (20).wav
-251.66763305664062,135.88623046875,26.051664352416992,53.19296646118164,14.412546157836914,2.4740233421325684,-16.09536361694336,2.2493584156036377,7.691981792449951,-7.139747619628906,-10.39251708984375,11.857053756713867,-1.1442055702209473,0.4897567629814148,0.5079071521759033,0.6038054823875427,0.48382678627967834,0.3997805118560791,0.4036506116390228,0.39763695001602173,0.46384716033935547,0.7258076667785645,0.7854785323143005,0.6108967661857605,0.5378705859184265,17.05023443753612,13.785949053997642,17.1965672676727,18.53579718077489,17.67639430168673,21.14037532551137,24.84874084197984,0.016785588096733667,0.22783614695072174,1727.9634230519089,3167.7319446452666,3200.764565012563,0,1,tutup1 (21).wav
-243.15243530273438,125.71923065185547,5.385897636413574,52.27618408203125,10.448613166809082,-2.3536927700042725,-11.311384201049805,-3.4891180992126465,7.692993640899658,-10.922090530395508,-11.727775573730469,8.201401710510254,-3.4690754413604736,0.45795613527297974,0.5013694763183594,0.6093152165412903,0.4944423735141754,0.4121866226196289,0.39645230770111084,0.40134453773498535,0.4235300123691559,0.68157559633255,0.7837515473365784,0.5855697989463806,0.5158754587173462,17.355305636788398,14.612935881404299,17.55560212948727,19.186257917856846,17.69867450862828,20.8285917849284,25.805874821560593,0.021324837561881187,0.26732468605041504,1815.511770838416,2904.2204500924113,3421.8604965965346,0,1,tutup1 (22).wav
-280.1718444824219,109.2604751586914,16.433143615722656,41.86878967285156,14.126057624816895,1.5965912342071533,-2.3643546104431152,1.260985255241394,6.666024684906006,-6.189737796783447,-7.763723373413086,5.694008827209473,-2.492612838745117,0.552562952041626,0.5158116817474365,0.5664889216423035,0.5299422740936279,0.4864788353443146,0.46056193113327026,0.4655357897281647,0.537956953048706,0.7144410610198975,0.8031017184257507,0.7232668995857239,0.6633251309394836,17.538959574681346,12.283272643328674,15.36050045910114,17.195210147504874,16.1014020329556,18.15884071240507,24.72686178263304,0.021074487528669725,0.192440465092659,1832.6530926194114,2975.049659571949,3144.440313216743,0,1,tutup1 (23).wav
-243.0932159423828,154.9576416015625,38.38943099975586,45.54074478149414,16.318344116210938,18.517568588256836,-10.218598365783691,13.338055610656738,8.115303993225098,1.846081256866455,3.240247964859009,13.621068954467773,-2.09586501121521,0.8230140209197998,0.6386788487434387,0.6558842658996582,0.6589361429214478,0.6342363357543945,0.6009584665298462,0.5542858839035034,0.5802619457244873,0.706972062587738,0.832737922668457,0.8382036685943604,0.8347582221031189,15.488192749631413,9.326975717566063,12.869784742902812,17.752752110790038,16.229058468397366,18.42927928267784,21.44537366657914,0.01305379746835443,0.14997123181819916,1611.3823400697654,3476.960597592967,2605.0632911392404,0,1,tutup1 (24).wav
-255.00784301757812,154.65826416015625,38.76693344116211,48.61740493774414,14.535360336303711,16.638628005981445,-12.153178215026855,16.2313289642334,9.586538314819336,-1.0762687921524048,-0.9012131690979004,11.819511413574219,-3.2884719371795654,0.8150208592414856,0.6320065855979919,0.5612131357192993,0.6160374283790588,0.588559091091156,0.532931923866272,0.47085151076316833,0.48958349227905273,0.553378701210022,0.6348820328712463,0.8133477568626404,0.868777871131897,15.466910956016442,9.660742429389586,14.93265461683168,18.023024925000936,15.74050891740698,19.137350576869594,22.603831300697834,0.013347026730371902,0.14585183560848236,1605.2672941410497,3411.782714829248,2618.4197039643595,0,1,tutup1 (25).wav
-276.104736328125,152.83010864257812,44.90407943725586,47.22761154174805,15.904672622680664,19.017250061035156,-9.66511058807373,16.102157592773438,8.576160430908203,-1.0015385150909424,2.466132879257202,11.509889602661133,-1.328370451927185,0.8329765796661377,0.6568780541419983,0.6384488344192505,0.727777898311615,0.6798656582832336,0.5820570588111877,0.5064973831176758,0.5411500930786133,0.6162092089653015,0.6963965892791748,0.8361541032791138,0.8614808320999146,15.486008330164482,9.442277698466825,13.569768739141852,17.383859453660172,15.596110285580828,18.158207498527435,21.958978469841473,0.013305181571146246,0.11831127852201462,1573.8920397907941,3467.6681270994663,2325.9263833992095,0,1,tutup1 (26).wav
-344.84490966796875,144.32728576660156,43.98637771606445,40.78958511352539,19.84463119506836,13.284433364868164,-7.1006269454956055,10.11143970489502,8.10118579864502,-2.1269547939300537,-0.6183508038520813,11.235288619995117,-1.72092866897583,0.6694285273551941,0.5891128778457642,0.6548247337341309,0.6010385751724243,0.5491451621055603,0.5065100193023682,0.5249127745628357,0.5665600299835205,0.668656587600708,0.851131021976471,0.8346421718597412,0.7977998852729797,15.784743492303354,10.1386654295844,13.842387917429399,16.944486843530886,15.503786133576506,18.43117719098621,22.971516530498413,0.013042581492456896,0.07702899724245071,1650.6723642469767,3450.3355654520133,2578.044181034483,0,1,tutup1 (27).wav
-345.2964782714844,147.46078491210938,38.40373992919922,34.58583068847656,18.631568908691406,9.439984321594238,-8.153865814208984,12.228354454040527,8.505427360534668,-1.974166750907898,-0.721900999546051,10.271014213562012,-2.2170259952545166,0.7511327266693115,0.5847179293632507,0.6040927171707153,0.5888039469718933,0.5443592667579651,0.508817732334137,0.4895758032798767,0.5333591103553772,0.6629886031150818,0.8122429251670837,0.8534989356994629,0.8177916407585144,16.16620259147526,9.699420674680681,14.292911696640273,17.03010505982512,15.587236389405076,18.94387143534957,23.372254267240415,0.013683391067216982,0.07817918062210083,1680.2701785642457,3427.6128449268094,2675.50048828125,0,1,tutup1 (28).wav
-349.3958435058594,141.44033813476562,39.95216369628906,39.49873733520508,18.00682258605957,8.670365333557129,-9.406644821166992,10.591231346130371,9.926040649414062,-2.217494010925293,-1.913799524307251,10.159579277038574,-2.4091217517852783,0.7519373297691345,0.5697926878929138,0.6087352633476257,0.592313289642334,0.5632601380348206,0.5175521373748779,0.49185842275619507,0.5374406576156616,0.6736050248146057,0.7911614179611206,0.7974292635917664,0.8312698602676392,17.07957324221392,10.795098119632865,14.533483641834158,18.092099574770423,15.806046277447358,18.990774200103527,23.187716675581733,0.013994280801435407,0.0897822231054306,1614.3532383528589,3323.076451250812,2507.6393821022725,0,1,tutup1 (29).wav
-318.47467041015625,147.54234313964844,42.18588638305664,38.63053894042969,16.502559661865234,13.589370727539062,-9.544301986694336,12.817604064941406,8.684990882873535,0.22897951304912567,-1.130284309387207,10.102071762084961,-0.4432627856731415,0.8140183091163635,0.6730506420135498,0.5764164924621582,0.6399983167648315,0.6592812538146973,0.6581600308418274,0.5710158944129944,0.5223613977432251,0.5865016579627991,0.6663931608200073,0.7423512935638428,0.7976164221763611,16.23230034632735,10.066386121228549,13.532415222735011,17.397299212875527,14.937910327826176,18.532501965197046,23.2490496388368,0.013736364976415094,0.09156687557697296,1749.8051463072545,3454.5478271198403,2902.7164099351417,0,1,tutup1 (3).wav
-327.2864990234375,140.85629272460938,38.43770217895508,42.51307678222656,18.30010414123535,6.898815155029297,-9.810260772705078,5.7687554359436035,8.72663402557373,-3.7636966705322266,-2.1502671241760254,12.20964527130127,-0.8075771331787109,0.7008101940155029,0.5497958064079285,0.503506600856781,0.5518404841423035,0.6091910004615784,0.6883235573768616,0.5386048555374146,0.46851271390914917,0.5557831525802612,0.6112604737281799,0.6642668843269348,0.6954211592674255,17.12767038505289,12.057354057904664,15.056654958193864,17.884216912749103,15.900716040511753,18.67301482287879,24.01133858647035,0.015504474881329115,0.12647005915641785,1664.7016752461539,3266.1183125245975,2889.128943334652,0,1,tutup1 (30).wav
-338.0312194824219,147.82232666015625,31.454721450805664,34.929378509521484,22.208629608154297,7.725774765014648,-10.375452041625977,7.614950180053711,10.373456001281738,-1.3108031749725342,-2.841336965560913,8.912667274475098,-0.8126969933509827,0.7585856914520264,0.6102004647254944,0.5579730868339539,0.5838084816932678,0.5620381832122803,0.5677911043167114,0.5010172724723816,0.48348137736320496,0.60306316614151,0.7351526618003845,0.7178859114646912,0.7276342511177063,16.34546440200402,10.759048399374029,14.255002511920154,17.203354351769825,15.034264796458343,19.65765307391906,23.041558961741174,0.015057922040343915,0.08195406943559647,1649.377158104933,3252.445303299939,2986.8489583333335,0,1,tutup1 (31).wav
-271.3372497558594,158.89820861816406,19.069904327392578,30.72332191467285,18.605182647705078,18.853641510009766,-12.825579643249512,11.142309188842773,15.015127182006836,-1.606034278869629,-4.606487274169922,8.68067455291748,-1.9481467008590698,0.7386037707328796,0.6819438934326172,0.6171293258666992,0.5931925177574158,0.5693277716636658,0.5128760933876038,0.4817661643028259,0.4783380627632141,0.5032485723495483,0.5662082433700562,0.6463931798934937,0.6347334384918213,15.928357515090731,11.07888213998834,14.382386810435754,17.25308100615135,16.15763954323933,20.452329309913885,22.976017530425136,0.01990630661231884,0.1053265705704689,1778.567894082032,3321.374666523999,3277.7280061141305,0,1,tutup1 (32).wav
-292.11627197265625,158.04934692382812,25.347776412963867,35.95490646362305,15.010708808898926,21.765897750854492,-7.894183158874512,12.380568504333496,12.122666358947754,-1.4872781038284302,-3.253161907196045,10.151266098022461,-3.189876079559326,0.8555121421813965,0.7207499742507935,0.6384996175765991,0.630068302154541,0.6340150237083435,0.5804725289344788,0.473479300737381,0.505725622177124,0.5859541893005371,0.6442476511001587,0.7155064344406128,0.7575470805168152,15.578685589667636,9.948346841229235,13.534151777574085,16.15699749778526,15.075628063724524,18.78951015433598,22.129270455317688,0.01803504873853211,0.08861279487609863,1700.3747633369385,3396.7461215880007,2598.3069183629586,0,1,tutup1 (33).wav
-309.2112121582031,154.12510681152344,27.51836585998535,39.11884307861328,15.4710054397583,20.062397003173828,-6.656472682952881,11.8724946975708,9.412144660949707,-0.40161797404289246,1.489410161972046,7.922190189361572,-0.5299044251441956,0.8386861085891724,0.6961963772773743,0.6485845446586609,0.6157720685005188,0.573402464389801,0.5616296529769897,0.5509257912635803,0.5922433137893677,0.6937421560287476,0.7851012349128723,0.8174868226051331,0.7930074334144592,15.622891722665072,9.35849055360049,13.107834145657026,16.402632734533434,15.225662940766126,17.73683629075592,22.01921714637056,0.013669695172991072,0.08541137725114822,1703.0103390129611,3481.8796513365296,2940.3396606445312,0,1,tutup1 (34).wav
-365.0113525390625,147.65151977539062,39.29342269897461,33.94011688232422,21.493488311767578,13.537657737731934,-3.527331590652466,11.250177383422852,9.417431831359863,-2.743988513946533,3.161144495010376,8.067185401916504,-1.3637384176254272,0.7482143044471741,0.6266613006591797,0.6694491505622864,0.6196242570877075,0.6154206395149231,0.5955260992050171,0.5650141835212708,0.5949597358703613,0.6953541040420532,0.837860107421875,0.8228652477264404,0.8475925922393799,15.70866452237384,9.342476786115888,12.86730495943493,15.99862673601829,15.048120524285029,17.592644022880645,21.985106033854546,0.013034700812780268,0.05812869966030121,1630.805168819361,3423.9318269897562,2680.0630167460763,0,1,tutup1 (35).wav
-366.1611022949219,138.9593963623047,48.04880905151367,34.205692291259766,21.232816696166992,9.628510475158691,0.19659052789211273,10.171443939208984,6.220480442047119,0.010332292877137661,0.24412165582180023,9.188407897949219,-0.5705729722976685,0.8831344842910767,0.7141714692115784,0.6323755383491516,0.6762855052947998,0.6348885893821716,0.5951582193374634,0.5373251438140869,0.5467481017112732,0.6100842356681824,0.6966961026191711,0.8280931115150452,0.8742969036102295,16.177605205601356,9.132734906749885,12.79436315490657,15.943420921207775,14.078303899820906,17.675562773814008,21.76475170937841,0.012230797151548673,0.06483764201402664,1554.9294990419166,3363.679459577687,2398.093758642146,0,1,tutup1 (36).wav
-372.18719482421875,146.14291381835938,43.49129104614258,37.14658737182617,21.034116744995117,17.37225341796875,-4.020880699157715,7.511773586273193,9.651834487915039,0.23213805258274078,2.878970146179199,8.47141170501709,-0.7378156781196594,0.76650470495224,0.6448518633842468,0.6946514248847961,0.6558840870857239,0.6168164610862732,0.5568124055862427,0.5461201667785645,0.6140434145927429,0.7200028896331787,0.8417045474052429,0.8781608939170837,0.8994130492210388,15.567908537422616,8.928745458522458,12.29593236499295,15.937725341176684,14.319191737336391,17.084813866845572,22.35556506459496,0.011811933444656489,0.05309055745601654,1581.0510450232578,3357.695339436303,2641.844584923664,0,1,tutup1 (37).wav
-337.8915100097656,144.0509796142578,44.73286819458008,33.450843811035156,19.237564086914062,15.275151252746582,-6.174838066101074,10.32718276977539,9.644576072692871,-0.6979326009750366,1.507583737373352,7.874599933624268,-2.6708831787109375,0.7538975477218628,0.6074144244194031,0.6385855674743652,0.6089697480201721,0.5892707109451294,0.5370485186576843,0.5282602906227112,0.591684877872467,0.7048253417015076,0.8227849006652832,0.8454316258430481,0.89015793800354,16.108469689109878,9.637130362293178,12.950779066654981,15.872806943055418,14.984574036025522,18.21597663093765,23.051476927434027,0.014217024347389558,0.08152791857719421,1647.9466850145413,3411.564697264135,2804.9375235316265,0,1,tutup1 (38).wav
-356.8218078613281,143.81005859375,44.99541473388672,32.59718704223633,20.54621124267578,13.348807334899902,-1.849981427192688,9.048304557800293,8.596770286560059,0.6719253659248352,-0.46633851528167725,8.6021146774292,-0.18973194062709808,0.8676902055740356,0.7036977410316467,0.630669891834259,0.662436842918396,0.616026759147644,0.5983603596687317,0.5496878623962402,0.5620638132095337,0.6442393064498901,0.7562018036842346,0.8417482972145081,0.8391677737236023,16.116359757892724,9.110520151775233,12.810775390488963,16.08970696936686,14.73244237524156,17.40113546428391,22.032716514835077,0.011647341279644268,0.07307298481464386,1454.5496906607757,3189.594538147321,1988.7147202322135,0,1,tutup1 (39).wav
-374.0441589355469,150.20965576171875,47.22346115112305,39.01167297363281,20.804624557495117,18.58062171936035,-7.358682632446289,9.822432518005371,7.956296443939209,-2.8932342529296875,2.7018239498138428,7.875718593597412,2.694972276687622,0.8258025050163269,0.675386905670166,0.6359564065933228,0.668945848941803,0.6418383717536926,0.6173062920570374,0.5532691478729248,0.5401774048805237,0.6126250624656677,0.7099788784980774,0.8195611238479614,0.8114464282989502,15.499715799814958,9.245136979460122,12.394613792235278,15.383118281922542,14.820715595377777,17.822910673663635,22.826811729881396,0.013042592747326203,0.06124747544527054,1543.5294260832748,3309.3078068134646,2489.33040190508,0,1,tutup1 (4).wav
-345.294189453125,151.54879760742188,38.298397064208984,35.159706115722656,21.27039909362793,16.270566940307617,-5.608282566070557,10.466484069824219,8.848036766052246,-0.6663565039634705,1.7366955280303955,8.476017951965332,-0.08337793499231339,0.8243153095245361,0.7272565364837646,0.6563328504562378,0.6795109510421753,0.6634104251861572,0.6136531233787537,0.5849478244781494,0.5968501567840576,0.6240543723106384,0.6865590810775757,0.7892744541168213,0.8169885873794556,16.460044380233903,9.643909612745412,12.699470250150792,15.93766519060561,14.530580797614896,17.873729582407883,22.342767705121815,0.011964891777663935,0.07820402830839157,1557.5525209848747,3302.535710274177,2445.78357133709,0,1,tutup1 (40).wav
-335.12103271484375,151.95518493652344,37.83666229248047,34.18260955810547,21.2408447265625,9.741365432739258,-5.455541133880615,12.359237670898438,10.001395225524902,-2.1102254390716553,-0.8685698509216309,10.620824813842773,-3.151296615600586,0.7674892544746399,0.6220915913581848,0.6655539274215698,0.6337021589279175,0.6289548277854919,0.5785382390022278,0.5392836332321167,0.5790711045265198,0.6778380274772644,0.7669112086296082,0.7872894406318665,0.857970118522644,16.16137602434488,9.844142177679641,13.295368455717785,16.692325991594373,15.429079244797647,19.01847546865374,22.69365336555831,0.014514553931451613,0.08505070954561234,1666.8112291613027,3493.1328159227755,2686.232358870968,0,1,tutup1 (41).wav
-361.0042724609375,145.9027557373047,51.061439514160156,30.743640899658203,19.97232437133789,11.176257133483887,-2.9385147094726562,6.428781986236572,9.455672264099121,0.986984133720398,0.7072674632072449,8.425435066223145,-0.027929235249757767,0.8451417684555054,0.7226244211196899,0.6346712708473206,0.6633478999137878,0.6245481967926025,0.6380716562271118,0.6163191795349121,0.5829480290412903,0.6177603006362915,0.7000653743743896,0.7872862219810486,0.8084794282913208,16.62768693300563,9.24003106693415,12.701517926081443,16.25576913568827,15.107098923889854,17.180814137223617,21.137835064318843,0.01091700424382716,0.06905430555343628,1446.6834116815119,3233.2889371118163,2096.6959635416665,0,1,tutup1 (42).wav
-339.3721008300781,147.9187774658203,40.541568756103516,32.257530212402344,17.38553237915039,5.9472737312316895,-5.684414863586426,9.598418235778809,10.942487716674805,-0.23184630274772644,-3.330083131790161,9.897980690002441,-2.6652393341064453,0.8121171593666077,0.6375924348831177,0.5657515525817871,0.5919718146324158,0.559480607509613,0.5532176494598389,0.5098581910133362,0.5095306038856506,0.5746964812278748,0.699561595916748,0.7701503038406372,0.7832018733024597,16.47556247617427,10.227613471708237,14.158767387623735,17.644892420474722,15.808495250570495,19.027632650112132,23.240572520134123,0.016749244294959127,0.08485038578510284,1626.1001623099276,3245.608558319348,2996.2249340088556,0,1,tutup1 (43).wav
-325.8729553222656,148.20013427734375,42.6402702331543,33.7125244140625,19.749935150146484,8.819819450378418,-6.557559967041016,10.166923522949219,10.69483470916748,-0.1992431879043579,-7.594696044921875,9.774215698242188,-1.423053503036499,0.7250809073448181,0.6163267493247986,0.6123449206352234,0.5640632510185242,0.540860116481781,0.521977424621582,0.5206724405288696,0.5522288084030151,0.6387881636619568,0.7847957015037537,0.791992723941803,0.790417492389679,16.278694287899064,9.927442837766987,13.733380812243245,17.319333035808736,15.157274803267143,19.406226498467788,22.81325996080087,0.01376744606316726,0.09351702779531479,1515.8937750678751,3187.3848425369406,2392.2545735097865,0,1,tutup1 (44).wav
-336.07696533203125,153.75404357910156,40.51039505004883,37.419551849365234,23.12466049194336,4.975215435028076,-12.232935905456543,6.1551032066345215,11.714120864868164,-1.060709834098816,-5.521204948425293,12.365829467773438,-1.225749135017395,0.7769943475723267,0.6273447275161743,0.5458236932754517,0.5550506114959717,0.5196355581283569,0.48097795248031616,0.4576053321361542,0.5462095737457275,0.6110748648643494,0.6656521558761597,0.7145857214927673,0.7056012153625488,16.253023248982583,10.99996293041954,14.681903249932494,18.808323860331587,15.828404225745746,19.724512760982435,23.398460179097295,0.013623046875,0.09055547416210175,1477.028840700873,3116.98799337383,2539.2431640625,0,1,tutup1 (45).wav
-353.13580322265625,153.5335235595703,47.43719482421875,31.324302673339844,21.120500564575195,10.9009428024292,-8.023463249206543,6.7060699462890625,9.812264442443848,1.7754849195480347,-0.6415312886238098,7.456580638885498,1.0290220975875854,0.7765659689903259,0.6573778390884399,0.6054176092147827,0.6120635867118835,0.5424824953079224,0.5222538113594055,0.5646544098854065,0.6377092003822327,0.6508486270904541,0.6579018831253052,0.7337349057197571,0.7367766499519348,15.547136637141948,9.801021750826262,13.235288526447551,16.868208286645547,14.444967128034902,17.23441268372636,21.672784697500145,0.012331136067708333,0.06635594367980957,1468.0245026862306,3234.1426558152375,2193.7847900390625,0,1,tutup1 (46).wav
-339.6221618652344,122.17991638183594,48.40391540527344,38.671180725097656,18.75388526916504,6.3882341384887695,-2.410914897918701,5.452765941619873,8.414374351501465,-1.6865016222000122,1.575242519378662,9.843860626220703,0.07324876636266708,0.7428879141807556,0.6103723645210266,0.5543954968452454,0.6057910919189453,0.6151822805404663,0.6233812570571899,0.520020067691803,0.49384936690330505,0.5580756664276123,0.6363588571548462,0.6842060685157776,0.7049781084060669,16.017436450467088,10.226084648913908,13.445130227491465,17.170395652595474,14.975743096727816,18.298523544605814,22.18480084489372,0.012780920251623376,0.07800530642271042,1451.7750870044702,3106.2358404273295,2235.468084161932,0,1,tutup1 (47).wav
-379.1447448730469,104.87997436523438,49.37844467163086,43.53032302856445,21.30377769470215,6.5355424880981445,0.0308616291731596,6.731053352355957,8.98222541809082,0.4738105535507202,2.2720582485198975,6.765926837921143,0.06946495920419693,0.7369478940963745,0.6252026557922363,0.6493502855300903,0.5931164622306824,0.5478851199150085,0.5015608072280884,0.4857817590236664,0.56833416223526,0.7122894525527954,0.736685574054718,0.7690386772155762,0.8526782989501953,15.738094089756652,9.501754202909863,13.67809767944445,17.236920924864368,14.43316657626846,17.09053992190979,21.3405948688987,0.013291766826923077,0.06487986445426941,1575.264023445901,3363.8951102407823,2429.0115685096152,0,1,tutup1 (48).wav
-313.970458984375,143.29124450683594,42.79280471801758,42.345096588134766,18.60226058959961,8.109192848205566,-6.881957530975342,8.57116413116455,10.020045280456543,-1.8107564449310303,-3.234675884246826,11.648551940917969,0.4707868695259094,0.7863208055496216,0.6350235342979431,0.5823483467102051,0.617474377155304,0.6597115993499756,0.6344000101089478,0.5557087063789368,0.5562239289283752,0.6325646042823792,0.6619896292686462,0.7429503202438354,0.7934017181396484,16.314388119344002,10.26042221524596,13.685768680632751,18.307838094350195,16.18080285377276,18.689573372807292,23.4806861292681,0.01339059971682848,0.11881402134895325,1583.4509477955542,3172.3853074343956,2420.847713137136,0,1,tutup1 (49).wav
-360.8197021484375,147.11341857910156,43.296939849853516,36.925331115722656,18.577009201049805,18.27751922607422,-9.102148056030273,10.726554870605469,8.793312072753906,-2.4329495429992676,-0.09739895910024643,10.559867858886719,-0.3681778311729431,0.8072405457496643,0.6451306939125061,0.6112215518951416,0.6127026677131653,0.6014862656593323,0.6464049816131592,0.6243907809257507,0.602795422077179,0.6207038164138794,0.6877076029777527,0.7649959921836853,0.7751845717430115,16.063909072361696,9.661877672303758,13.078447630462179,16.072149637904786,15.159442486092798,17.731754128261997,22.800396773374448,0.01365599593495935,0.06856964528560638,1725.769025223446,3497.027879822003,3213.5241996951218,0,1,tutup1 (5).wav
-324.48382568359375,128.52359008789062,39.66696548461914,40.020015716552734,17.24833869934082,3.761030435562134,-0.17759071290493011,6.083731651306152,5.214003562927246,-1.825618863105774,0.9051563739776611,6.814533710479736,-0.09740537405014038,0.814997673034668,0.6415216326713562,0.6028388142585754,0.6331684589385986,0.6034381985664368,0.5796814560890198,0.5245655179023743,0.5380141139030457,0.6213212609291077,0.7473081350326538,0.8178089261054993,0.8328466415405273,16.17845526773667,9.854748514538228,12.599610607126671,16.33050299032322,14.79091321039465,17.287928673921606,22.048650030886822,0.011464220412234043,0.11571214348077774,1414.7428775454573,2961.4554441175205,2037.063923287899,0,1,tutup1 (50).wav
-299.6920471191406,165.0921630859375,31.29849624633789,34.852134704589844,16.314443588256836,5.506374835968018,-10.365758895874023,12.359203338623047,10.546449661254883,-1.9409141540527344,-3.0487961769104004,9.885266304016113,-4.316487789154053,0.8311178088188171,0.66215580701828,0.554286003112793,0.5940976142883301,0.5747367143630981,0.5665718913078308,0.5064378976821899,0.4888755679130554,0.5259543061256409,0.5966912508010864,0.7045231461524963,0.7847354412078857,15.732788748317537,9.846386498584794,13.974537106941899,17.358823717097152,15.546774690740484,19.635713378281913,22.806420877676807,0.014491857858649789,0.10592310130596161,1514.2594899553512,3076.2536869878213,2523.2916337025317,0,1,tutup1 (51).wav
-317.74090576171875,167.55038452148438,38.248966217041016,26.841907501220703,10.71898365020752,6.507096767425537,-9.369123458862305,10.765277862548828,9.270190238952637,2.8098838329315186,4.684869289398193,8.363142013549805,-2.055668830871582,0.7865855097770691,0.6653106212615967,0.6737534999847412,0.6765448451042175,0.6182547807693481,0.5651503801345825,0.519547700881958,0.5330889821052551,0.5978389382362366,0.675167977809906,0.7454081773757935,0.748511016368866,15.732804766587307,9.394153254310956,12.484038127718652,17.33568165248309,14.208572223560223,18.29925111766053,21.61404464794161,0.01421277276400862,0.09460774064064026,1460.7209513980151,3156.802263417456,2152.484972723599,0,1,tutup1 (52).wav
-343.6715087890625,157.25302124023438,34.30172348022461,37.06422424316406,23.901615142822266,11.337541580200195,-1.216020941734314,7.546411991119385,10.260842323303223,1.318532943725586,-1.4482367038726807,9.840785026550293,-0.9274695515632629,0.765708327293396,0.6316460967063904,0.612552285194397,0.654123842716217,0.6396116614341736,0.6418837308883667,0.5677319765090942,0.5666925311088562,0.6494534015655518,0.7516616582870483,0.797214150428772,0.7711653709411621,16.116444522652362,9.659968218243028,12.665508727772949,15.67676601744598,14.868921638715227,18.013872804253904,21.435685359736745,0.01153982502140411,0.07436265051364899,1528.977622721679,3241.072955586799,2540.91796875,0,1,tutup1 (53).wav
-362.1708679199219,128.40211486816406,45.921260833740234,39.19997787475586,22.82084083557129,7.0537567138671875,-1.960163950920105,5.505807876586914,9.770870208740234,-0.16078877449035645,0.011698780581355095,8.968412399291992,0.8788377642631531,0.8135610222816467,0.7183427214622498,0.5983482003211975,0.6422555446624756,0.6413531303405762,0.6436594724655151,0.5944430232048035,0.5606352686882019,0.6118543744087219,0.7000946402549744,0.7686495780944824,0.7666144967079163,16.45184359774577,9.94054736634412,12.542620076075304,16.899015138351626,14.976465097731142,17.995208646608965,20.6528491865631,0.01210216547818792,0.08071417361497879,1490.382697889215,3253.8368823207975,2255.2056024538592,0,1,tutup1 (54).wav
-343.10260009765625,125.13753509521484,50.23239517211914,39.120967864990234,18.826637268066406,9.122457504272461,1.1647348403930664,5.8721699714660645,8.217273712158203,1.3025410175323486,0.993619978427887,7.808359622955322,0.36999738216400146,0.7379820942878723,0.650151789188385,0.7330263257026672,0.6813347339630127,0.6119168400764465,0.5510540008544922,0.5623925924301147,0.6233748197555542,0.6876774430274963,0.7670555710792542,0.820702075958252,0.8583053946495056,16.106034346296493,9.195988687547578,12.55224638804858,16.309685988310946,14.549645754046676,17.193401110749832,21.94588341732455,0.011501487241972476,0.08120039850473404,1579.327337594768,3298.1394973708334,2784.1048774369265,0,1,tutup1 (55).wav
-324.3396911621094,127.73176574707031,39.73697280883789,37.01747512817383,15.988838195800781,8.251738548278809,2.2148678302764893,5.5464043617248535,4.916706562042236,1.516768455505371,0.8379401564598083,6.16354513168335,-0.16798941791057587,0.834345817565918,0.7145277261734009,0.6383180618286133,0.685078501701355,0.6509407758712769,0.6032028794288635,0.549522876739502,0.5496466755867004,0.596679151058197,0.6646594405174255,0.7581955790519714,0.768500566482544,16.573240768904952,9.585034189459503,12.556376945866722,15.940127861136732,14.937887769437074,16.54525856264807,20.79063678165486,0.011712091619318183,0.10896899551153183,1487.9789832716665,3120.618474802676,2188.3607066761365,0,1,tutup1 (56).wav
-306.0085144042969,139.68331909179688,36.7114372253418,35.0489616394043,14.331695556640625,4.516801834106445,-2.082991123199463,6.710391998291016,9.455836296081543,-0.9649419188499451,-3.9561221599578857,7.099998950958252,-2.065507411956787,0.7842415571212769,0.6585332751274109,0.6053622364997864,0.6744916439056396,0.630913496017456,0.5794519782066345,0.49746623635292053,0.4934188723564148,0.5484443306922913,0.6170344352722168,0.6980540752410889,0.7409369945526123,16.66909370854747,10.54502515221361,13.28526479622157,16.613391445178067,15.244467615466158,18.075473106861818,22.620084126845523,0.013948074494949494,0.12054713070392609,1525.4807094301036,3023.7344608069725,2410.9574751420455,0,1,tutup1 (57).wav
-286.36669921875,160.74534606933594,41.371788024902344,39.61189270019531,13.620935440063477,16.129417419433594,-9.302963256835938,12.134703636169434,11.047661781311035,0.602573573589325,-1.8907606601715088,9.1287202835083,-1.0657281875610352,0.8225554823875427,0.6838014721870422,0.6861982941627502,0.711613118648529,0.6113659739494324,0.5534235835075378,0.5018938779830933,0.5288495421409607,0.624481201171875,0.7340290546417236,0.761970043182373,0.775223433971405,15.617357486060891,9.338994965611528,12.87765970860474,16.77581309350405,15.051236268441427,17.850808470139615,22.359440278295402,0.013617114485981309,0.11389040946960449,1641.3127244842588,3398.509709422882,3161.4565840391356,0,1,tutup1 (58).wav
-361.16259765625,152.60267639160156,47.099369049072266,33.663631439208984,20.584678649902344,10.38483715057373,-1.427449345588684,5.87064266204834,9.37673568725586,-0.052821531891822815,-0.24237047135829926,7.584904193878174,-0.5562974214553833,0.8277460932731628,0.6868715882301331,0.6443745493888855,0.6743460297584534,0.6124330759048462,0.5860320925712585,0.5466841459274292,0.5793482065200806,0.6847875118255615,0.7884805798530579,0.7969439029693604,0.7740673422813416,16.247992181658766,9.310688042998821,12.951813134075397,15.812679934896009,14.205606933303354,17.093297504917636,21.904701534483547,0.010777064732142858,0.07601640373468399,1365.7489908259902,3085.246126185628,1897.4853515625,0,1,tutup1 (59).wav
-341.8346862792969,134.7794952392578,45.31406021118164,38.917240142822266,21.200542449951172,10.974699020385742,0.07889095693826675,6.713396072387695,6.4835734367370605,-0.39630329608917236,-0.7229014039039612,9.657548904418945,1.040727138519287,0.8224093914031982,0.6984984874725342,0.6567949056625366,0.6535413265228271,0.5995296835899353,0.6330884099006653,0.5642755627632141,0.5740577578544617,0.7236925959587097,0.7630422115325928,0.7501700520515442,0.7613004446029663,15.911017616739404,9.47073070492087,12.657642849263915,15.191338263311362,14.892955833087886,17.224054809795195,21.083588417493054,0.009958120492788462,0.08430616557598114,1414.9977106325714,3113.1269221861094,2024.5351938100962,0,1,tutup1 (6).wav
-335.18292236328125,157.54124450683594,43.2747917175293,25.826196670532227,14.048171997070312,8.993016242980957,-2.6000680923461914,8.843217849731445,8.940842628479004,1.143976092338562,-1.4218672513961792,6.887887001037598,-1.419284462928772,0.762489378452301,0.6274403929710388,0.6557340025901794,0.6402994990348816,0.6121510863304138,0.5855967402458191,0.5587413311004639,0.5963123440742493,0.7187981009483337,0.7824525833129883,0.7659937143325806,0.7860755324363708,16.00453279734928,9.101067057183846,12.41703327358833,15.819781025521895,14.68646939561237,17.48178286651379,21.95003128808683,0.013044084821428572,0.07718732208013535,1529.219333084077,3224.6614901210814,2539.3798828125,0,1,tutup1 (60).wav
-367.454345703125,146.9067840576172,47.903167724609375,35.18001937866211,21.313888549804688,9.510428428649902,2.9579668045043945,8.194930076599121,8.896716117858887,0.9492453932762146,1.0439660549163818,8.03765869140625,0.5272404551506042,0.8632117509841919,0.7270237803459167,0.6792161464691162,0.7061365246772766,0.6297197341918945,0.5981552600860596,0.5445784330368042,0.5548924207687378,0.6418513655662537,0.7726205587387085,0.8290453553199768,0.8101450204849243,16.38139035517324,9.066414679126524,12.008966085262127,16.54570244388162,14.73675553449049,16.69966469478192,20.975328477787663,0.009136652542372881,0.06952406466007233,1411.6213685270066,3208.733360422533,2100.0347590042375,0,1,tutup1 (61).wav
-329.2958679199219,154.9965057373047,40.30076599121094,39.94761657714844,22.299238204956055,14.33999252319336,0.23895825445652008,6.671256065368652,7.831988334655762,-0.015529283322393894,3.053061008453369,8.951776504516602,1.1852954626083374,0.8277027010917664,0.6899425983428955,0.6756409406661987,0.7278146743774414,0.7252916693687439,0.6674022674560547,0.5742817521095276,0.602849006652832,0.6927903294563293,0.7350664734840393,0.784288763999939,0.7935096621513367,16.37696378275226,9.197730727801193,11.40786489107821,15.3517183618153,14.352530327849717,16.887390354699292,21.085236861748648,0.008711751302083333,0.09209905564785004,1435.1074507828948,3273.3056397902606,1984.105224609375,0,1,tutup1 (62).wav
-330.20196533203125,165.96043395996094,39.07900619506836,30.529916763305664,16.943153381347656,10.036943435668945,-5.50164270401001,11.470855712890625,8.741436958312988,1.5401949882507324,-1.7248326539993286,8.459456443786621,-1.4841670989990234,0.6921238899230957,0.6357852816581726,0.689450204372406,0.6246821284294128,0.5952165722846985,0.6214221119880676,0.6151893734931946,0.600522518157959,0.6643193364143372,0.7967943549156189,0.7467623353004456,0.7458809614181519,15.674676674080754,9.28236974378363,12.744456400881385,16.242292675119515,14.965714239313524,17.59740161997155,21.590834562536276,0.012354859518348624,0.08194370567798615,1538.5229086791146,3250.060198206128,2686.7115825688074,0,1,tutup1 (63).wav
-338.90533447265625,152.41932678222656,41.81061553955078,32.856876373291016,22.18879508972168,7.39418888092041,-0.8845416903495789,8.783846855163574,10.340024948120117,0.3691469728946686,-1.4866676330566406,9.50761604309082,-2.7437808513641357,0.7476956248283386,0.6347845196723938,0.7081157565116882,0.6851276755332947,0.638637363910675,0.5896241068840027,0.57307368516922,0.6285741925239563,0.6971770524978638,0.768851101398468,0.8384748101234436,0.8231935501098633,16.433770632997035,9.593026948356469,12.680754804343712,16.067737541184503,14.546238494818114,17.866549773188694,21.277516037981975,0.010205950055803572,0.07911443710327148,1479.9621098875582,3214.3212900779295,2361.346435546875,0,1,tutup1 (64).wav
-322.1966552734375,163.5579376220703,40.89170455932617,40.49039840698242,21.941537857055664,8.729874610900879,-5.025434970855713,6.848264217376709,11.194364547729492,-1.048565149307251,0.27834734320640564,8.990809440612793,-2.5289535522460938,0.7487695813179016,0.6709393858909607,0.6017822027206421,0.6569123268127441,0.5875476598739624,0.5679500699043274,0.544220507144928,0.5566566586494446,0.5931363701820374,0.7092398405075073,0.8623875379562378,0.7554874420166016,15.969593199074124,10.240776680301916,13.514775946348179,16.57228794244816,15.295686158033867,18.185458277560492,21.507637532559144,0.011609375,0.11314394325017929,1340.6765370196251,3058.3743779447186,2006.20546875,0,1,tutup1 (65).wav
-354.9419860839844,160.41665649414062,47.217857360839844,31.909042358398438,19.174087524414062,6.561796188354492,1.3662326335906982,5.787233829498291,9.475056648254395,-0.0409495085477829,-0.0022913827560842037,7.882524490356445,-1.5498840808868408,0.7728607654571533,0.7024561166763306,0.6439906358718872,0.631093442440033,0.5853244662284851,0.5983784198760986,0.6287909746170044,0.6290373802185059,0.6536452770233154,0.7416970729827881,0.7878715395927429,0.7615275382995605,16.520198567648976,9.362632087683814,11.950346921808757,15.552735633833164,14.757547462994056,17.020059808870094,20.945728715169825,0.01072265625,0.07964424788951874,1253.8766102805155,2841.060666486248,1818.608203125,0,1,tutup1 (66).wav
-362.5547790527344,153.10528564453125,46.49592971801758,36.239078521728516,25.663188934326172,11.456594467163086,1.3735260963439941,7.117555141448975,8.343915939331055,1.0970343351364136,1.3622380495071411,9.399049758911133,-0.34274643659591675,0.8804728388786316,0.7737808227539062,0.6639424562454224,0.7040544748306274,0.6393308639526367,0.6115387678146362,0.5717504024505615,0.5705796480178833,0.6290483474731445,0.7335866093635559,0.8674360513687134,0.8337399959564209,16.076770850227025,9.40755205938197,12.79896373332179,16.658592910557083,14.14271773149954,17.285599427599287,20.269890061175115,0.008257891680743243,0.07546207308769226,1271.6749364047364,3083.829426323202,1516.199390308277,0,1,tutup1 (67).wav
-348.8581237792969,133.90444946289062,50.767723083496094,37.21222686767578,17.602249145507812,8.278846740722656,3.244844913482666,4.185202121734619,5.003758430480957,2.0755627155303955,3.0761892795562744,6.167192459106445,2.326383113861084,0.8211660385131836,0.7127585411071777,0.653856635093689,0.6873770356178284,0.6427768468856812,0.6006109714508057,0.5566833019256592,0.5682045817375183,0.6277531981468201,0.7085644602775574,0.8260863423347473,0.8608211278915405,15.35077513929599,9.52517140779977,12.407058895558826,15.925710183913997,14.150555131179665,15.744257030807482,19.855150024689472,0.009485581341911764,0.0937344878911972,1312.3066389030555,3036.6809516815188,1712.5229779411766,0,1,tutup1 (68).wav
-343.01593017578125,169.7806396484375,39.44686508178711,28.76207733154297,18.528608322143555,8.976896286010742,-3.7836318016052246,6.445085525512695,9.929655075073242,-0.90528804063797,-0.8005091547966003,7.087862014770508,-0.625738263130188,0.7500064969062805,0.6761918067932129,0.6458287835121155,0.7202951908111572,0.6612420678138733,0.6420285701751709,0.595081627368927,0.5698778629302979,0.5866360664367676,0.6914894580841064,0.8009727597236633,0.7443133592605591,16.559126289898913,9.242160465778856,12.425416109824557,15.967938357243103,15.290407262660082,17.75636273429994,21.523743771393256,0.01168060302734375,0.08134618401527405,1321.6419407315827,2890.986364866667,2063.991165161133,0,1,tutup1 (69).wav
-302.14337158203125,137.26937866210938,36.58497619628906,50.37982177734375,17.153776168823242,11.207027435302734,-13.935038566589355,3.1468262672424316,8.83972454071045,-2.353808879852295,-8.757392883300781,12.884662628173828,1.0127346515655518,0.6078375577926636,0.5322272777557373,0.543520987033844,0.7008294463157654,0.7167330980300903,0.4962023198604584,0.40381425619125366,0.4063289761543274,0.4453279674053192,0.5384199619293213,0.6855769753456116,0.6638880372047424,16.99853530684162,11.943458532349776,15.120278387358253,18.0170230630827,16.842917188624,19.766602459917966,24.66654762044544,0.013228321803435115,0.11209997534751892,1697.0440885676744,3263.492629605199,2949.884452528626,0,1,tutup1 (7).wav
-319.53265380859375,132.2001495361328,45.554744720458984,32.5107536315918,14.266631126403809,8.432971954345703,4.190820693969727,6.8753485679626465,5.963349342346191,1.5353376865386963,0.5486708879470825,4.973358154296875,-1.1066430807113647,0.7721526026725769,0.6585193276405334,0.6399631500244141,0.6748954653739929,0.6130150556564331,0.5589177012443542,0.519819974899292,0.5581536889076233,0.6303712129592896,0.7237878441810608,0.8607260584831238,0.8383409380912781,15.896069272710967,9.686194252688587,12.968548314032493,15.56694487368461,14.55890382596915,17.472496947648875,19.99824432091172,0.012319991837686567,0.10543618351221085,1554.7585942060691,3209.8576592057243,2436.947950676306,0,1,tutup1 (70).wav
-332.0271301269531,144.16351318359375,47.299957275390625,33.81278610229492,16.440898895263672,11.233476638793945,-0.4074738323688507,5.085796356201172,5.985671043395996,1.1750901937484741,-0.3776199221611023,6.319478988647461,-0.1005333960056305,0.7304403781890869,0.6440677642822266,0.6975590586662292,0.6294419765472412,0.6141452789306641,0.5789220333099365,0.5506343841552734,0.5778579115867615,0.7138569951057434,0.8265829682350159,0.7674268484115601,0.7956669330596924,16.439145399243287,9.628343533459995,13.268496637452161,15.85273784076304,14.950748926910016,16.499295971443495,20.85801081939948,0.0119361354880137,0.11295472830533981,1483.369518952709,3204.831613015361,2172.198737157534,0,1,tutup1 (71).wav
-335.2928771972656,142.2139129638672,45.90839767456055,34.04243469238281,16.436410903930664,10.814493179321289,1.3871660232543945,5.365030765533447,6.203856468200684,-0.6582943201065063,-0.39119425415992737,5.4442458152771,0.4318626821041107,0.8274601101875305,0.7072039842605591,0.6230319738388062,0.6677811741828918,0.6115737557411194,0.5832881331443787,0.5360184907913208,0.5349171161651611,0.5819282531738281,0.6894176602363586,0.8308624029159546,0.7965313792228699,16.181865962732854,9.47966115081148,13.101644033414015,15.411284928819455,14.204427537355238,16.8813351251734,21.739883302544076,0.011498119212962963,0.10053879022598267,1610.2565355972133,3396.5594704328496,2974.931640625,0,1,tutup1 (72).wav
-334.2098083496094,145.83909606933594,38.259735107421875,36.54295349121094,23.53155517578125,5.995553493499756,-3.2629811763763428,6.580173969268799,9.401515007019043,-1.824090838432312,0.5104552507400513,6.556583404541016,-0.4278673529624939,0.7265118360519409,0.6142467856407166,0.5926815867424011,0.6127317547798157,0.5441338419914246,0.4967576563358307,0.46823033690452576,0.5160461068153381,0.5610382556915283,0.671575665473938,0.8862842321395874,0.7932955026626587,16.29316645197688,10.744404128470089,14.125852283957515,16.646303731874802,14.74419773016108,18.193714716862722,21.889802983634628,0.011341722705696203,0.11692101508378983,1428.9961913786267,3083.4806559854924,2315.0919081289558,0,1,tutup1 (73).wav
-316.82891845703125,162.458251953125,29.0762882232666,36.7277946472168,17.6855411529541,3.011737108230591,-7.0909905433654785,4.916504383087158,14.114749908447266,-2.2356085777282715,-4.591527462005615,8.972330093383789,-3.19803786277771,0.6398982405662537,0.6163231730461121,0.6010833978652954,0.5948166847229004,0.5194248557090759,0.49931809306144714,0.5252421498298645,0.5296441316604614,0.5884115099906921,0.7376827001571655,0.7231842875480652,0.6476104259490967,17.177733327329126,11.540456436418248,14.782159389411818,17.933348646245133,16.192743404640193,19.230350224060007,23.579548830079933,0.013650760135135135,0.10721153020858765,1491.9851546030882,2984.1460598909634,2678.0320945945946,0,1,tutup1 (74).wav
-336.53369140625,157.0061492919922,35.884674072265625,35.32694625854492,19.74405288696289,10.354394912719727,-1.1654887199401855,5.015540599822998,11.320293426513672,-1.8692532777786255,0.01655152253806591,8.18742561340332,-2.1396989822387695,0.792899489402771,0.6534993648529053,0.6277462244033813,0.68744295835495,0.6374109983444214,0.6328030824661255,0.5455726981163025,0.5453963279724121,0.6105789542198181,0.7315526604652405,0.8031917810440063,0.7560501098632812,16.37435196118821,10.061783714384495,12.809714402455725,16.69315205138342,14.759395984688982,18.007191382184686,22.313378582749046,0.011936561734068627,0.08608144521713257,1516.758302782703,3165.0055187694356,2691.439280790441,0,1,tutup1 (75).wav
-313.71917724609375,151.41810607910156,33.91686248779297,42.89552688598633,15.60058879852295,13.668570518493652,-7.778520107269287,10.431641578674316,9.290742874145508,0.13742631673812866,-0.2151394486427307,7.404797554016113,-0.4131230413913727,0.6818031668663025,0.5936254262924194,0.66241055727005,0.6192439794540405,0.6226887702941895,0.5875121355056763,0.5512288808822632,0.5804345607757568,0.6759172081947327,0.7966392040252686,0.7668669819831848,0.7903047204017639,16.430511625386142,10.183770541452553,13.282522710701357,16.515839220380656,15.291964615974909,17.58038211428702,22.191476989989404,0.012892597853535354,0.0882783979177475,1699.8912116932304,3412.374175113365,2924.382990056818,0,1,tutup1 (76).wav
-327.56402587890625,163.99591064453125,29.671958923339844,30.280797958374023,18.896907806396484,8.161352157592773,-4.024964332580566,10.993911743164062,7.096803665161133,-0.40681514143943787,-0.20764262974262238,5.183385848999023,-0.7347514033317566,0.680976927280426,0.617066502571106,0.651429295539856,0.612800657749176,0.565280556678772,0.5196298956871033,0.5324709415435791,0.5805071592330933,0.6500949859619141,0.7451017498970032,0.7944934964179993,0.8041751980781555,16.006094710756884,9.697730274909349,13.389648909431985,15.514234832768507,14.334085480847035,17.694242262526565,21.347270839247464,0.01426778813844086,0.08170487731695175,1543.5995108434088,3089.0349967545635,2515.3328188004034,0,1,tutup1 (77).wav
-326.3847351074219,161.97947692871094,33.23054504394531,42.72732162475586,17.21725082397461,15.565284729003906,-4.162744522094727,12.225662231445312,8.394059181213379,0.15185457468032837,2.9503633975982666,7.917481899261475,-0.2211315929889679,0.7905073165893555,0.6679301261901855,0.6321082711219788,0.6976228952407837,0.6836444139480591,0.6526908278465271,0.6006470322608948,0.590813159942627,0.640200674533844,0.6983547806739807,0.7783242464065552,0.7769973278045654,15.587722559174948,9.56586226155827,12.222579218066478,15.77018901233839,14.38292737072083,17.207683767486714,21.094216462380754,0.010259271978021978,0.07644665986299515,1496.1910184158658,3237.98069670122,2377.1709735576924,0,1,tutup1 (78).wav
-308.54730224609375,158.03463745117188,40.30130386352539,35.74668884277344,17.671894073486328,13.818835258483887,-2.9910683631896973,11.73956298828125,10.571846961975098,-2.0903449058532715,0.23835080862045288,8.67663860321045,-2.4949564933776855,0.7770786881446838,0.664827287197113,0.641181468963623,0.6822258234024048,0.6540426015853882,0.6414250135421753,0.6174842119216919,0.5999361872673035,0.632077157497406,0.6767483353614807,0.7443953156471252,0.7363744974136353,16.07570603796454,9.623757760502466,12.715585996732859,16.19428353650214,15.087918700283351,18.086830463446585,21.320667436749364,0.010868595336294416,0.09357298165559769,1529.1810169579014,3277.930485759655,2369.3081773477156,0,1,tutup1 (79).wav
-331.95306396484375,161.09820556640625,33.701759338378906,43.646934509277344,17.115991592407227,12.141473770141602,-12.349334716796875,9.965869903564453,7.138777256011963,-3.3672995567321777,-5.806511402130127,13.090625762939453,0.005933528766036034,0.6307445764541626,0.5918471813201904,0.730340838432312,0.6274730563163757,0.5323859453201294,0.4721527695655823,0.45034217834472656,0.48622891306877136,0.6164947748184204,0.7348026633262634,0.6902166604995728,0.6749071478843689,15.966699836574186,11.230910263188191,13.944982345619113,15.985406192685517,15.60980694694797,18.91800221255113,23.689787943725044,0.013473027432126698,0.08552943170070648,1523.772577185848,3126.2559820202337,2467.549181631787,0,1,tutup1 (8).wav
-371.3608093261719,149.40829467773438,46.49517822265625,38.7239990234375,13.146615028381348,20.429088592529297,-7.029709339141846,12.845157623291016,7.856234550476074,2.5151233673095703,0.3998633921146393,8.891072273254395,-0.06643980741500854,0.8363792896270752,0.7250397801399231,0.6467489004135132,0.7013595104217529,0.6875989437103271,0.6574862599372864,0.6156743168830872,0.597863495349884,0.6389638185501099,0.7040733695030212,0.7741410136222839,0.8028249740600586,15.864755785541544,9.150936679542665,12.07260665339518,15.85219007809267,14.512753011772805,16.845090050698413,21.358486288782718,0.013193074939320388,0.04477855935692787,1860.1263394738164,3774.730236579273,3707.787611878034,0,1,tutup1 (80).wav
-283.4265441894531,156.20404052734375,39.09221267700195,38.15499496459961,13.682064056396484,17.453832626342773,-3.3908255100250244,12.671903610229492,11.449313163757324,-1.9743882417678833,1.3102799654006958,7.64713191986084,-0.8650683164596558,0.8623586297035217,0.7158783674240112,0.6324148178100586,0.6959779858589172,0.6462202072143555,0.625452995300293,0.5539705157279968,0.5345855355262756,0.5896164774894714,0.6658287048339844,0.7659749984741211,0.78687584400177,15.932554768261909,9.984041038893073,12.946994113586817,16.054857134434908,14.888365031349418,17.449430163680045,21.355378677281994,0.01320513556985294,0.11388689279556274,1648.1967699720756,3362.3487232977527,2556.328986672794,0,1,tutup1 (81).wav
-314.8382873535156,155.26449584960938,38.60400390625,37.58261489868164,18.08526611328125,9.119684219360352,-6.101900577545166,10.121978759765625,10.580952644348145,0.5322989821434021,-1.1812043190002441,9.547467231750488,-0.5051387548446655,0.7909991145133972,0.6554327011108398,0.5697692632675171,0.6050752401351929,0.5828081965446472,0.6523441076278687,0.6083393096923828,0.5269690752029419,0.5564360618591309,0.6409391760826111,0.6911627054214478,0.7092899084091187,15.992612229553346,10.27483318751681,13.043592558250202,16.460583835578397,15.00381117092231,17.897856827566326,21.981179403118556,0.012784568212365592,0.09832074493169785,1614.0589644767958,3290.451244752152,2902.5831653225805,0,1,tutup1 (82).wav
-300.66046142578125,158.32997131347656,37.09637451171875,45.54865264892578,17.642724990844727,12.60234260559082,-9.314753532409668,9.414006233215332,10.495025634765625,-2.9718167781829834,0.708166241645813,9.999592781066895,2.2202258110046387,0.7612147331237793,0.6326606869697571,0.5905194282531738,0.6523763537406921,0.6574390530586243,0.5559879541397095,0.4732338786125183,0.5036906599998474,0.5868488550186157,0.645905613899231,0.7336130142211914,0.7535719871520996,16.164660098096295,10.497866446683117,13.354977694252812,17.230806169108824,14.595196926119417,19.351306841228467,22.60507263421297,0.011805943080357142,0.11724644154310226,1507.9136957440544,3189.5943438923396,2466.5130615234375,0,1,tutup1 (83).wav
-330.78668212890625,141.12754821777344,46.559940338134766,26.994380950927734,16.44880485534668,13.089960098266602,-2.437129020690918,8.879920959472656,10.002302169799805,1.6129388809204102,-0.3390774726867676,7.344271183013916,-0.14591673016548157,0.6779108047485352,0.6147192716598511,0.642627477645874,0.5979695320129395,0.586967945098877,0.5988739728927612,0.6679167747497559,0.717380940914154,0.6965417861938477,0.7257877588272095,0.7425167560577393,0.7662593126296997,15.706771818100234,9.421257515470899,13.209744184631637,15.797139362332983,15.017868801161756,17.50122964590183,21.588320224494232,0.013350323932926829,0.07749592512845993,1730.7338974879929,3490.5961358994537,3059.027843940549,0,1,tutup1 (84).wav
-335.0507507324219,141.73390197753906,39.07809829711914,39.23869323730469,19.69332504272461,10.287070274353027,-5.000956058502197,6.778500080108643,8.781428337097168,-1.4279066324234009,1.2158125638961792,8.916787147521973,0.37341779470443726,0.6932750344276428,0.5814105868339539,0.5770764946937561,0.5907033085823059,0.5433204770088196,0.5406373143196106,0.5671401619911194,0.6405885815620422,0.6654919981956482,0.6740581393241882,0.6927101612091064,0.6657859683036804,16.23347847684526,10.380822246356114,14.48399209595425,16.981584957186787,14.854016863109415,17.64335937644898,22.61576573158277,0.012804862780448718,0.09904523938894272,1538.8370766415344,3130.668009190271,2578.325007512019,0,1,tutup1 (85).wav
-327.600830078125,141.8795166015625,44.419464111328125,35.34200668334961,16.50507164001465,7.378686904907227,-2.077333450317383,5.763217449188232,8.174301147460938,0.9072820544242859,-1.0142301321029663,7.918455600738525,0.6942317485809326,0.6909363269805908,0.6078701615333557,0.6535649299621582,0.6399953365325928,0.6332008838653564,0.6447851657867432,0.6566799283027649,0.6188998222351074,0.6353197693824768,0.6972674131393433,0.7202407121658325,0.7273881435394287,16.443539810605447,10.133307784891501,13.136803496682429,16.490110498953875,14.500995862807478,16.840221855032,21.692170687083493,0.01109558442679558,0.10196902602910995,1521.3950436039052,3175.636941359442,2592.6690370338397,0,1,tutup1 (86).wav
-323.9556579589844,155.39161682128906,42.77574157714844,40.86545944213867,17.871055603027344,1.1975644826889038,-7.391590595245361,1.952448844909668,12.992085456848145,-1.1841682195663452,-3.1911275386810303,11.720340728759766,-0.5533154606819153,0.6601251363754272,0.5742889046669006,0.5851325988769531,0.6110479831695557,0.5857515931129456,0.6229267120361328,0.5321552753448486,0.5279502868652344,0.5599555969238281,0.6545068621635437,0.6825582981109619,0.6438182592391968,16.462755909724933,11.545755360267425,13.717340897258328,18.63774018379855,15.432302934167872,18.56102741595698,22.454062128989932,0.011447832661290323,0.11486595869064331,1368.3830445380747,2878.4777723486063,2168.1851688508063,0,1,tutup1 (87).wav
-371.85589599609375,140.6805419921875,51.15359878540039,34.97264099121094,21.567155838012695,14.748486518859863,2.4313573837280273,6.105391502380371,5.92555046081543,2.4807493686676025,3.177849054336548,7.149138927459717,2.5593833923339844,0.8930521607398987,0.7448331117630005,0.6827781796455383,0.7383785843849182,0.7050616145133972,0.6305871605873108,0.560150146484375,0.5812140703201294,0.6551653742790222,0.7258895635604858,0.8251849412918091,0.8681175112724304,16.146133638269525,9.094453108320113,11.57255145927908,15.00771202731207,13.920239052061925,15.495653844929416,20.41309394270743,0.0096923828125,0.06495005637407303,1548.513251472115,3412.9936847619542,2484.57275390625,0,1,tutup1 (88).wav
-330.005859375,138.80763244628906,39.13373565673828,38.76780700683594,17.68794059753418,8.894527435302734,0.14680804312229156,7.978019714355469,12.624357223510742,-0.99909508228302,-1.7854200601577759,6.781352519989014,-0.9770294427871704,0.7036663889884949,0.6239673495292664,0.7090767621994019,0.6990541815757751,0.6329267621040344,0.5568548440933228,0.5431039929389954,0.5903575420379639,0.6521167755126953,0.7390114068984985,0.7981404662132263,0.8169748783111572,16.713902087779378,9.856893160608237,12.98720693089134,16.100239276648843,15.140823018106026,17.14432157065256,22.33903684365457,0.014206659226190476,0.08658932894468307,1807.2163052282299,3427.0745341932757,3524.267578125,0,1,tutup1 (89).wav
-321.6507568359375,141.32736206054688,39.12443161010742,40.67376708984375,18.131832122802734,8.882190704345703,-9.046740531921387,8.28653621673584,7.830389499664307,-1.169082522392273,-5.51122522354126,10.920361518859863,0.2132870852947235,0.682022213935852,0.5700384378433228,0.656597912311554,0.6976300477981567,0.6335386633872986,0.5422550439834595,0.5089111924171448,0.525964081287384,0.579572856426239,0.7082911133766174,0.7757205367088318,0.7276712656021118,16.545069344821194,10.715966707879966,13.835174769450784,17.20530487609949,15.573843874479957,18.929437183093846,23.707816462485102,0.013735563858695652,0.1055532917380333,1677.0962471660946,3287.7228149782522,3117.071586277174,0,1,tutup1 (9).wav
-357.355224609375,124.6176986694336,53.644378662109375,42.466617584228516,19.821271896362305,8.490623474121094,2.328674793243408,5.869986057281494,7.718477249145508,0.6587563157081604,2.375405788421631,7.505236625671387,0.6428916454315186,0.8469278216362,0.6840265989303589,0.6707249283790588,0.7229122519493103,0.6863003373146057,0.6122075915336609,0.5468388199806213,0.5723956227302551,0.6490688323974609,0.727531373500824,0.8219646215438843,0.8359115123748779,16.155422767079013,9.518381842654618,12.086612851269567,16.111697688315793,14.50802828664951,16.51436577114284,21.050558066297306,0.009983094800420167,0.07069464772939682,1408.8524034705129,3169.2417347727765,2173.044002757353,0,1,tutup1 (90).wav
-340.3565368652344,131.6945343017578,46.20602035522461,34.27696990966797,17.476119995117188,11.624613761901855,4.885827541351318,7.989554405212402,8.725110054016113,-1.9500081539154053,1.6346981525421143,8.061195373535156,0.5991470813751221,0.779556393623352,0.6693805456161499,0.6828107833862305,0.6573217511177063,0.6340494155883789,0.6591320037841797,0.6554275155067444,0.643494725227356,0.6945353746414185,0.7570087909698486,0.7753223180770874,0.7749752998352051,16.210579964038843,9.145052884365835,12.380239820269509,15.598955844551352,14.775857899952097,17.972999335327057,21.15189825380549,0.012498392489711935,0.07176864147186279,1429.1025893525057,3073.5879859324455,2094.657841435185,0,1,tutup1 (91).wav
-349.1969299316406,145.37713623046875,43.878047943115234,35.104862213134766,19.73874282836914,9.116458892822266,0.01614494062960148,6.012174606323242,9.363306999206543,1.24297297000885,2.3587822914123535,8.100735664367676,0.5647209882736206,0.7546661496162415,0.6281735301017761,0.6528662443161011,0.6717837452888489,0.6745010614395142,0.6062361598014832,0.5701252222061157,0.6135624647140503,0.6962613463401794,0.7593982815742493,0.7563676238059998,0.8242939710617065,16.382855992111622,9.116806210274355,12.171250253135916,16.273961412605143,14.616890316466304,16.915725515090816,20.432484156843653,0.012024252172459893,0.08109411597251892,1374.0570448222152,3013.6106101137675,1952.4972844251338,0,1,tutup1 (92).wav
-356.40972900390625,143.6643829345703,52.08456039428711,37.257266998291016,23.01111602783203,12.815528869628906,-1.6175026893615723,5.651586532592773,9.81613826751709,-0.4245602786540985,3.033046007156372,9.413355827331543,-0.08845490962266922,0.7287787795066833,0.6317868232727051,0.6558297872543335,0.5989003777503967,0.58722984790802,0.580489993095398,0.6004825234413147,0.6698659062385559,0.7485824823379517,0.781256377696991,0.7721901535987854,0.8115158677101135,15.783645372053764,9.671021177490328,12.680246368539496,16.221277032323332,14.420898900174207,17.3330463918866,21.578953538193772,0.009883059731012658,0.07284019887447357,1354.3541921173244,3127.9225296394334,2022.9399475870252,0,1,tutup1 (93).wav
-330.09136962890625,140.95278930664062,50.25662612915039,32.2260856628418,19.32908821105957,16.5673770904541,0.20547747611999512,10.989182472229004,7.889991283416748,1.301275372505188,1.4010695219039917,7.979098796844482,2.4818880558013916,0.8266798257827759,0.699001669883728,0.6904585361480713,0.6983050107955933,0.6459921002388,0.6488630175590515,0.6759110689163208,0.6701764464378357,0.7019187808036804,0.7683613300323486,0.8257478475570679,0.8040225505828857,15.945872990465574,9.011337321182156,11.672863447665822,15.007040410885399,14.48385917984499,16.118070609440355,21.245890039139564,0.01176342933006536,0.07885611057281494,1682.0265960266754,3589.133285557017,3113.3071001838234,0,1,tutup1 (94).wav
-363.5834045410156,140.4902801513672,53.752098083496094,32.913116455078125,21.861387252807617,16.307987213134766,4.094575881958008,7.653274059295654,7.796782970428467,2.537836790084839,2.13763427734375,7.113168716430664,2.0311696529388428,0.9100329279899597,0.8009767532348633,0.6917725205421448,0.7331745028495789,0.6828032732009888,0.6999890208244324,0.6638256907463074,0.6327539086341858,0.6838388442993164,0.7647361755371094,0.8396655321121216,0.8495757579803467,16.01767741002574,8.639469324473312,11.096684499104503,14.746273073997655,14.302051643316071,15.967784352743227,20.353684531205122,0.00936681937172775,0.06257293373346329,1373.0066815680643,3203.0924733959087,1795.2603484947645,0,1,tutup1 (95).wav
-309.6472473144531,98.62303161621094,35.50532531738281,35.679405212402344,14.983406066894531,9.268775939941406,4.203790664672852,6.454061985015869,3.512498617172241,0.6571326851844788,0.9399906992912292,4.064861297607422,0.3543738126754761,0.7515400648117065,0.63852459192276,0.6726154685020447,0.7034435868263245,0.7237773537635803,0.6887140870094299,0.5935705900192261,0.5888500213623047,0.6689679026603699,0.7366081476211548,0.7298588156700134,0.7337872982025146,15.918146804058393,10.343661011181442,12.294811134595045,15.535312006765555,14.964589767635141,16.11604587557575,20.84538758084248,0.01171112060546875,0.1486397385597229,1500.0608355420027,3023.950009524645,2343.4181213378906,0,1,tutup1 (96).wav
-374.0976257324219,124.66918182373047,54.466854095458984,40.50344467163086,19.030406951904297,14.988058090209961,4.320638179779053,4.49482536315918,7.372500896453857,3.5376412868499756,2.964128017425537,6.736868858337402,2.8826236724853516,0.8968849778175354,0.7174450755119324,0.7112907767295837,0.7224095463752747,0.696411669254303,0.6567053198814392,0.6018774509429932,0.6232613921165466,0.714551568031311,0.8175461888313293,0.868838906288147,0.8777565360069275,16.213338651887387,9.001544257041738,11.994540936989019,15.851195770724052,14.462748508877896,16.18732844772955,21.419836852722387,0.011610814144736843,0.0730380043387413,1539.6226693093095,3366.716206151849,2567.551141036184,0,1,tutup1 (97).wav
-365.920166015625,146.94989013671875,49.6103515625,35.852691650390625,18.937463760375977,12.555912017822266,-0.7831937074661255,8.223084449768066,9.84078311920166,-0.36663421988487244,1.1941856145858765,8.273029327392578,-0.5755365490913391,0.8736099004745483,0.6967977285385132,0.6691858768463135,0.7081857323646545,0.701812207698822,0.6819524168968201,0.5798015594482422,0.596221387386322,0.7025089263916016,0.7774448394775391,0.8102640509605408,0.8279731869697571,16.418656884186788,9.252944454300412,12.248214717657662,15.74028127364955,14.55963660652527,16.792055963475867,21.174643558881165,0.010019798801369863,0.0766853541135788,1457.114692291003,3295.8880624322774,2033.265330693493,0,1,tutup1 (98).wav
-337.172119140625,153.74256896972656,41.04393005371094,32.25080108642578,18.86475372314453,10.030440330505371,1.089786410331726,7.3237152099609375,8.144383430480957,1.6752700805664062,0.5889172554016113,8.712311744689941,-0.7564110159873962,0.8684903383255005,0.69708651304245,0.6378864049911499,0.6908494234085083,0.7082681655883789,0.676116406917572,0.5660402774810791,0.5642655491828918,0.6444433927536011,0.7165924906730652,0.7742072939872742,0.8102555871009827,17.013702966014876,9.268141095013705,12.177369451753872,16.683421220985593,14.512057770291769,17.361247840382987,21.13458098174401,0.01149310487689394,0.09088777750730515,1446.1299109163008,3178.1091489710025,2065.39306640625,0,1,tutup1 (99).wav
-443.61871337890625,94.84812927246094,18.51578712463379,3.3227386474609375,9.572504043579102,5.1451215744018555,-2.5753731727600098,-4.6324005126953125,0.33111923933029175,-4.126436710357666,-13.26998233795166,-6.685472011566162,-1.6511833667755127,0.4471525251865387,0.4907580018043518,0.48002007603645325,0.4830152094364166,0.47163552045822144,0.4659647047519684,0.43764057755470276,0.4108808636665344,0.48573747277259827,0.6493082642555237,0.5625097751617432,0.4192062020301819,20.24627671710805,11.505204468204012,15.98334001432736,16.026053763400117,17.66128753424219,17.526234483156077,16.58422674413913,0.02147210662688442,0.056464750319719315,3731.0925886683217,4621.139136579482,7759.579145728643,0,1,Tutup_baru (1).wav
-458.424072265625,30.133821487426758,4.478538513183594,1.7599053382873535,2.893688440322876,-2.3835721015930176,-3.577737331390381,0.5741877555847168,2.6104092597961426,-2.451916217803955,-7.106231212615967,-3.6953911781311035,-1.9327709674835205,0.6106013059616089,0.5903186202049255,0.6160551309585571,0.6383512616157532,0.6813496947288513,0.7044005393981934,0.7186597585678101,0.7846630215644836,0.7404142618179321,0.6021994948387146,0.6058800220489502,0.6260047554969788,17.41510872820354,13.597595918063854,16.6882749288394,15.968076308521553,16.71807511204074,17.200120732146623,17.579930616634975,0.009891633064516129,0.03616328164935112,7652.501843255259,5688.624391119238,14112.987231182795,0,1,Tutup_baru (10).wav
-408.7890625,75.65157318115234,31.947660446166992,21.349689483642578,6.221176624298096,-7.313190460205078,-9.486638069152832,-13.175283432006836,-5.875535011291504,-0.2721710503101349,-10.668975830078125,-9.091008186340332,-1.3007527589797974,0.4010891616344452,0.4096522629261017,0.42763853073120117,0.483379065990448,0.5761772990226746,0.6175354719161987,0.6631777286529541,0.6564258337020874,0.6072999835014343,0.49600180983543396,0.4479660987854004,0.40623629093170166,20.954796556666615,18.22056239306512,20.5674178193241,19.900465342110433,18.830239342230723,18.582992791080468,20.12506780837566,0.011286710569371727,0.14420455694198608,4978.7646080198265,3885.5652483853864,8819.33082460733,0,1,Tutup_baru (100).wav
-386.3576354980469,106.49108123779297,22.387779235839844,15.908884048461914,10.94347095489502,-7.2785325050354,-10.92327880859375,-11.333166122436523,-1.845721960067749,-2.020142078399658,-21.269622802734375,-12.492807388305664,1.9715471267700195,0.19672133028507233,0.17993080615997314,0.17650750279426575,0.18635399639606476,0.22171898186206818,0.22430521249771118,0.20882976055145264,0.2234497368335724,0.4728549122810364,0.9213480949401855,0.6712617874145508,0.25712284445762634,21.272271801697098,15.63699817582603,22.55933749702634,21.24646156869976,19.48810866899397,23.548076246699836,21.55775386518694,0.019996820494186048,0.13357751071453094,2348.329160551412,3161.2129952564273,4131.758720930233,0,1,Tutup_baru (11).wav
-350.3758850097656,121.699951171875,20.851913452148438,22.058767318725586,17.59784507751465,-11.710440635681152,-19.325403213500977,-13.458577156066895,4.505174160003662,0.03497272729873657,-29.000194549560547,-16.78457260131836,-0.8793171048164368,0.16447846591472626,0.16251453757286072,0.17491333186626434,0.18140675127506256,0.18393740057945251,0.18137098848819733,0.21507903933525085,0.3878597021102905,0.8608976602554321,0.628771960735321,0.2644977271556854,0.195928692817688,20.828342023179413,16.27441189300163,24.098106804420905,23.401573711163774,22.362377018239886,24.49356893598173,22.420051144443008,0.021265874714611874,0.23461614549160004,1745.865973677635,2765.9161048855835,3555.222602739726,0,1,Tutup_baru (12).wav
-352.60333251953125,124.5887451171875,17.974157333374023,20.67795181274414,12.131085395812988,-9.067279815673828,-8.649168968200684,-14.801430702209473,-2.624922513961792,0.5870177149772644,-26.788137435913086,-18.963415145874023,-3.867626190185547,0.17215898633003235,0.19673015177249908,0.22222056984901428,0.22640815377235413,0.23085182905197144,0.2508939206600189,0.28809452056884766,0.47003665566444397,0.8655023574829102,0.5529343485832214,0.218057781457901,0.1582014411687851,21.251293780533345,16.04567760321542,23.1950614732858,21.78314072544924,22.0695562294389,20.84905066652965,23.908689820800845,0.018705258810572688,0.20824304223060608,1623.090313613359,2687.571518298466,2801.3491189427314,0,1,Tutup_baru (13).wav
-361.59930419921875,121.24663543701172,20.709169387817383,16.3048038482666,5.194249629974365,-10.266776084899902,-10.501237869262695,-20.230545043945312,-4.623383522033691,3.0824360847473145,-23.585466384887695,-15.75300121307373,-1.33964204788208,0.23031915724277496,0.2929285764694214,0.2817372977733612,0.21738211810588837,0.21345269680023193,0.2311645895242691,0.1922203004360199,0.3203168213367462,0.6740700602531433,0.43742647767066956,0.1859850436449051,0.17884930968284607,20.175199208399107,16.15068196081979,22.53756814549592,22.885377018134832,21.20959854218508,20.979439878868867,23.43288502246187,0.020039625128600823,0.19796507060527802,1806.1479155373584,2885.9815754178003,3414.3518518518517,0,1,Tutup_baru (14).wav
-369.8268737792969,133.29605102539062,30.338306427001953,17.774106979370117,8.333233833312988,-9.71888256072998,-17.56468391418457,-20.88385009765625,-0.79958575963974,-2.0407814979553223,-28.746925354003906,-14.053062438964844,-3.1321980953216553,0.2281341850757599,0.2022768259048462,0.1844475269317627,0.18667097389698029,0.20405372977256775,0.24110734462738037,0.29646357893943787,0.4341006278991699,0.7223852276802063,0.40103960037231445,0.1557246297597885,0.15400007367134094,23.36866123986153,15.968580188378708,22.12202724630164,23.30125219557327,20.06976848109479,21.655192683387057,21.72744175366171,0.01865451388888889,0.1870122104883194,1535.8534417052263,2731.716657685757,2489.7916666666665,0,1,Tutup_baru (15).wav
-392.8595886230469,104.21487426757812,20.43149757385254,13.774493217468262,5.614792346954346,-7.367466926574707,-9.146403312683105,-13.426473617553711,0.9774222373962402,2.916837215423584,-20.490922927856445,-15.183147430419922,-6.3526082038879395,0.2569846510887146,0.22249247133731842,0.24492734670639038,0.26086360216140747,0.27185922861099243,0.28378742933273315,0.31422898173332214,0.4630182385444641,0.7709153294563293,0.537973940372467,0.32630860805511475,0.2889499068260193,19.947629168817244,15.653543791888056,20.771694238024345,21.18165732996598,17.89629553053929,19.666889671239456,21.366552414524858,0.01766123670212766,0.15018784999847412,2572.518427989845,3594.2729432313517,5436.801861702128,0,1,Tutup_baru (16).wav
-394.7294006347656,105.45738220214844,25.524295806884766,16.708986282348633,7.502718925476074,-8.156396865844727,-10.572807312011719,-11.87759017944336,-0.6203505992889404,-3.490426540374756,-24.682907104492188,-13.088912010192871,1.1612906455993652,0.20084936916828156,0.25094765424728394,0.28666937351226807,0.20106324553489685,0.16322259604930878,0.24298283457756042,0.24526627361774445,0.20077204704284668,0.32333818078041077,0.6740121841430664,0.5209161639213562,0.230747252702713,21.01074119424564,15.942054262726117,22.383461622378434,21.731782779120525,21.631258675254525,21.685410585398653,21.454476018770144,0.020810746173469386,0.14903423190116882,2161.8467408648908,3192.5224413208425,4185.9375,0,1,Tutup_baru (17).wav
-397.23297119140625,96.25855255126953,16.84939193725586,10.449491500854492,7.691034317016602,-7.475854873657227,-12.63834285736084,-10.463894844055176,3.627199411392212,-0.4290127754211426,-21.78260040283203,-11.625842094421387,-1.0686850547790527,0.21110564470291138,0.23494742810726166,0.30929386615753174,0.25492995977401733,0.25824618339538574,0.3373687267303467,0.43071168661117554,0.605902373790741,0.785484790802002,0.4669604003429413,0.2719799280166626,0.25494447350502014,19.793236538876062,14.398399135492252,19.872518268964892,19.89932554851598,18.65633484239852,20.637828602551643,21.194477027103762,0.018391228540772533,0.15239155292510986,3048.027467339954,3840.843435461714,6828.6614806866955,0,1,Tutup_baru (18).wav
-384.7396545410156,98.6476058959961,21.217771530151367,18.149824142456055,7.9841437339782715,-8.60775089263916,-7.790528774261475,-7.392730712890625,4.043307304382324,1.3682682514190674,-19.219362258911133,-10.378594398498535,-3.9170608520507812,0.23197652399539948,0.26916420459747314,0.32382917404174805,0.32856160402297974,0.3356710970401764,0.3326742947101593,0.35227733850479126,0.5131839513778687,0.7472521066665649,0.46287980675697327,0.2722718119621277,0.2296324223279953,20.12916038246366,14.946447220020715,20.589578821617298,21.286471622045692,20.093833757256554,20.398671927347838,22.62914588505621,0.019700351731601732,0.16608920693397522,2487.1534754934987,3544.248128749256,5278.510551948052,0,1,Tutup_baru (19).wav
-469.37908935546875,41.099464416503906,5.694368362426758,-0.3853059411048889,6.203164577484131,2.7020974159240723,-2.855462074279785,-0.9691853523254395,1.4972752332687378,-2.493459701538086,-6.359594821929932,-4.169824123382568,-3.626774311065674,0.652249813079834,0.6689188480377197,0.6820343732833862,0.6972223520278931,0.7250885963439941,0.7368282675743103,0.7198101878166199,0.6925166249275208,0.7453625798225403,0.8138765692710876,0.8283331990242004,0.701617956161499,15.46893465252179,13.102182327157037,15.215825785760398,15.970268792427783,16.168496513267723,17.128202656548456,15.671849045147246,0.0062058971774193545,0.04095003753900528,7493.647775195586,5773.016799751584,14089.177707373272,0,1,Tutup_baru (2).wav
-413.67999267578125,91.57657623291016,20.772377014160156,18.07284164428711,17.07320213317871,-3.7458324432373047,-14.351755142211914,-9.113192558288574,3.639291286468506,-2.200995683670044,-16.275039672851562,-7.333052635192871,-5.155630588531494,0.21905851364135742,0.23756043612957,0.22428956627845764,0.25342562794685364,0.30410894751548767,0.29686239361763,0.30544692277908325,0.44712236523628235,0.7297481298446655,0.6048962473869324,0.36973312497138977,0.22279666364192963,21.30300920108316,14.185031645567435,19.778553628763706,20.10004218749186,19.001072402298046,19.529621368980653,20.429923563234393,0.018041897924710424,0.13970716297626495,2800.5745085301437,3903.1449780632643,6435.35834942085,0,1,Tutup_baru (20).wav
-427.81982421875,55.6754035949707,4.381794452667236,16.299510955810547,7.843163013458252,-13.038509368896484,-10.036948204040527,-7.56399393081665,-1.2143826484680176,0.7250774502754211,-13.224313735961914,-9.964851379394531,-1.1298234462738037,0.39978665113449097,0.361993670463562,0.43138912320137024,0.4226968586444855,0.38184279203414917,0.349474161863327,0.3394228219985962,0.3915473222732544,0.4972122311592102,0.6344244480133057,0.5584894418716431,0.45518210530281067,16.620496698949538,14.23916898661668,18.92674315452215,20.21653685950674,19.878754907681152,18.795773798515068,20.266571703528044,0.0178498407369146,0.09698988497257233,4651.554561797763,4703.702062838895,9559.271694214876,0,1,Tutup_baru (21).wav
-453.5690002441406,64.47512817382812,24.425012588500977,13.427268028259277,8.053377151489258,-5.549344539642334,-11.87890625,-5.616931438446045,2.8791744709014893,0.02071259543299675,-9.10000228881836,-9.074234008789062,-7.015680313110352,0.40438053011894226,0.43303659558296204,0.4421498775482178,0.46454930305480957,0.5038732290267944,0.49406668543815613,0.509796142578125,0.6144981384277344,0.7729535102844238,0.6586284637451172,0.5639572143554688,0.43948206305503845,18.00998395630685,16.460697794674715,19.825566832923933,20.740107715114444,19.492476827724616,18.152110641527777,16.833829119541083,0.008935006342250923,0.07706382125616074,5370.693783251921,4555.893174908054,10076.222324723247,0,1,Tutup_baru (22).wav
-409.11016845703125,70.91175079345703,28.32294464111328,15.212480545043945,-0.5795199871063232,-9.245848655700684,-7.602905750274658,-7.27280855178833,1.5458970069885254,-0.5268470644950867,-14.15234375,-11.393993377685547,-10.761096954345703,0.31402331590652466,0.2804006040096283,0.2817539572715759,0.29788851737976074,0.3175739347934723,0.33079424500465393,0.44723960757255554,0.5826561450958252,0.6638057231903076,0.49634483456611633,0.4657115340232849,0.43968430161476135,18.358227807611925,14.356397150344826,21.016926787437413,20.162673312041733,18.242603000047904,18.3016931874591,20.44478898381517,0.015317211819066147,0.13297665119171143,4250.522059305521,4249.611222902157,8543.561527237354,0,1,Tutup_baru (23).wav
-426.9591369628906,74.2524185180664,15.777684211730957,13.97164535522461,4.9280900955200195,-4.920517444610596,-7.963777542114258,-11.923345565795898,3.4530580043792725,1.5524325370788574,-18.84231948852539,-9.568371772766113,-4.652053356170654,0.4734485447406769,0.4151644706726074,0.4085003137588501,0.4350968599319458,0.436682790517807,0.443996787071228,0.4815598428249359,0.623515784740448,0.7718100547790527,0.6194242238998413,0.5157220959663391,0.5268427133560181,17.88046228520303,14.134426512420369,19.201411142243835,19.087562144473182,19.025146789748234,19.152616769854866,20.894682942872766,0.014275934278350515,0.11992821097373962,4955.813012875932,4362.9026814361405,9406.088917525773,0,1,Tutup_baru (24).wav
-439.9773864746094,68.54186248779297,10.372294425964355,13.77305793762207,5.863532543182373,-6.976880073547363,-6.738028049468994,-7.92088508605957,2.2436718940734863,-1.1122350692749023,-17.530664443969727,-8.314196586608887,-6.080715179443359,0.42059677839279175,0.41145142912864685,0.4486149251461029,0.4544733762741089,0.4422834813594818,0.4545128643512726,0.4998330771923065,0.7020551562309265,0.7520363926887512,0.5724043846130371,0.5511730313301086,0.5226392149925232,16.245377305891513,13.132019352938885,18.686612147362347,17.66993437002781,17.375530229554993,18.2967212638651,20.378792063042376,0.012163278449820788,0.10782229155302048,5085.687578916454,4595.972163464766,9788.64247311828,0,1,Tutup_baru (25).wav
-410.26153564453125,81.82222747802734,19.39720916748047,15.876090049743652,8.738763809204102,-5.924396514892578,-13.030782699584961,-16.579689025878906,-1.7674810886383057,0.28818804025650024,-16.679540634155273,-9.404694557189941,-5.8384904861450195,0.3692226707935333,0.3425379693508148,0.36411792039871216,0.3377718925476074,0.33851781487464905,0.36273393034935,0.39740994572639465,0.6623329520225525,0.6617154479026794,0.4281763434410095,0.392619252204895,0.40109753608703613,19.560553180488267,14.080122261168727,20.92813523864238,20.906637887982335,19.60399923016085,19.938343343894392,21.697049705714353,0.017284784933460078,0.14036540687084198,3874.333175023868,3923.5794495660116,7340.393298479087,0,1,Tutup_baru (26).wav
-408.3797912597656,81.82151794433594,16.181333541870117,15.183377265930176,10.366300582885742,-4.963528156280518,-10.883469581604004,-13.066232681274414,0.8917616605758667,1.43154776096344,-19.05743408203125,-12.00366497039795,-4.110254287719727,0.3298530876636505,0.29961901903152466,0.2931983172893524,0.28474175930023193,0.2975383996963501,0.30706143379211426,0.3994458317756653,0.676512598991394,0.5083170533180237,0.39501985907554626,0.41388383507728577,0.41662126779556274,19.916428801816778,14.551405888789317,20.754224261727988,19.958333837384224,20.17119788635256,19.997278212415015,21.513775693857895,0.02030616734215017,0.16971136629581451,3661.384960342959,4036.3057353857926,7469.523250853243,0,1,Tutup_baru (27).wav
-410.58624267578125,74.66443634033203,13.927720069885254,13.339428901672363,5.636889457702637,-4.8191680908203125,-6.08752965927124,-11.559123039245605,0.28767111897468567,1.0778025388717651,-18.74240493774414,-10.08523178100586,-3.233550548553467,0.44447335600852966,0.45342278480529785,0.4463777244091034,0.43704113364219666,0.4456326961517334,0.43837177753448486,0.5122631192207336,0.7607682347297668,0.6761323809623718,0.5138693451881409,0.5098263621330261,0.47669267654418945,18.526721664947484,14.770188848642555,19.25538449709068,18.698872036061495,18.353510259986276,19.600014041927487,20.931235363305316,0.013108811936936937,0.16020533442497253,5032.121100979288,4387.485941185528,9311.725788288288,0,1,Tutup_baru (28).wav
-417.38922119140625,66.72509765625,12.45090103149414,11.203603744506836,5.6281352043151855,-4.965377330780029,-9.297294616699219,-11.708507537841797,1.0444188117980957,-1.1164135932922363,-17.229541778564453,-6.18050479888916,-1.764290452003479,0.4882439076900482,0.4864547550678253,0.4880080819129944,0.5100492835044861,0.5372072458267212,0.5711202025413513,0.5883272290229797,0.7774208188056946,0.7225797772407532,0.5488386154174805,0.5653283596038818,0.5318444967269897,18.774890120161395,15.466227699414679,19.872792810992365,19.571214175176546,19.0686139427677,19.76135814101329,20.90373727661848,0.011314700555929919,0.15126106142997742,6324.094759505847,4675.222458395601,11210.137297843667,0,1,Tutup_baru (29).wav
-431.3019714355469,75.56489562988281,27.8243350982666,11.520821571350098,3.2719390392303467,-4.809849262237549,-4.669034957885742,-2.6541762351989746,-0.940594494342804,-4.059089183807373,-9.204574584960938,-5.375909805297852,-4.183216571807861,0.5260835886001587,0.49896132946014404,0.44807538390159607,0.43290770053863525,0.4365787208080292,0.4547189772129059,0.4807141423225403,0.5334442853927612,0.5600187182426453,0.4568873345851898,0.4763711988925934,0.505143404006958,21.62415893946894,13.801939438530408,17.559830878928075,17.774293724155157,18.234578675708534,17.468452746576205,17.968371260169413,0.018571895649779735,0.04627520963549614,3972.1428576811313,4028.2520142325357,6777.051211453744,0,1,Tutup_baru (3).wav
-423.919189453125,75.59646606445312,16.29684066772461,12.269055366516113,5.712069511413574,-3.9499847888946533,-7.822226047515869,-12.820446968078613,1.2125324010849,3.1527135372161865,-17.282541275024414,-11.541891098022461,-4.419140338897705,0.4288976788520813,0.43339553475379944,0.4479271471500397,0.4740998148918152,0.4903462529182434,0.4867176413536072,0.5616140961647034,0.7345452904701233,0.5617570281028748,0.5221797823905945,0.515371561050415,0.443886935710907,18.631176490825798,14.911966661491048,19.901086343047236,19.39276439450907,18.454394930611308,19.237337616706427,20.33533887134307,0.011639155564263324,0.13141730427742004,5117.165124904954,4326.134210138048,9331.872061128526,0,1,Tutup_baru (30).wav
-429.3860778808594,73.93875122070312,8.872682571411133,10.483793258666992,0.7245484590530396,-8.939190864562988,-6.184403896331787,-10.924215316772461,0.006967418361455202,-2.6905319690704346,-22.14410400390625,-8.495919227600098,-1.399305820465088,0.4626046419143677,0.4517297148704529,0.47258758544921875,0.5028244853019714,0.5187211632728577,0.5134462118148804,0.49487635493278503,0.4714865982532501,0.5141180753707886,0.6485798358917236,0.8581175208091736,0.6134034395217896,16.148241122432328,15.061604810410266,19.44309186585631,18.13677277724629,18.611538269800626,19.794840604832352,21.25639976634048,0.011137372324902724,0.11440327763557434,5511.223290882584,4455.470381731111,9887.250729571984,0,1,Tutup_baru (31).wav
-436.25933837890625,66.38737487792969,14.173905372619629,14.296942710876465,4.680302143096924,-4.006997108459473,-2.3062691688537598,-6.753231525421143,-0.32249635457992554,-4.350652694702148,-17.85088539123535,-6.174984931945801,-2.746380567550659,0.4392055869102478,0.4561696946620941,0.4823978841304779,0.5337665677070618,0.5826215744018555,0.569033145904541,0.5462519526481628,0.5125916600227356,0.5591728687286377,0.7599132657051086,0.787150502204895,0.529615044593811,17.631357047420813,14.937368176615957,19.227364896590103,17.024238601771295,17.260798907143993,18.46556679833503,19.404653482680104,0.011190785114840989,0.09547144919633865,5578.513371930082,4577.366338209284,10160.363295053003,0,1,Tutup_baru (32).wav
-428.3980712890625,65.56205749511719,15.67020320892334,11.432685852050781,2.096804141998291,-4.70837926864624,-3.6765618324279785,-6.863438129425049,0.35880327224731445,-4.128787517547607,-17.004249572753906,-6.334629058837891,-3.2015528678894043,0.4444946348667145,0.45072123408317566,0.47190216183662415,0.4989907443523407,0.5153729319572449,0.498871773481369,0.49354609847068787,0.48929479718208313,0.5415995121002197,0.7141793370246887,0.7685808539390564,0.5379309058189392,16.91751364434309,14.7755833329766,18.14911253371792,17.441635132064523,17.300660245027036,17.931901810610274,20.042160749518512,0.012516093164794007,0.07236909121274948,5059.085213745014,4434.33891764646,9364.378511235955,0,1,Tutup_baru (33).wav
-435.5633239746094,78.60926055908203,17.815250396728516,13.64172077178955,2.1711244583129883,-3.6939120292663574,-2.253312587738037,-10.207237243652344,0.05589555576443672,-1.7938615083694458,-19.249013900756836,-7.358483791351318,-3.553969383239746,0.4347207844257355,0.41587650775909424,0.40880462527275085,0.43069395422935486,0.4549000561237335,0.45896491408348083,0.4752715826034546,0.4750741720199585,0.5701084136962891,0.7834683060646057,0.7724127769470215,0.5296623706817627,17.396987173126792,14.21294231707492,18.823590223789278,17.2739365561108,16.639063091042395,18.49724804185191,20.578309421924917,0.012368525048638132,0.09742642939090729,4638.676449210177,4269.881105110268,8706.894455252917,0,1,Tutup_baru (34).wav
-427.6687316894531,90.6602554321289,20.066007614135742,13.91655445098877,6.226477146148682,-4.136425495147705,-6.764007568359375,-10.047711372375488,-0.9899469017982483,-7.417343616485596,-20.91922378540039,-5.863816738128662,-3.063565969467163,0.39871612191200256,0.3537091016769409,0.34310784935951233,0.36365821957588196,0.3957560360431671,0.39028400182724,0.3896627724170685,0.40187230706214905,0.5327119827270508,0.8469811677932739,0.7926464080810547,0.49310222268104553,17.991770846893427,14.680610969436483,19.183380889975563,16.36426661677789,17.27502081572863,18.46736700310957,20.326953877807956,0.014684063170600859,0.1139184907078743,4040.255582012576,3941.3922728784974,7578.460300429185,0,1,Tutup_baru (35).wav
-449.5764465332031,78.8825454711914,12.606569290161133,14.554180145263672,0.6884362697601318,-5.059293270111084,-1.2688994407653809,-9.818981170654297,0.35565587878227234,-5.14659309387207,-21.130468368530273,-4.906848907470703,-4.395594596862793,0.39300599694252014,0.3681185841560364,0.37920278310775757,0.424971342086792,0.4514072835445404,0.46304044127464294,0.49528077244758606,0.482008695602417,0.5243194103240967,0.7038575410842896,0.7177292704582214,0.470816969871521,16.7195265728071,13.672695211893318,18.376896209406596,17.27940597084206,16.859831851028762,18.68896543986702,21.337429470053788,0.016821394751082252,0.08020973205566406,4226.588527296487,4344.260264748482,8327.719155844155,0,1,Tutup_baru (36).wav
-448.1291809082031,61.124351501464844,13.560694694519043,10.801773071289062,1.4905760288238525,-2.5678350925445557,-2.7113466262817383,-9.352499008178711,-1.362152338027954,-4.681031227111816,-14.804388046264648,-2.516655683517456,-2.9295525550842285,0.5061811208724976,0.5193369388580322,0.5274694561958313,0.5512188076972961,0.5792121291160583,0.5692638158798218,0.557519793510437,0.5575650334358215,0.6119948625564575,0.7945038676261902,0.8139679431915283,0.5706881880760193,17.030508922085307,14.155991089212328,17.801882545768535,16.505171453311167,16.07515935061675,17.645713728607472,19.63365806698619,0.011859150359424921,0.08719876408576965,5997.53807029414,4810.558839660767,11006.938897763579,0,1,Tutup_baru (37).wav
-422.65704345703125,85.33747100830078,18.212648391723633,16.185117721557617,3.6360199451446533,-3.46504807472229,-0.002958888653665781,-9.468018531799316,-1.8598690032958984,-4.53139591217041,-21.70790672302246,-6.375110149383545,-1.119296908378601,0.4179106056690216,0.42982327938079834,0.4333442747592926,0.44948115944862366,0.46862563490867615,0.4636823236942291,0.47050780057907104,0.48542559146881104,0.6424146890640259,0.8512722253799438,0.6154813170433044,0.4341108202934265,18.982418281009068,15.525384946308108,20.924806998875425,18.39089099445806,18.061184138091363,19.01310380051775,21.606743060719857,0.011850873161764705,0.11754617094993591,4828.068649201276,3978.432653203607,8264.70588235294,0,1,Tutup_baru (38).wav
-422.85516357421875,78.94676971435547,12.236197471618652,13.409485816955566,3.6065237522125244,-10.04169750213623,-6.517460823059082,-7.297958850860596,-0.6844868063926697,-6.333282947540283,-20.762348175048828,-4.933725357055664,-0.8527781963348389,0.3791133463382721,0.393030047416687,0.3839017450809479,0.3647114038467407,0.40576598048210144,0.4037593603134155,0.39973509311676025,0.3993227481842041,0.48687687516212463,0.8057206273078918,0.8098697662353516,0.4764244556427002,17.091836183710686,14.455485237949036,19.681515620807815,18.68198986921621,18.34055973704643,20.000088557190555,21.70842665254339,0.015494433951465202,0.12035766988992691,4343.308889788929,4142.091375700307,8387.362637362638,0,1,Tutup_baru (39).wav
-455.71356201171875,43.442745208740234,13.931731224060059,9.01438045501709,7.856563091278076,0.7605361938476562,-2.220182180404663,-0.21085229516029358,2.0161874294281006,-1.7269388437271118,-6.333581447601318,-3.1970694065093994,-3.081529140472412,0.42270901799201965,0.4439508318901062,0.486083060503006,0.5039979815483093,0.5188316106796265,0.5742115378379822,0.6715575456619263,0.7238849997520447,0.6310549974441528,0.497112900018692,0.43923741579055786,0.41698917746543884,20.43938038627118,12.441913406965467,15.266590573858947,16.537996472043048,17.394578127760344,16.104426287396258,17.428124108464324,0.01584349160992218,0.04396089166402817,4734.296950756684,5238.173811207548,10046.93579766537,0,1,Tutup_baru (4).wav
-410.2249755859375,85.32029724121094,16.408016204833984,18.195392608642578,4.7169647216796875,-10.017756462097168,-5.316404342651367,-7.262360095977783,0.27676063776016235,-5.851405620574951,-22.901947021484375,-4.921735763549805,0.5696449279785156,0.34991252422332764,0.3490925133228302,0.3825252652168274,0.42210522294044495,0.4474543035030365,0.4263063967227936,0.43120041489601135,0.47670355439186096,0.6874194741249084,0.8068689703941345,0.524697482585907,0.3902256488800049,17.093736307580944,14.654459704153124,19.45394493640445,18.660480869315442,17.976371569947776,20.177339330887524,22.06419144439397,0.013520525830258303,0.15263555943965912,4256.27130986428,4053.5504300574244,8107.991236162362,0,1,Tutup_baru (40).wav
-457.0889892578125,52.022186279296875,20.110456466674805,11.847067832946777,6.368398666381836,-0.2823212742805481,-2.577242136001587,-4.087895393371582,-0.7302871346473694,-0.40577006340026855,-6.967281341552734,-5.229560375213623,-1.8465923070907593,0.5814597010612488,0.5642911791801453,0.5493488311767578,0.5820193290710449,0.6299194693565369,0.6871790885925293,0.6862748861312866,0.6507797837257385,0.6299473643302917,0.5881216526031494,0.5748137831687927,0.5727115273475647,18.54641829839042,12.776116040896408,15.498341465417104,15.90774163155619,16.207377531668186,16.276746346856157,17.755396815388124,0.015776041666666667,0.05932227522134781,5931.877419107121,4931.562791507659,11158.625,0,1,Tutup_baru (41).wav
-452.0605163574219,60.85271453857422,18.468448638916016,10.806137084960938,4.685927391052246,-1.3465815782546997,-3.7418177127838135,-6.372844219207764,2.0199506282806396,2.5857017040252686,-8.655783653259277,-5.774993896484375,-3.7251312732696533,0.5849248170852661,0.5647693276405334,0.5645079612731934,0.5872477889060974,0.654682993888855,0.705447793006897,0.7410646080970764,0.6819015741348267,0.6065526008605957,0.5435907244682312,0.5577555298805237,0.6027002930641174,19.313238423585098,13.487444228426686,15.892222873905887,16.977549400379715,15.977473548703674,16.356125869557086,18.68498083501213,0.011426089313880125,0.07232916355133057,6074.431297958671,4888.351351530065,11233.956033123028,0,1,Tutup_baru (42).wav
-464.88201904296875,52.8316535949707,20.16954231262207,10.042582511901855,6.366770267486572,0.9000791907310486,-5.166074752807617,-6.913778305053711,0.969120442867279,1.5653516054153442,-7.994054317474365,-8.472293853759766,-4.872969150543213,0.5588769912719727,0.6024968028068542,0.6304156184196472,0.6535348892211914,0.6765695214271545,0.6866705417633057,0.6984219551086426,0.675365686416626,0.6809718012809753,0.6790784597396851,0.6410318613052368,0.5773201584815979,18.251861277201872,14.182559714917042,16.42278784418019,17.325484050931472,17.454673282932422,17.10783864516522,17.752059216096438,0.008373187975285171,0.06255462765693665,6673.866032351811,5007.030229614433,12103.285408745247,0,1,Tutup_baru (43).wav
-432.1782531738281,67.14200592041016,20.4953670501709,10.567424774169922,6.307058334350586,-0.3255985677242279,-6.4735331535339355,-7.808858394622803,4.092351913452148,3.3088345527648926,-10.34289264678955,-7.950705051422119,-4.729947090148926,0.5479094982147217,0.5804917812347412,0.5654155611991882,0.5779534578323364,0.6093414425849915,0.6466460824012756,0.6961132884025574,0.6699842214584351,0.6205572485923767,0.548745334148407,0.5246042609214783,0.5167615413665771,19.08721368514031,14.083807968043681,17.27433308763151,17.832630635516157,16.914918869823907,16.52996507248403,19.032968381610065,0.011428061162451361,0.09523272514343262,5971.396076746281,4601.852264820888,10885.943579766537,0,1,Tutup_baru (44).wav
-454.9374084472656,71.33080291748047,20.670440673828125,12.45075511932373,6.289834022521973,1.2915836572647095,-3.9573934078216553,-8.431572914123535,4.498425006866455,3.299753189086914,-11.35177993774414,-6.281396389007568,-4.928340911865234,0.5603578090667725,0.6083860993385315,0.6007057428359985,0.5973736047744751,0.6032018065452576,0.6077786087989807,0.6293697357177734,0.6691822409629822,0.6501675248146057,0.5607300400733948,0.532170832157135,0.525722324848175,18.68356049886854,12.837482637618171,16.359346904337524,16.686008268969804,15.75597785596434,16.30238546332219,19.476491423072368,0.010803970025510205,0.08238149434328079,5458.235437927589,4584.066318280578,10156.951530612245,0,1,Tutup_baru (45).wav
-439.88922119140625,72.14190673828125,21.64647674560547,13.272139549255371,9.136815071105957,-0.5665432810783386,-6.813340187072754,-7.9386677742004395,3.4045777320861816,4.6136860847473145,-9.314547538757324,-8.570609092712402,-3.908329963684082,0.5298244953155518,0.5731578469276428,0.5941256880760193,0.6206943392753601,0.6500077247619629,0.6686599254608154,0.7003178000450134,0.6751055121421814,0.6138556599617004,0.5170077085494995,0.5038808584213257,0.5095557570457458,20.621066656855927,14.215134843543447,16.159197914432514,17.576060986692035,16.97956507806985,16.43798535628154,19.513797936094754,0.010476366433397683,0.08780345320701599,5684.952890502646,4459.843506025255,10378.197393822395,0,1,Tutup_baru (46).wav
-452.43548583984375,67.04349517822266,22.45702362060547,14.369499206542969,9.561771392822266,1.0042355060577393,-2.1372690200805664,-3.2438910007476807,1.8155286312103271,1.5475164651870728,-6.683269500732422,-5.63994836807251,-4.458197116851807,0.49904102087020874,0.4819231331348419,0.474671334028244,0.48395317792892456,0.4961758852005005,0.5472646951675415,0.6325365900993347,0.6182903051376343,0.6163921356201172,0.5907134413719177,0.5577608346939087,0.5146580934524536,18.4960575716004,12.833577544646609,15.800284347749457,16.989536715372665,17.18358708234733,16.708010645735342,18.321702655770967,0.012213004109327217,0.06598237156867981,4257.42829146175,4381.883199455214,8469.036697247706,0,1,Tutup_baru (47).wav
-472.7943115234375,60.65593719482422,19.968547821044922,11.789617538452148,3.693389654159546,-1.4247578382492065,-1.3390836715698242,-4.015450954437256,2.384080171585083,2.5444986820220947,-6.815001010894775,-3.839315414428711,-3.380117177963257,0.6438608765602112,0.6554387211799622,0.6551745533943176,0.685749888420105,0.7342206835746765,0.7489789724349976,0.7201129794120789,0.6668300032615662,0.6857855319976807,0.6745401620864868,0.6755427122116089,0.6449968814849854,17.51735039076036,12.704607049461861,14.930268817338355,16.262047328135047,15.502670587725307,15.589012444394575,18.55260877922058,0.008761300689799332,0.06306581199169159,6733.75777886558,4971.869739897549,12071.33152173913,0,1,Tutup_baru (48).wav
-455.1333923339844,62.982181549072266,21.50361442565918,9.754319190979004,3.0205891132354736,-1.4443033933639526,-1.9700196981430054,-3.285423755645752,1.9936529397964478,1.6408586502075195,-5.648544788360596,-2.450439929962158,-0.7563146948814392,0.3624049425125122,0.38925909996032715,0.4467982351779938,0.5319295525550842,0.5721569657325745,0.6392558813095093,0.6308320760726929,0.5275550484657288,0.5397692918777466,0.4783099293708801,0.4342118799686432,0.3735054135322571,19.21932929019328,13.192477892352791,15.59027319586663,16.752668423008473,16.927850966642104,15.936027550959208,18.23051435355005,0.014533208886430678,0.06583225727081299,4870.213645138081,4810.414133329949,10050.608407079646,0,1,Tutup_baru (49).wav
-444.3831481933594,49.6779899597168,15.834806442260742,8.278239250183105,6.950467109680176,0.5393584966659546,-2.0404326915740967,0.6489758491516113,3.771684169769287,-0.655089259147644,-6.9279327392578125,-3.9001166820526123,-3.647010087966919,0.38350674510002136,0.40278729796409607,0.40816664695739746,0.5089020133018494,0.4473797380924225,0.4582471251487732,0.5239286422729492,0.5792046785354614,0.5459131002426147,0.45851442217826843,0.43910032510757446,0.3899060785770416,20.285400276206005,11.25529008934735,15.466605255154496,16.31962243993292,18.72478238263204,17.722820194776787,17.55478623854453,0.029388571009389672,0.048453301191329956,4432.554534696658,4845.241857017814,9327.574823943662,0,1,Tutup_baru (5).wav
-467.7034606933594,62.960357666015625,25.534103393554688,15.429555892944336,8.49338436126709,2.597066640853882,1.9662503004074097,-0.06514931470155716,2.162100076675415,1.0946568250656128,-6.046167850494385,-4.601141452789307,-3.1080944538116455,0.5895835161209106,0.6397954821586609,0.6567621827125549,0.6736335158348083,0.6876037120819092,0.6449690461158752,0.6214115619659424,0.6047666072845459,0.6267358064651489,0.5815986394882202,0.553541898727417,0.544812798500061,20.38886186682845,12.505969322926886,14.550446598468367,15.409525701353047,15.966343710919872,15.238455579496158,18.43632901627024,0.011550580626888218,0.05872389301657677,5555.545097456014,4654.141308434226,10245.019826283988,0,1,Tutup_baru (50).wav
-483.3704833984375,45.46807861328125,16.64829444885254,6.938581466674805,3.4387006759643555,0.9635547995567322,-0.5348251461982727,-2.2649481296539307,0.9756596088409424,2.048556089401245,-2.4624528884887695,-3.13850736618042,-3.613823890686035,0.5441809296607971,0.5505621433258057,0.5636780858039856,0.5553767085075378,0.62437504529953,0.7006975412368774,0.6450878977775574,0.6196449995040894,0.6266372203826904,0.6109151840209961,0.6206035614013672,0.5768463015556335,17.092158378536947,14.293237758250438,16.869635590572823,16.867354453420155,16.510111784859973,15.761943151849524,16.724055294574796,0.012748142930327869,0.038833409547805786,6287.735007577052,5463.9522230121265,12305.071721311475,0,1,Tutup_baru (51).wav
-374.5457458496094,106.13044738769531,30.95864486694336,15.492152214050293,-3.6324992179870605,-4.52908182144165,0.5655113458633423,-10.49086856842041,6.334936141967773,8.984320640563965,-17.785606384277344,-13.78488826751709,-11.28980541229248,0.3564242422580719,0.3857820928096771,0.4206819236278534,0.44419723749160767,0.46167463064193726,0.47971105575561523,0.597977876663208,0.7025864124298096,0.43879249691963196,0.29354727268218994,0.2995329797267914,0.36449065804481506,23.7165754412186,15.695798176924818,20.520636213133578,21.70691990445455,17.551727224591367,20.616761079127073,23.077664061405272,0.01591026825716846,0.19770337641239166,3727.8070949545395,3476.98579841228,6841.9018817204305,0,1,Tutup_baru (52).wav
-398.2268371582031,111.83983612060547,41.34714889526367,17.954530715942383,2.1385746002197266,1.817976474761963,4.798060417175293,-5.323796272277832,4.570652484893799,6.397584438323975,-16.36107635498047,-16.863250732421875,-11.644850730895996,0.3557930886745453,0.41464635729789734,0.43717268109321594,0.47442716360092163,0.49440261721611023,0.4994216561317444,0.5180118083953857,0.5495449304580688,0.5810753703117371,0.454584002494812,0.37192410230636597,0.33418694138526917,22.221102078185663,15.953641828581876,19.68993563308753,20.006753229770638,18.38599822102626,19.19259245496567,20.768688508304965,0.011926299523955774,0.16260315477848053,3420.994394047583,3374.379101767334,6339.930128992629,0,1,Tutup_baru (53).wav
-382.1533203125,105.46971130371094,20.930940628051758,7.81260347366333,-4.227766513824463,-2.7191107273101807,-0.606374979019165,-17.767114639282227,-3.29961895942688,2.0600619316101074,-20.971538543701172,-10.03232479095459,-4.011997699737549,0.43896228075027466,0.39849764108657837,0.3938446044921875,0.4222387373447418,0.4249872863292694,0.43416309356689453,0.48223868012428284,0.5276938676834106,0.6255617141723633,0.50208580493927,0.38093897700309753,0.3842078149318695,20.552352071113933,15.974457573036899,19.45022527595349,20.08896638380351,20.424802897486686,21.73456822421636,22.55662103445176,0.014550509227019498,0.15371675789356232,4448.061379915604,3702.3160266621967,7713.679491643454,0,1,Tutup_baru (54).wav
-401.0194091796875,96.0439682006836,26.95888900756836,12.571097373962402,1.5683413743972778,-4.487053871154785,-5.490891933441162,-9.464041709899902,4.130211353302002,1.6595699787139893,-18.786998748779297,-9.86910343170166,-1.7496044635772705,0.3329160809516907,0.3548530638217926,0.42281970381736755,0.41584253311157227,0.47918176651000977,0.5357733964920044,0.4996550381183624,0.516387403011322,0.5066079497337341,0.4230358302593231,0.33797040581703186,0.3138435184955597,21.82239924350317,14.645985914570879,18.543149726734722,19.747986134629304,18.19526710822363,18.64400725223701,20.899785838200824,0.017015636873100305,0.13173797726631165,4142.770120103723,3913.2866278297097,7786.806610942249,0,1,Tutup_baru (55).wav
-439.7666015625,87.0823745727539,32.929012298583984,17.341978073120117,8.223686218261719,-0.5977324843406677,-3.9053380489349365,-8.300920486450195,-3.8274662494659424,-3.0607547760009766,-13.645572662353516,-10.03968620300293,-2.0142931938171387,0.4055948257446289,0.4197167754173279,0.43097105622291565,0.430453896522522,0.48030558228492737,0.5150543451309204,0.5627491474151611,0.5743862390518188,0.5205262303352356,0.5143887996673584,0.48593375086784363,0.395836740732193,21.119763931282638,16.26742059142307,18.88570927487516,17.52724887412642,17.874622634913464,16.61972500390261,17.969909618584012,0.01410049096009975,0.1033826470375061,4139.369280087939,4000.0645418471636,7602.575592269327,0,1,Tutup_baru (56).wav
-374.6704406738281,111.55752563476562,28.228689193725586,13.621102333068848,4.974627494812012,-5.042418956756592,-8.96550178527832,-15.410858154296875,-1.2759342193603516,2.262312173843384,-18.351978302001953,-11.216720581054688,0.10710056126117706,0.23044757544994354,0.25862589478492737,0.2859272360801697,0.33020520210266113,0.4380911886692047,0.4966658651828766,0.5484831929206848,0.5153400897979736,0.4381115138530731,0.4748149514198303,0.3635048568248749,0.24622738361358643,21.07921346393504,16.041022536251333,19.75953404566081,20.328917641956785,20.327181459684653,19.869652525615106,21.91910098879363,0.017410874640804597,0.20683836936950684,3124.9794204452996,3338.14876828991,6255.010775862069,0,1,Tutup_baru (57).wav
-391.294189453125,106.90174102783203,30.0737361907959,18.496625900268555,8.188572883605957,-3.963486671447754,-8.972230911254883,-16.366792678833008,-1.5820006132125854,2.1949729919433594,-20.753538131713867,-13.580484390258789,-0.28010034561157227,0.29132094979286194,0.30667465925216675,0.36689355969429016,0.42677614092826843,0.45770376920700073,0.4760333001613617,0.5302810072898865,0.5953453779220581,0.5745636224746704,0.4094531834125519,0.32038530707359314,0.2875896692276001,21.681065015437483,16.548228788051215,20.566927138477492,20.09998076350118,19.507061710813012,20.326786145015042,22.64688367945291,0.014331808565914489,0.17153647541999817,3673.8453214066135,3247.125138888042,6728.789340855107,0,1,Tutup_baru (58).wav
-367.3594970703125,102.95710754394531,27.204246520996094,15.302061080932617,6.307769775390625,-4.2170844078063965,-10.306999206542969,-16.829227447509766,1.3827048540115356,4.999461650848389,-19.595182418823242,-13.574689865112305,-3.307805061340332,0.2608138620853424,0.2882193326950073,0.36950811743736267,0.422620952129364,0.45308756828308105,0.5055837631225586,0.5512135028839111,0.5256634950637817,0.48969635367393494,0.35121411085128784,0.2731535732746124,0.24988380074501038,21.435548659032822,15.478674232693134,19.236449886797583,19.877425342494664,18.67806232738738,19.595271402259755,23.295020770643717,0.013956604761166252,0.17801660299301147,3065.2490066004566,3254.662150898019,6085.3753101736975,0,1,Tutup_baru (59).wav
-463.7442932128906,28.061296463012695,3.6507487297058105,1.6582754850387573,3.1852333545684814,-1.9878559112548828,-3.0428709983825684,1.154645562171936,2.6869051456451416,-2.3682758808135986,-6.4093194007873535,-3.623133420944214,-3.055466651916504,0.6292511820793152,0.6504143476486206,0.6611233353614807,0.7057134509086609,0.7573859691619873,0.7754419445991516,0.7570532560348511,0.762819230556488,0.741138756275177,0.6540517807006836,0.6337363719940186,0.6115363240242004,16.448284321174494,12.964218152843626,15.387049395267413,15.018886943330465,15.810666647242128,16.736842071560353,17.192950606286885,0.012068256578947369,0.03399762138724327,7931.932813800028,5757.996142959339,14636.430921052632,0,1,Tutup_baru (6).wav
-382.53729248046875,110.93682861328125,30.249786376953125,17.036901473999023,5.716004371643066,-5.499351501464844,-8.906235694885254,-14.47792911529541,2.514207363128662,5.294482707977295,-19.132930755615234,-11.963387489318848,-1.1701200008392334,0.26042628288269043,0.3256363272666931,0.35103434324264526,0.40286949276924133,0.47363224625587463,0.4833837151527405,0.5138137936592102,0.5002580285072327,0.4909224212169647,0.5028711557388306,0.3611745536327362,0.25179964303970337,23.469465777074223,16.629155634914838,19.03037149554134,21.269721445229774,19.2274822645782,20.759379403902148,22.904342377033448,0.013247178286240786,0.16194383800029755,3644.1364597799807,3326.2863223741533,6630.105958230958,0,1,Tutup_baru (60).wav
-436.103515625,58.70451354980469,18.108154296875,11.348960876464844,10.303630828857422,2.806105852127075,-3.8282158374786377,-4.948869228363037,2.3784263134002686,0.46438097953796387,-9.680144309997559,-5.910670757293701,-2.1907761096954346,0.5092241764068604,0.5623248219490051,0.594391405582428,0.6520019173622131,0.679169237613678,0.6388835310935974,0.6168573498725891,0.5982164144515991,0.613810122013092,0.5526332259178162,0.4971748888492584,0.48122766613960266,19.223066539660127,12.777197379215577,15.529764201000464,15.702900351232481,16.53768739121934,16.8360681423196,17.910948871640734,0.011849074177046264,0.09120610356330872,5392.234997644525,4786.712712919903,10420.429270462633,0,1,Tutup_baru (61).wav
-537.2882690429688,30.376840591430664,-1.4181675910949707,0.6954065561294556,4.111465930938721,1.18289053440094,0.6088586449623108,-0.6356659531593323,0.620318591594696,-1.5744805335998535,-6.171804904937744,-2.226971387863159,-0.6900098919868469,0.7298256158828735,0.75974440574646,0.7872232794761658,0.8144217729568481,0.868693470954895,0.8823869824409485,0.8268536925315857,0.7587445378303528,0.7574788928031921,0.7467715740203857,0.7652975916862488,0.7332660555839539,17.139301318969377,14.005317009969612,15.356779659457828,15.363609224609693,16.286597359038062,17.006432301000178,17.46633244970222,0.00797654706027668,0.023146573454141617,8888.231359801723,6037.3151213883675,15950.006175889328,0,1,Tutup_baru (62).wav
-508.21405029296875,37.861785888671875,1.7485039234161377,3.1305043697357178,5.088818073272705,1.3269234895706177,1.0119324922561646,-0.4833226203918457,1.1147229671478271,-0.8907955884933472,-5.975332260131836,-2.643786668777466,-1.4464914798736572,0.6620848774909973,0.6889446377754211,0.7142503261566162,0.771923303604126,0.829372227191925,0.8292946815490723,0.8212711811065674,0.7315550446510315,0.7133031487464905,0.7058494687080383,0.7146981358528137,0.6825090646743774,16.893490872379843,12.719506170187397,13.672656121645499,13.996643576288237,14.965612403195818,15.069217328830526,16.279230276953076,0.009482466466894978,0.03233456239104271,8086.611331554544,5825.579170498384,14754.494863013699,0,1,Tutup_baru (63).wav
-510.376708984375,29.560802459716797,-0.22454145550727844,2.8873097896575928,4.685263633728027,1.2807199954986572,1.3563385009765625,-0.6415870785713196,0.6345588564872742,-0.05434109643101692,-4.307403564453125,-1.5949580669403076,-0.9395971894264221,0.7087162733078003,0.7069424390792847,0.7376279234886169,0.7907838225364685,0.8179690837860107,0.8411633968353271,0.8552908897399902,0.7733587622642517,0.7623690366744995,0.7345240116119385,0.7316244840621948,0.7235404253005981,17.111710877994398,13.67510463271456,14.457061294137583,14.636244639458534,16.015598601583836,15.996898058946039,17.22962585183505,0.009327059659090909,0.025595877319574356,8423.786287497709,6007.063401783122,15420.170454545454,0,1,Tutup_baru (64).wav
-529.4204711914062,29.580276489257812,-0.7020237445831299,2.015967845916748,3.5393083095550537,-1.3429594039916992,-1.241339921951294,-1.1168895959854126,0.4642797112464905,-1.134591817855835,-5.417037487030029,-2.509138345718384,-1.412163257598877,0.720029890537262,0.733607828617096,0.7594438791275024,0.7914378046989441,0.8239500522613525,0.8269739151000977,0.8436404466629028,0.7832860946655273,0.7832722067832947,0.7730342745780945,0.7734739184379578,0.7268385291099548,17.288959863630183,14.16918050155817,15.211827352427067,15.449499491036915,16.043078372089955,16.537629061671183,17.10018340421737,0.0077764013861867706,0.026619890704751015,9086.076105382444,6087.427498045923,16260.609192607004,0,1,Tutup_baru (65).wav
-526.8810424804688,28.51663589477539,-1.934083104133606,2.524810552597046,3.931044816970825,-1.989380955696106,-1.1934055089950562,-0.38148534297943115,0.8280095458030701,-1.2377278804779053,-5.4565606117248535,-1.8907898664474487,-0.6631519794464111,0.7426818609237671,0.7535322308540344,0.7632220983505249,0.7956469058990479,0.8504406809806824,0.8505213856697083,0.8357430100440979,0.7737390398979187,0.7834604382514954,0.7942505478858948,0.7938758730888367,0.7456417083740234,15.543314464037483,12.926649061764925,14.27146007308572,14.480666126893347,14.973366605056702,15.633600602146936,16.30901238965375,0.007890761106271777,0.02771678753197193,9083.701804040484,6078.0840506790655,16302.618684668989,0,1,Tutup_baru (66).wav
-481.7814025878906,25.566099166870117,2.5254344940185547,4.204244136810303,4.132635593414307,1.035292625427246,2.4808826446533203,-0.0799775943160057,-0.5716030597686768,1.138041615486145,-2.667186737060547,-3.562239408493042,-1.1750067472457886,0.7002363204956055,0.7301084399223328,0.7588177919387817,0.8148960471153259,0.8523253798484802,0.8360763788223267,0.8129828572273254,0.7252777218818665,0.7070103883743286,0.6771713495254517,0.6900230050086975,0.6839237809181213,16.538349408123516,12.585146417055933,12.870359631925261,13.564784793565105,14.587347752076841,13.936320248149796,15.994700345795557,0.008564351751730103,0.029297593981027603,8152.996855036468,6022.786188989491,15175.983996539793,0,1,Tutup_baru (67).wav
-399.70550537109375,84.8246078491211,6.784353733062744,2.076978921890259,8.715655326843262,2.2930047512054443,-4.472813606262207,-14.37900161743164,-3.079808235168457,11.900211334228516,-6.111495494842529,-18.08888816833496,-4.922497749328613,0.4178730547428131,0.42579492926597595,0.45583876967430115,0.5217545628547668,0.5897305607795715,0.6229540705680847,0.5828531980514526,0.5379737615585327,0.5698236227035522,0.6316367983818054,0.5621675252914429,0.45541220903396606,18.919065229669787,15.00548818910107,17.4884893153736,19.53746613998224,20.36457963396842,18.400180154487202,19.884220389868972,0.015686736709770114,0.13275732100009918,5045.700401709204,4075.9636859026687,9410.290948275862,0,1,Tutup_baru (68).wav
-435.09722900390625,79.17667388916016,14.366472244262695,3.6144611835479736,10.154000282287598,6.149413108825684,-5.266907691955566,-12.592168807983398,0.4883873462677002,8.839639663696289,-6.184421539306641,-11.576549530029297,-3.3396108150482178,0.42628777027130127,0.45514652132987976,0.5096443891525269,0.6218096017837524,0.6474761962890625,0.6047282814979553,0.604793906211853,0.5926262736320496,0.6175520420074463,0.5790826678276062,0.5044249892234802,0.44827336072921753,20.524263868517977,15.462019813405933,16.70768781050474,19.22719007868815,18.146643605065083,17.179497532023742,19.42331330048751,0.012537286931818182,0.11177068203687668,5522.160275815048,4309.432619654308,10135.823863636364,0,1,Tutup_baru (69).wav
-479.0849914550781,28.439624786376953,2.8529040813446045,1.9695008993148804,4.331725120544434,-1.8210177421569824,-3.1398627758026123,1.5490472316741943,2.964538097381592,-1.5575361251831055,-5.325706481933594,-3.5916426181793213,-3.035578727722168,0.6551393270492554,0.6693441867828369,0.6608467102050781,0.6891939043998718,0.7193658947944641,0.7258877158164978,0.7497286200523376,0.7579431533813477,0.6743587255477905,0.6217657327651978,0.6219273805618286,0.6322131156921387,15.200459538442892,11.929524561912602,14.814857077422328,14.217043403084196,15.123120993712018,15.98555075658167,16.435608519011893,0.011036970297987616,0.03576258197426796,7817.895730148822,5839.402360113202,14762.649961300309,0,1,Tutup_baru (7).wav
-484.0213928222656,26.621553421020508,1.862737774848938,2.250739812850952,3.654071807861328,1.715021014213562,1.0594685077667236,-1.0574253797531128,0.9329015612602234,0.9226430058479309,-3.6654372215270996,-2.2267026901245117,-0.4054444134235382,0.7677503824234009,0.7971423864364624,0.81036776304245,0.8319294452667236,0.867062509059906,0.8762239217758179,0.8760061860084534,0.7903568744659424,0.7761043906211853,0.7554380893707275,0.7731969952583313,0.7560161352157593,17.888904746177587,15.169665840594952,15.5908049765362,15.552491600040135,15.999455993163714,16.29496383244343,17.313411817732966,0.005113164451827242,0.029797246679663658,9190.06141210321,6082.009088629775,16264.612749169435,0,1,Tutup_baru (70).wav
-415.5415954589844,78.48121643066406,8.07403564453125,5.547835350036621,6.169779300689697,-0.7489548325538635,-4.2146124839782715,-10.024797439575195,2.7743022441864014,6.17797327041626,-14.318047523498535,-10.787566184997559,-1.412561297416687,0.4266390800476074,0.44538170099258423,0.459056556224823,0.5133230090141296,0.5864368677139282,0.6145496368408203,0.64030921459198,0.5963183641433716,0.6243935823440552,0.6500603556632996,0.5042783617973328,0.4311133325099945,19.97779217356119,13.913842712099129,16.715585896322146,18.064316534219163,17.726660919050573,18.717431768599624,20.383196399015045,0.018776282156992084,0.12021513283252716,5147.52996774965,4458.232836696477,9873.30969656992,0,1,Tutup_baru (71).wav
-402.1972351074219,85.07122039794922,6.397976875305176,7.0114641189575195,1.324538230895996,-4.430732727050781,-4.276048183441162,-13.028813362121582,2.6659252643585205,3.6126930713653564,-18.713237762451172,-6.79107666015625,0.11833260208368301,0.40353137254714966,0.43601974844932556,0.4462551772594452,0.47662121057510376,0.5070340633392334,0.4876302480697632,0.5240590572357178,0.5382441878318787,0.6676415801048279,0.6448379158973694,0.4473477005958557,0.39409154653549194,19.444769399151472,14.249014425821251,18.306806149773628,19.0295078426394,18.287017973189002,19.579504398158516,22.350346560067624,0.015560540429042905,0.12112583965063095,4637.331903894503,4241.951707673507,8907.33292079208,0,1,Tutup_baru (72).wav
-383.56475830078125,105.84825897216797,14.582036972045898,10.370100021362305,3.8738462924957275,-0.8096081018447876,-2.8249568939208984,-16.49405860900879,2.9349889755249023,7.161438465118408,-22.6763858795166,-12.59095573425293,-0.9073714017868042,0.35946714878082275,0.37223994731903076,0.39864596724510193,0.4710427522659302,0.5415663123130798,0.5627927780151367,0.5548073053359985,0.5843461751937866,0.6568260788917542,0.5750889778137207,0.45273256301879883,0.3706821799278259,20.10315728645717,15.859279101700084,18.81200886773315,19.43992441291678,19.537039048359077,20.333580367738048,22.300757078766267,0.011986301369863013,0.16897130012512207,4284.389290109238,3768.0087334419027,7725.642123287671,0,1,Tutup_baru (73).wav
-382.03900146484375,102.16104888916016,15.48002815246582,9.379928588867188,7.262673377990723,-1.24122154712677,-7.729735851287842,-14.827070236206055,4.5594587326049805,6.45038366317749,-19.77996826171875,-11.040631294250488,0.2690781354904175,0.33227142691612244,0.3802329897880554,0.4466440677642822,0.5213077664375305,0.5432739853858948,0.5005878806114197,0.5238860845565796,0.5062434077262878,0.5539602637290955,0.5179509520530701,0.38664510846138,0.32271167635917664,21.338226475681275,15.671699722110128,18.431918837052987,19.834669036585495,18.836742375475946,20.271087683407263,22.723982901676425,0.014193166813380282,0.18004754185676575,4186.165493547191,3774.982703623918,7878.3010563380285,0,1,Tutup_baru (74).wav
-391.1151428222656,94.25568389892578,11.932170867919922,7.028110027313232,6.735420227050781,-1.0594240427017212,-6.7957940101623535,-13.476879119873047,3.5440402030944824,5.891836166381836,-18.570905685424805,-11.209806442260742,0.9595734477043152,0.37414419651031494,0.3855612874031067,0.4264046549797058,0.5130755305290222,0.5940123796463013,0.6461998224258423,0.6485193371772766,0.6141313314437866,0.609420120716095,0.49217936396598816,0.42341846227645874,0.38456296920776367,20.562821325847274,15.725563166844422,17.84836226618944,18.579140833760395,18.042299596847823,19.06790030069473,21.394231977109545,0.012112525201612902,0.15830227732658386,4877.3037256226135,3913.051567188547,8812.706195014664,0,1,Tutup_baru (75).wav
-395.106201171875,85.04136657714844,15.053404808044434,8.127209663391113,4.589997291564941,-1.3553948402404785,-5.744382858276367,-11.55589485168457,4.8133745193481445,5.617635250091553,-17.13716697692871,-9.86318302154541,-1.4561240673065186,0.4174077808856964,0.4458635151386261,0.4880993664264679,0.5601949691772461,0.6160567998886108,0.6296456456184387,0.6757786870002747,0.6327970027923584,0.6131877303123474,0.5292983651161194,0.44712892174720764,0.4059385359287262,20.832994029171733,16.58749937751791,18.829247248440662,19.65234881952563,18.47403594125887,20.134617523961523,21.165583985852056,0.010287909122562675,0.14916564524173737,5450.958310680367,4181.901120604985,9711.938544568246,0,1,Tutup_baru (76).wav
-376.9595031738281,130.8981170654297,16.12206268310547,15.871785163879395,-0.16807004809379578,-13.380675315856934,-7.553414821624756,-22.563039779663086,-0.07016551494598389,14.925348281860352,-22.392688751220703,-17.547822952270508,2.0808017253875732,0.21635198593139648,0.22170303761959076,0.22882607579231262,0.24178069829940796,0.2712390422821045,0.30584776401519775,0.40249335765838623,0.5071424245834351,0.5928682088851929,0.5931748151779175,0.3770780563354492,0.2476121038198471,19.98113078833926,16.34429137069897,20.588482445000373,23.970851311669872,20.796986028208867,21.633977272178594,26.69788319764463,0.019565415451895045,0.144023135304451,2258.5189527101943,2872.9099436506326,4143.107689504373,0,1,Tutup_baru (77).wav
-449.3948669433594,79.75861358642578,15.780993461608887,15.44683837890625,9.978532791137695,-2.1540706157684326,-4.532529354095459,-10.496946334838867,0.11830627918243408,4.417140483856201,-14.708776473999023,-8.63528823852539,4.773568630218506,0.45649152994155884,0.4856314957141876,0.5105598568916321,0.47480764985084534,0.4617438316345215,0.5073615908622742,0.5411728024482727,0.5249244570732117,0.6053373217582703,0.5423623323440552,0.4462816119194031,0.42981553077697754,20.124025133092566,14.542424912407794,18.996008516781746,19.034928746117853,18.812302081590197,17.9996609876351,20.171031376155245,0.012755004584352077,0.10049162060022354,4781.248369943022,4291.132389946032,8697.948502444988,0,1,Tutup_baru (78).wav
-352.53741455078125,129.341796875,35.3891716003418,20.925064086914062,-0.13285952806472778,-13.488404273986816,-10.856363296508789,-17.179412841796875,3.31695818901062,6.397853851318359,-26.093244552612305,-15.971566200256348,-3.3630971908569336,0.1295023411512375,0.18465331196784973,0.24136991798877716,0.2667371928691864,0.25486207008361816,0.2503117322921753,0.3080953359603882,0.43294426798820496,0.6059056520462036,0.3643493950366974,0.19142036139965057,0.12633372843265533,21.384939244672253,19.225089788122286,23.627948958115933,25.15882021485453,20.571325290599006,23.59855910683094,26.307963120938712,0.015986023813739376,0.21469974517822266,1913.6137353074816,2397.682743060196,3695.0247875354107,0,1,Tutup_baru (79).wav
-463.2243347167969,33.05733871459961,9.168866157531738,4.405174732208252,5.455808162689209,0.7316040396690369,-2.548341989517212,-0.04400087147951126,2.21118426322937,-2.0920374393463135,-6.352094650268555,-3.849083423614502,-3.294600486755371,0.45484083890914917,0.4582771360874176,0.4771450161933899,0.513041615486145,0.5594915151596069,0.6057474613189697,0.6852923035621643,0.7304697036743164,0.7240540385246277,0.554319441318512,0.4367583394050598,0.4490076005458832,18.138973582956655,11.991790701124861,15.998281836436798,14.998254064538278,17.088204669602725,16.67918363407323,17.035509104787593,0.01525297619047619,0.035059064626693726,5931.739856899432,5341.312502694057,11735.061813186812,0,1,Tutup_baru (8).wav
-367.8140869140625,114.67698669433594,51.30870056152344,28.716472625732422,9.803226470947266,-4.407354354858398,-6.183612823486328,-8.210333824157715,-4.850386619567871,-6.077059745788574,-19.18001937866211,-17.933698654174805,-12.044926643371582,0.0894097313284874,0.09485886245965958,0.11908397078514099,0.19539900124073029,0.2549757659435272,0.29798439145088196,0.36588287353515625,0.4914022386074066,0.6116299033164978,0.3469582200050354,0.15719202160835266,0.09030589461326599,23.51699551918952,17.80635807015274,24.988946596418728,23.169563922463524,19.6397845663243,19.671178652841,20.82889904962924,0.015489835640138408,0.21113990247249603,1357.6817617625586,2393.7737623384787,2401.0867214532873,0,1,Tutup_baru (80).wav
-373.0209045410156,109.38667297363281,20.151031494140625,9.371768951416016,0.9813592433929443,-5.904526233673096,-10.313129425048828,-17.28927230834961,5.827638149261475,6.015991687774658,-22.712371826171875,-11.637123107910156,-4.460057258605957,0.10669238865375519,0.15858057141304016,0.212070494890213,0.25472214818000793,0.336154967546463,0.349078506231308,0.39277708530426025,0.42975112795829773,0.4615345299243927,0.44556674361228943,0.25261253118515015,0.14419633150100708,22.87480887476247,17.78668224403675,20.978919357135005,22.978451089510543,21.325542553952545,23.16303940028168,24.975445788810454,0.023504286189209727,0.14405488967895508,2157.101495755357,3193.9566118242283,4412.875189969604,0,1,Tutup_baru (81).wav
-461.6925048828125,48.34970474243164,-4.008427619934082,7.8909592628479,2.3828814029693604,-10.226219177246094,-6.414135932922363,-5.359673976898193,5.387692928314209,5.221002101898193,-12.0652494430542,-7.580543518066406,-0.32036447525024414,0.7270326614379883,0.6490959525108337,0.5353298783302307,0.5309075117111206,0.5756064057350159,0.5586397647857666,0.5526102781295776,0.5414870977401733,0.5209743976593018,0.5238544344902039,0.558626651763916,0.5894699692726135,16.055169802724805,14.019022853860173,14.88360017632738,17.948877738539046,17.83511497496921,18.338762408789282,20.143777349850037,0.01764819226457399,0.06276064366102219,6144.435275179718,5178.3253436702935,12064.637051569507,0,1,Tutup_baru (82).wav
-387.7756652832031,102.20883178710938,6.50597620010376,13.962440490722656,2.4866387844085693,-15.996749877929688,-16.126171112060547,-17.33213233947754,10.0904541015625,6.490842819213867,-33.770111083984375,-16.332027435302734,2.1735000610351562,0.3492639660835266,0.24298161268234253,0.2593652904033661,0.32891231775283813,0.4025273025035858,0.3983585834503174,0.37324437499046326,0.34201735258102417,0.3484483063220978,0.3315027952194214,0.3549758791923523,0.3930657207965851,19.364735015906714,18.215455387380914,20.765179490532255,23.828142266293447,23.00142373130409,24.37313858113004,27.557740587351017,0.02177465904209622,0.11869073659181595,3162.9362124767727,3177.5914705015844,6117.831829896907,0,1,Tutup_baru (83).wav
-375.8497009277344,91.4696273803711,-8.215497970581055,5.638788223266602,-1.2995355129241943,-17.76244354248047,-10.452788352966309,-14.222432136535645,6.670644283294678,12.355696678161621,-26.319664001464844,-18.633975982666016,4.690476417541504,0.3394032418727875,0.2902776300907135,0.3063178062438965,0.35056594014167786,0.3803906738758087,0.4329030513763428,0.41583994030952454,0.4007280468940735,0.4023769795894623,0.46672719717025757,0.580397367477417,0.5022262334823608,16.50715350161886,17.355642479050232,21.007129553584655,23.90561560343634,21.390223913131386,22.779954084042284,25.934800452408542,0.02459762687969925,0.11766065657138824,3893.445221924027,3667.0499164212974,7779.429041353384,0,1,Tutup_baru (84).wav
-410.7545471191406,97.33546447753906,13.580671310424805,16.6230525970459,2.136227607727051,-11.323339462280273,-9.07701301574707,-17.317405700683594,2.0918831825256348,6.197537422180176,-24.012226104736328,-13.259359359741211,2.6001057624816895,0.35386043787002563,0.3409467339515686,0.3600967228412628,0.4045180380344391,0.4899557828903198,0.48604029417037964,0.47193387150764465,0.49306583404541016,0.5211179852485657,0.5884880423545837,0.5805137753486633,0.440263032913208,19.177338984649435,18.04678645141395,21.227904626571302,22.914279376760064,20.691324181596517,22.2325752538071,24.047727151708695,0.015663167537061994,0.12895438075065613,4155.649347188294,3679.2881797415134,7742.145384097035,0,1,Tutup_baru (85).wav
-372.560791015625,113.17496490478516,6.531296253204346,11.49718189239502,-2.2346303462982178,-18.62567710876465,-12.622554779052734,-17.068973541259766,6.100167751312256,7.818769454956055,-30.07744026184082,-15.083754539489746,4.407486438751221,0.297354519367218,0.30585628747940063,0.2953050136566162,0.3043596148490906,0.38757893443107605,0.5142240524291992,0.4618028402328491,0.41742199659347534,0.453679621219635,0.5681764483451843,0.6172034740447998,0.40155646204948425,17.529794406806822,18.148482242629296,21.735766933919162,23.229697896978408,21.43148449635995,23.43669948333925,25.42235541704553,0.019414280118384402,0.1670452505350113,3283.393658089424,3314.771913100226,6431.79839832869,0,1,Tutup_baru (86).wav
-376.4065856933594,113.0488510131836,6.002254486083984,9.630388259887695,-1.2229942083358765,-18.835403442382812,-14.795963287353516,-17.69805908203125,5.581004619598389,9.00564193725586,-26.82625389099121,-13.170246124267578,4.473084449768066,0.3326359987258911,0.341310977935791,0.3494730591773987,0.37104347348213196,0.53029865026474,0.6444991827011108,0.48295870423316956,0.4636197090148926,0.5002223253250122,0.5980031490325928,0.6288664937019348,0.38834282755851746,18.415195044822784,18.15407275049183,21.52770202741098,24.76654033314326,21.363248574281133,24.179087040992297,25.169422326091862,0.017509842925461743,0.15970160067081451,4215.8763695851285,3449.063640472542,7457.577506596306,0,1,Tutup_baru (87).wav
-379.7196044921875,102.75260162353516,6.77960205078125,5.85843563079834,0.4193207323551178,-13.9529447555542,-13.384319305419922,-13.910871505737305,3.8730673789978027,4.2840657234191895,-20.214889526367188,-10.258136749267578,-1.7498388290405273,0.2700204849243164,0.27070608735084534,0.29456430673599243,0.3358575701713562,0.38994234800338745,0.5288962721824646,0.5513488054275513,0.3864363133907318,0.38966086506843567,0.4509967267513275,0.4965111315250397,0.3909479081630707,18.665382449571375,16.34262637555062,19.752361471826283,21.71869378192498,19.400030490241985,21.16303538447847,24.136746442800042,0.019394121145013123,0.11705119162797928,3404.2134892955255,3433.592952127958,6650.959645669292,0,1,Tutup_baru (88).wav
-367.9419860839844,96.57266235351562,3.4335262775421143,-7.847726821899414,-3.7994425296783447,-5.006697654724121,-8.274861335754395,-14.035938262939453,3.2678706645965576,3.790055274963379,-25.3596134185791,-22.24260711669922,-7.348570823669434,0.3110259175300598,0.3331385552883148,0.39506766200065613,0.3209856450557709,0.31096166372299194,0.37892067432403564,0.40750738978385925,0.4395170509815216,0.45573753118515015,0.4862552881240845,0.5456826090812683,0.4060336649417877,17.310475789710743,14.91509145506389,18.582344403096823,20.861623905644105,21.561612217247355,21.670385849664047,24.114768233397925,0.031894649263595164,0.11025366932153702,2824.108058621115,3314.2668962078506,5969.764916918429,0,1,Tutup_baru (89).wav
-468.416748046875,27.98716163635254,3.547328472137451,2.083036184310913,3.2339110374450684,-2.027400016784668,-2.5235729217529297,1.407155156135559,2.522265911102295,-2.1916449069976807,-6.095488548278809,-3.6850619316101074,-3.1594762802124023,0.5349189639091492,0.5298458933830261,0.5957565307617188,0.6757869720458984,0.6649522185325623,0.6446249485015869,0.6624370217323303,0.6730364561080933,0.7062724828720093,0.6169125437736511,0.5514987707138062,0.5456750392913818,16.661286468799922,12.818235122002116,16.52312306152263,15.792813021374227,16.41363573272134,16.798044567996207,17.267447150281324,0.013805945444915254,0.034236494451761246,7317.748971988299,5713.785670016224,13976.615466101695,0,1,Tutup_baru (9).wav
-353.2956237792969,131.27981567382812,-5.097997665405273,-7.656016826629639,-0.8792151808738708,-10.265954971313477,-14.61580753326416,-17.790637969970703,8.95129108428955,5.872223854064941,-30.880502700805664,-13.970785140991211,0.11772868037223816,0.24579334259033203,0.2504740059375763,0.2740113437175751,0.2729959785938263,0.32742226123809814,0.3965024948120117,0.36706987023353577,0.35890448093414307,0.47151508927345276,0.6201695799827576,0.6312436461448669,0.3287959694862366,18.939194328964092,17.02513148700802,21.341584909751123,24.6491066996265,21.19126575625426,24.52395362992999,26.19687590347995,0.026633804563492063,0.15186098217964172,3242.915761243817,2897.266031660967,5638.913690476191,0,1,Tutup_baru (90).wav
-373.584716796875,109.06634521484375,-1.681371808052063,-3.97183895111084,-1.4747248888015747,-5.883788585662842,-8.295263290405273,-18.091800689697266,6.711347579956055,10.781962394714355,-29.54177474975586,-23.186038970947266,-1.2739369869232178,0.2879040241241455,0.33052968978881836,0.319538414478302,0.32481077313423157,0.3527165949344635,0.3729400634765625,0.40964436531066895,0.40026840567588806,0.5532912611961365,0.5490037798881531,0.47060051560401917,0.3497692942619324,17.624564791223726,16.06427849118393,20.236968639046008,23.13001223541605,22.201425054768436,23.21399307719887,24.7310437497098,0.02958230943991098,0.15546806156635284,3176.8717210609975,3349.465196315278,6377.086424332344,0,1,Tutup_baru (91).wav
-352.5868835449219,119.42948150634766,5.963244915008545,-5.150343418121338,-3.615709066390991,-7.762227535247803,-13.364109992980957,-18.001691818237305,10.536843299865723,9.432123184204102,-27.47426414489746,-16.723615646362305,-3.7291102409362793,0.32503584027290344,0.281356543302536,0.2936279773712158,0.3192499577999115,0.3785227835178375,0.49120885133743286,0.489104688167572,0.42457515001296997,0.4127112329006195,0.46896892786026,0.5974740982055664,0.439193993806839,19.264085803517293,17.8868783251744,19.324100178578146,23.516329968750632,20.292685570044505,23.225412161023133,25.78714348232106,0.01819737381559767,0.14834056794643402,3381.6373131446358,3070.1894018961584,6302.569241982507,0,1,Tutup_baru (92).wav
-412.71588134765625,89.52278137207031,17.01235008239746,4.9114203453063965,7.181015968322754,-3.146469831466675,-12.757955551147461,-13.505098342895508,-0.3002757132053375,1.7460368871688843,-14.426515579223633,-13.806246757507324,-4.487184047698975,0.4075116515159607,0.3239681124687195,0.3269636332988739,0.3495931625366211,0.4101254343986511,0.4909130036830902,0.5279502272605896,0.4999600052833557,0.5046915411949158,0.5152028203010559,0.5800062417984009,0.49356070160865784,18.265378101271427,16.209914471196715,19.885168132527703,20.641139907097678,19.670263607113995,19.0597499651645,20.071982121394406,0.02104637745596206,0.11794331669807434,3870.598241518864,3676.297695761753,7165.078760162602,0,1,Tutup_baru (93).wav
-395.8877258300781,95.2311019897461,18.146350860595703,15.266380310058594,3.1183903217315674,-11.461516380310059,-12.48193645477295,-15.464042663574219,3.6370811462402344,4.84035062789917,-22.156572341918945,-11.642287254333496,1.9234544038772583,0.3493605852127075,0.3315700888633728,0.34969842433929443,0.3883660137653351,0.4751320779323578,0.5289619565010071,0.48128700256347656,0.48020926117897034,0.5627219676971436,0.6331663131713867,0.5955817103385925,0.4194945991039276,18.717189837341557,16.0944596751479,18.37062522373141,20.766694957667134,19.523828498106944,20.160058412172575,23.453741101961242,0.014503457633053222,0.1173175722360611,4179.43962806912,3645.2118687113166,7678.308823529412,0,1,Tutup_baru (94).wav
-428.2498474121094,88.98603057861328,40.38882827758789,22.858173370361328,12.732635498046875,1.428220510482788,-8.5883150100708,-11.126489639282227,1.7028324604034424,3.204669237136841,-10.626802444458008,-8.710576057434082,-1.296787142753601,0.40542131662368774,0.40520572662353516,0.42305731773376465,0.46484509110450745,0.5426271557807922,0.5890840291976929,0.5688514709472656,0.5020371079444885,0.4539462625980377,0.4374733567237854,0.45339667797088623,0.42781901359558105,22.57608554936956,16.60925673295337,18.4727353189133,18.60503076512835,19.01329760659112,17.788519167744653,20.7848670593115,0.01451114570599022,0.10661081969738007,3793.0305773180603,3536.867701924815,7143.509321515892,0,1,Tutup_baru (95).wav
-423.0269470214844,90.98472595214844,8.828790664672852,12.812793731689453,-0.36253443360328674,-12.279829025268555,-5.767176628112793,-12.539687156677246,2.556980609893799,6.833134174346924,-18.55847930908203,-7.322941780090332,4.849732875823975,0.42376017570495605,0.3822546899318695,0.39816057682037354,0.4667080044746399,0.564197838306427,0.5982683300971985,0.5332334637641907,0.5194823741912842,0.6093785166740417,0.6489088535308838,0.6069794297218323,0.4934842884540558,17.13315318863702,14.799802565750912,17.065585654465075,19.0165407731011,18.211864432877,19.55659412459241,22.738899508739642,0.015293435013262599,0.11781889945268631,4640.221136101144,4215.143296030205,8872.989887267904,0,1,Tutup_baru (96).wav
-417.8135681152344,99.7027359008789,32.422325134277344,16.190481185913086,7.838521480560303,-1.7872302532196045,-8.946778297424316,-13.47395133972168,-1.4729533195495605,-0.2573099136352539,-13.438732147216797,-7.451219081878662,-1.9154787063598633,0.3884056806564331,0.41310128569602966,0.4434380531311035,0.48569831252098083,0.5332978963851929,0.5988113880157471,0.6248005628585815,0.6028605103492737,0.608604371547699,0.5390079617500305,0.4641283452510834,0.4129205048084259,21.479630090618286,16.451527968393655,19.05451852775032,18.444387389035285,18.8641979873809,18.748753862945996,20.99845478722886,0.01168001947592068,0.1302303522825241,4275.403717070519,3635.16100201267,7747.919617563739,0,1,Tutup_baru (97).wav
-403.3553161621094,94.83513641357422,28.345291137695312,15.761198043823242,4.833054065704346,-5.626102447509766,-9.593623161315918,-14.326021194458008,-1.0507794618606567,1.5663387775421143,-15.632094383239746,-9.842534065246582,-0.3666672706604004,0.4094785451889038,0.43826064467430115,0.4652230441570282,0.48711085319519043,0.5024693608283997,0.559831976890564,0.5762609839439392,0.5497854948043823,0.6117098331451416,0.550245463848114,0.4738078713417053,0.41500553488731384,20.120859735264034,16.18181654718705,19.186844657649047,18.855637508820106,18.675793570744606,18.716069451145472,21.6134413144291,0.01303752670940171,0.14135129749774933,4398.384799134473,3701.30907294164,7895.232371794872,0,1,Tutup_baru (98).wav
-417.0303039550781,99.8754653930664,26.096595764160156,13.030292510986328,7.573966026306152,-4.664834022521973,-14.139440536499023,-17.38594627380371,-0.4385319650173187,2.806506395339966,-16.179948806762695,-12.737929344177246,-1.4608826637268066,0.353721022605896,0.3662485182285309,0.4022679626941681,0.4503951966762543,0.5291655659675598,0.6270818710327148,0.610723078250885,0.55519038438797,0.5808860063552856,0.5177005529403687,0.42764487862586975,0.36050134897232056,20.310850794999343,16.401560622888294,18.211502745988923,18.632601524724787,19.655250163395465,18.27047925766963,21.181458734661643,0.01397485283933518,0.13655175268650055,4225.96886665821,3552.5068601050643,7683.5396468144045,0,1,Tutup_baru (99).wav
-319.18365478515625,100.89518737792969,-6.510380268096924,14.096405982971191,-17.206626892089844,11.930737495422363,-19.208454132080078,-4.536128520965576,9.730232238769531,-18.888715744018555,12.234423637390137,6.325384140014648,-5.253702640533447,0.2989557683467865,0.26973631978034973,0.18670760095119476,0.21844089031219482,0.32684001326560974,0.25743040442466736,0.3153032660484314,0.5236473679542542,0.34765496850013733,0.21536152064800262,0.2395358830690384,0.253688246011734,14.104868549224598,14.201003912264532,16.364519993790505,19.687565813845467,18.726288407185343,21.383037689776,39.62726188787051,0.06059451219512195,0.13870665431022644,2440.0619945583835,2599.622076716141,5287.538109756098,1,0,Rekaman baru 1.wav
-266.43914794921875,130.03659057617188,-13.876445770263672,8.885984420776367,-21.94186782836914,-6.9157938957214355,-29.036130905151367,-0.1799146831035614,18.045913696289062,-18.804304122924805,2.5328798294067383,8.239473342895508,-8.418663024902344,0.14318208396434784,0.1596072018146515,0.13930639624595642,0.13539864122867584,0.19289125502109528,0.615149199962616,0.45956215262413025,0.11023344844579697,0.10836702585220337,0.33035746216773987,0.23558494448661804,0.1339920610189438,17.120120778546234,17.718582285551456,20.27036373441127,21.27383438051938,19.28024249531042,24.92766867780133,39.865303116151104,0.037507233796296294,0.2449600249528885,1715.803551552713,2010.1095129348587,3080.034722222222,1,0,Rekaman baru 10.wav
-326.7388916015625,136.5288543701172,22.474407196044922,34.732295989990234,-13.059659004211426,18.575353622436523,-16.233556747436523,-2.625889778137207,15.81351089477539,-26.397167205810547,12.55362319946289,-5.428583145141602,-18.786094665527344,0.41137784719467163,0.3712223768234253,0.2643069922924042,0.13689440488815308,0.10855352878570557,0.12919418513774872,0.2527976334095001,0.5419121980667114,0.27409592270851135,0.14743906259536743,0.20897509157657623,0.3585588037967682,20.426162982412308,15.331721703043003,19.22801278345683,18.033167381694547,15.356794765897241,16.77654753220574,37.610385507855014,0.031273818597560975,0.17123253643512726,1598.2352999402945,2231.6007515824176,2957.888719512195,1,0,Rekaman baru 100.wav
-331.8526306152344,92.93403625488281,-32.46295928955078,-12.383663177490234,-23.470712661743164,-7.066527366638184,-19.707956314086914,6.715005397796631,17.956558227539062,-19.194955825805664,0.13638880848884583,10.069392204284668,-12.078570365905762,0.4100656807422638,0.10757400095462799,0.010679284110665321,0.0287321824580431,0.08271422982215881,0.021909035742282867,0.09477733820676804,0.38376757502555847,0.173964723944664,0.02856716886162758,0.023959649726748466,0.11324877291917801,11.374592593095171,16.94621303124014,21.182527303424116,22.861247665972723,22.03420300447406,29.109528132036964,33.017416647566904,0.023877640845070422,0.22084316611289978,1207.224255840252,1284.9053828463377,1871.0387323943662,1,0,Rekaman baru 11.wav
-269.1371765136719,125.50199890136719,-28.260526657104492,12.877312660217285,-26.142290115356445,-12.489818572998047,-42.07765579223633,-7.041532039642334,21.381908416748047,-32.088314056396484,-8.32469654083252,9.16085433959961,-9.674949645996094,0.16942647099494934,0.04743989557027817,0.016112305223941803,0.146455779671669,0.5021786093711853,0.13327889144420624,0.10330523550510406,0.06341159343719482,0.11027822643518448,0.33040735125541687,0.1577715426683426,0.24536815285682678,10.975998501520959,18.315122429534618,20.759845739541582,24.830333705359074,23.159756113340165,32.548596090083834,37.73829810106839,0.02919306717519685,0.30407214164733887,1446.5936968964263,1778.4159217102965,2577.5713582677167,1,0,Rekaman baru 12.wav
-300.13616943359375,105.4494400024414,-27.201457977294922,-4.61149787902832,-26.19797706604004,-2.6045024394989014,-30.133960723876953,-5.927328109741211,10.956207275390625,-18.952817916870117,-0.07777316123247147,10.181617736816406,-12.638387680053711,0.15180306136608124,0.25579312443733215,0.10923914611339569,0.07464469969272614,0.09448876976966858,0.16712790727615356,0.10815611481666565,0.25522685050964355,0.5729643702507019,0.2038559466600418,0.07227523624897003,0.08355661481618881,11.755436560029112,17.590153933204576,19.22025419035088,22.796113760237876,21.615837836595702,28.3015516429919,36.61462205785108,0.025189271907216496,0.24731990694999695,1401.7566495171188,1724.732836499941,2390.625,1,0,Rekaman baru 13.wav
-304.43328857421875,103.08837890625,-28.66102409362793,-0.18696604669094086,-41.4986457824707,0.19071729481220245,-13.351950645446777,2.602210521697998,4.330221176147461,-29.647594451904297,-0.9013577699661255,-3.2931721210479736,-12.35308837890625,0.19592362642288208,0.13469409942626953,0.20658917725086212,0.2984308898448944,0.4398413598537445,0.2303716242313385,0.093045674264431,0.20840255916118622,0.25959309935569763,0.2035146951675415,0.19983087480068207,0.36670592427253723,10.624314198187438,20.6392053182491,21.172103634343763,22.39266430679732,26.154737540133514,29.093940711616643,38.44589015652345,0.04082242018884892,0.23139546811580658,1824.749640858021,2101.7009876542324,3704.9797661870502,1,0,Rekaman baru 14.wav
-308.707275390625,111.89987182617188,-24.34355354309082,-22.006736755371094,-36.8482666015625,4.816980838775635,-7.366644859313965,5.51858377456665,-1.7584117650985718,-11.05472469329834,5.247371673583984,1.208271861076355,7.4507527351379395,0.10086408257484436,0.06279787421226501,0.11873828619718552,0.21984338760375977,0.17582476139068604,0.2730218768119812,0.3256153166294098,0.38241666555404663,0.3909452259540558,0.15570473670959473,0.12664549052715302,0.16939541697502136,12.608891808913196,9.97756279381621,14.485994420103035,15.830458315970208,22.52651014457021,18.35298540390534,33.80144811991616,0.03394359546703297,0.1919594705104828,1375.0548688957747,1516.506657309027,1712.9979395604396,1,0,Rekaman baru 15.wav
-313.9880065917969,93.34271240234375,-18.95549774169922,1.6634193658828735,-22.523195266723633,11.769491195678711,-14.007318496704102,0.02476084604859352,5.128174781799316,-13.292046546936035,8.814998626708984,6.184797286987305,-7.151034832000732,0.051098160445690155,0.046586353331804276,0.06485404819250107,0.042761556804180145,0.1288432627916336,0.4481033980846405,0.1887226104736328,0.03618482127785683,0.047865476459264755,0.11927349120378494,0.4709407389163971,0.20392915606498718,13.041600947822742,16.252509249813354,18.974626280111146,20.553466147807658,22.78819819019728,25.607650460680084,34.75818482910742,0.040459355221518986,0.19225412607192993,1729.2460790436728,1860.4984127091159,3502.2745253164558,1,0,Rekaman baru 16.wav
-299.7157897949219,102.11598205566406,-2.443455219268799,13.299376487731934,-18.465181350708008,12.306849479675293,-18.211915969848633,0.12853200733661652,10.809371948242188,-25.556514739990234,14.775883674621582,4.4146037101745605,-14.334290504455566,0.10481779277324677,0.17690438032150269,0.17765653133392334,0.14289911091327667,0.26670965552330017,0.49839991331100464,0.30730900168418884,0.23865097761154175,0.21346093714237213,0.21497642993927002,0.2793695330619812,0.13579049706459045,16.42806608173696,17.959644782698874,19.78577651130051,21.081247112154706,21.157952993376107,26.77925149885831,37.656144657976974,0.0613058864480198,0.201597660779953,2311.4609546352267,2221.137228341763,4244.740099009901,1,0,Rekaman baru 17.wav
-269.0679626464844,126.1757583618164,-5.268852710723877,12.7210111618042,-19.22931671142578,10.37783145904541,-22.040231704711914,-6.835415363311768,16.47089195251465,-22.157651901245117,4.763700008392334,6.243619441986084,-8.525659561157227,0.08234342187643051,0.2408185601234436,0.23748411238193512,0.1493622213602066,0.18500320613384247,0.188444584608078,0.5561763644218445,0.41301000118255615,0.22102205455303192,0.13063755631446838,0.14105252921581268,0.076555036008358,17.90741866625035,17.443876131615518,21.759040765491957,22.561818986680507,21.563288604394348,26.87295424480086,41.47560027603016,0.0752201403601695,0.2127992808818817,2443.9461108856312,2354.676612497776,3904.6610169491523,1,0,Rekaman baru 18.wav
-336.5395202636719,92.97566986083984,4.213543891906738,7.495450973510742,-20.57361602783203,9.33318042755127,-17.223066329956055,-1.470763921737671,14.346480369567871,-20.289270401000977,9.930255889892578,2.3253259658813477,-8.204609870910645,0.12201118469238281,0.1412016898393631,0.147048220038414,0.07728628814220428,0.1301361322402954,0.41457730531692505,0.27660009264945984,0.12821775674819946,0.11299847066402435,0.14776009321212769,0.23430751264095306,0.2023143321275711,14.469034983816393,14.552722470090934,17.273487099160942,18.2052843680212,17.365778041718574,20.89086136915776,35.04418129143613,0.054508257515822785,0.14580440521240234,2055.3835974210883,2077.9647418661793,4161.491297468355,1,0,Rekaman baru 19.wav
-256.26898193359375,129.18251037597656,-8.710776329040527,22.70810317993164,-22.86884117126465,-8.820845603942871,-33.84345245361328,-10.385416030883789,21.175025939941406,-21.27364730834961,-9.441061973571777,9.032453536987305,-10.939106941223145,0.0512239933013916,0.043393343687057495,0.16938495635986328,0.13268710672855377,0.08883126825094223,0.16451561450958252,0.14690044522285461,0.4423118233680725,0.29571083188056946,0.2308357208967209,0.32660844922065735,0.1714843064546585,15.706491273882454,18.915878136538726,23.316888019030944,24.928803883230902,21.89045413281642,27.868765014373682,41.45874811960303,0.02734079071969697,0.2866107225418091,1504.6431183005902,2020.0303064761183,2789.7727272727275,1,0,Rekaman baru 2.wav
-279.5391845703125,125.73373413085938,4.31670618057251,19.29075050354004,-21.965166091918945,0.8794607520103455,-30.181251525878906,-15.895466804504395,24.04751205444336,-24.26463508605957,-6.162802696228027,7.553004741668701,-4.2362799644470215,0.10321192443370819,0.20646239817142487,0.08138758689165115,0.16438232362270355,0.18193373084068298,0.20145756006240845,0.47221216559410095,0.12702326476573944,0.2595197260379791,0.38055720925331116,0.10247129946947098,0.02965596690773964,18.33966619034255,19.187304898653096,25.144856695147954,27.256030106614872,22.8320747226691,34.59497246347855,43.06559882717621,0.03515625,0.2111644446849823,1807.2634047164306,2375.568356367005,4505.721830985915,1,0,Rekaman baru 20.wav
-310.0374755859375,138.6796112060547,17.874614715576172,32.09257507324219,-19.222341537475586,10.035959243774414,-28.020788192749023,-14.935525894165039,24.19735336303711,-28.017791748046875,3.0642592906951904,7.015181541442871,-9.399679183959961,0.16173666715621948,0.21546189486980438,0.29694515466690063,0.5293101072311401,0.48205801844596863,0.12009608745574951,0.06596075743436813,0.09328829497098923,0.05209193006157875,0.1400417536497116,0.23967613279819489,0.15995050966739655,20.935450968782185,17.833962047347867,19.621950934264,21.913061781295195,19.284527965170465,26.41560752432828,40.903988443664666,0.03344528074186992,0.19827811419963837,1682.7474863453779,2202.8110715967437,3397.675304878049,1,0,Rekaman baru 21.wav
-301.3706970214844,107.77770233154297,4.2210516929626465,25.460346221923828,-26.920623779296875,1.9989298582077026,-32.89090347290039,-18.925575256347656,20.551395416259766,-29.575302124023438,-4.346720218658447,7.363277912139893,-13.736214637756348,0.06523136049509048,0.0464865006506443,0.08896306902170181,0.29362010955810547,0.14342956244945526,0.06175617873668671,0.028339380398392677,0.02770226076245308,0.07153467833995819,0.22190818190574646,0.49828773736953735,0.22593824565410614,14.118329739700346,19.235024542196182,23.480465032565025,23.245656226799543,20.300997005598017,29.91691679681255,43.020800017609105,0.04123485331632653,0.21720147132873535,2133.2192728931527,2570.66089194277,5308.195153061224,1,0,Rekaman baru 22.wav
-339.58660888671875,86.82263946533203,11.460018157958984,20.742542266845703,-18.45574378967285,16.3937931060791,-20.652498245239258,-4.081989288330078,15.433807373046875,-28.809406280517578,13.620414733886719,7.72625732421875,-11.518075942993164,0.26111483573913574,0.382808655500412,0.25107789039611816,0.1361340433359146,0.09998099505901337,0.15116842091083527,0.27428460121154785,0.1529141664505005,0.11174653470516205,0.13269498944282532,0.14883024990558624,0.16961073875427246,13.232194853101682,13.403438765413249,14.90254067497946,16.325121642790272,16.73776088499371,22.29226023466678,37.671082430563025,0.11901976330445545,0.13343724608421326,3276.15992733637,2347.6874124310343,5241.181930693069,1,0,Rekaman baru 23.wav
-276.456787109375,127.81607818603516,-8.124040603637695,13.197284698486328,-13.217595100402832,14.890213012695312,-9.410265922546387,6.672195911407471,17.217741012573242,-17.301801681518555,8.294585227966309,2.8968076705932617,-11.273358345031738,0.1851077526807785,0.25713109970092773,0.13840149343013763,0.21256490051746368,0.49862000346183777,0.25952914357185364,0.1678001880645752,0.19808264076709747,0.3224633038043976,0.4852893352508545,0.28533321619033813,0.18886183202266693,12.53861623548932,14.433592704991595,18.16886870943926,18.437927549156694,17.394381345434475,20.698878421714483,37.879621516533305,0.02499641628440367,0.217934250831604,1430.8168916968045,1905.7373677262867,2860.2350917431195,1,0,Rekaman baru 24.wav
-269.41864013671875,135.7833709716797,-14.438643455505371,8.346516609191895,-16.255399703979492,9.6083984375,-11.246931076049805,5.0384392738342285,18.989866256713867,-22.2457218170166,-0.725925624370575,8.217964172363281,-11.628263473510742,0.04004644230008125,0.09620042145252228,0.08477462828159332,0.37471863627433777,0.35973942279815674,0.05550491809844971,0.08323368430137634,0.12018613517284393,0.3586364686489105,0.2151535302400589,0.06214966997504234,0.0299852155148983,16.076280774744642,16.476244438217932,22.098344460724352,23.52290467529475,19.308440012097428,24.234676115585252,37.77047515730718,0.02974537037037037,0.239457368850708,1358.2506253393324,1769.11756267184,1988.7152777777778,1,0,Rekaman baru 25.wav
-263.58306884765625,133.6036834716797,-9.443275451660156,16.835168838500977,-9.554862976074219,15.813655853271484,-7.938608169555664,0.8840686082839966,17.04435157775879,-20.73223114013672,1.7918705940246582,7.598389148712158,-12.320268630981445,0.04033735394477844,0.07766413688659668,0.12466751039028168,0.12721487879753113,0.38453176617622375,0.19422413408756256,0.10906786471605301,0.1405182033777237,0.24428457021713257,0.34089043736457825,0.16120754182338715,0.07111572474241257,15.689222693352841,17.22746213369016,22.152651445615756,22.392183428187295,19.91536961187877,23.811195624297653,38.12788224423472,0.02824949308206107,0.27172479033470154,1373.6824804292833,1851.7134412787113,2211.8916984732823,1,0,Rekaman baru 26.wav
-287.13629150390625,137.96115112304688,11.92170524597168,21.12415885925293,-5.1689772605896,15.168567657470703,-9.10888957977295,-4.978893280029297,21.131397247314453,-16.54027557373047,6.065245628356934,10.386512756347656,-18.120590209960938,0.1596687138080597,0.1433393806219101,0.12235796451568604,0.15952135622501373,0.13650918006896973,0.20659080147743225,0.19339172542095184,0.348398894071579,0.6647239327430725,0.34786683320999146,0.18442386388778687,0.15244196355342865,15.565226586690489,15.12893092866176,22.99478274742274,22.698701408915536,16.909794344383666,22.640036120261964,39.57500421959545,0.022026637091708542,0.20765259861946106,1348.5409355602278,2029.7001571980554,2285.921796482412,1,0,Rekaman baru 27.wav
-303.927490234375,127.71592712402344,0.8710872530937195,20.64594078063965,-5.075754165649414,13.10567569732666,-15.141955375671387,-5.376709461212158,19.490184783935547,-13.331734657287598,4.115159511566162,8.325165748596191,-10.357471466064453,0.10952850431203842,0.09186841547489166,0.08710744231939316,0.11338222771883011,0.13007862865924835,0.21570904552936554,0.1970042884349823,0.35066014528274536,0.6028327345848083,0.30594056844711304,0.18128804862499237,0.12891362607479095,13.781377407517073,15.388755738827957,19.481255932298552,20.03674160811046,15.756122343011237,19.54730581842983,37.03867711100205,0.02134717200413223,0.1984255462884903,1323.8565165660716,1865.5210597278442,2257.55423553719,1,0,Rekaman baru 28.wav
-281.025634765625,146.44058227539062,-5.298514366149902,29.46806526184082,-8.660435676574707,16.89212417602539,-13.531268119812012,-13.447629928588867,31.178543090820312,-13.927807807922363,-0.3779986500740051,12.523578643798828,-14.745991706848145,0.07214076071977615,0.0646895319223404,0.06396233290433884,0.11432065069675446,0.10721336305141449,0.2535995543003082,0.22299881279468536,0.40228548645973206,0.6360242962837219,0.24982623755931854,0.09483236074447632,0.06898414343595505,14.285033623721658,15.694851846209556,22.195128304422184,23.800523487774072,17.01345292827852,21.484329495983797,41.43851386080029,0.02412944936497326,0.19764047861099243,1462.3834589148883,2119.7658746636466,2698.696524064171,1,0,Rekaman baru 29.wav
-286.72308349609375,117.25914001464844,-7.003235340118408,6.989683151245117,-25.48339080810547,-10.139345169067383,-30.008705139160156,-5.040887355804443,10.16794204711914,-19.494251251220703,0.7524867057800293,9.499252319335938,-15.205939292907715,0.04576007276773453,0.05262430012226105,0.03934754431247711,0.13937754929065704,0.48248717188835144,0.304826557636261,0.12968572974205017,0.08093521744012833,0.14113321900367737,0.46111711859703064,0.259386271238327,0.09634900093078613,12.364295617483496,17.32592338980537,21.047560360080084,22.298197188197264,20.518561789807887,28.520933464728675,37.39982239795674,0.023011818910256412,0.27617183327674866,1335.601360370569,1780.9559180514127,2364.1826923076924,1,0,Rekaman baru 3.wav
-263.9752197265625,145.4476776123047,-32.147743225097656,9.675650596618652,-16.18524932861328,18.22561264038086,-6.734595775604248,-0.03711974620819092,25.781265258789062,-16.288305282592773,3.3256900310516357,14.301238059997559,4.313011646270752,0.164311945438385,0.09380197525024414,0.13919486105442047,0.33657413721084595,0.19606302678585052,0.29100435972213745,0.5580545663833618,0.314757376909256,0.14395755529403687,0.17144359648227692,0.2464316338300705,0.29170313477516174,13.991057980755727,15.796433567084403,21.488746610524682,20.33465425550424,20.16131797777441,25.485062297485467,39.834182314382545,0.034699882557189546,0.1985381841659546,1581.7657816317242,1895.3437650641145,3300.091911764706,1,0,Rekaman baru 30.wav
-296.6958923339844,112.08537292480469,-16.251554489135742,9.18765926361084,-8.327749252319336,20.813339233398438,-12.846820831298828,-2.213970422744751,21.227453231811523,-14.248303413391113,14.909744262695312,2.104792594909668,-5.630580425262451,0.32102158665657043,0.28514355421066284,0.2125307321548462,0.17244845628738403,0.25066065788269043,0.4794032871723175,0.3460804224014282,0.33234474062919617,0.327961802482605,0.36929818987846375,0.3342526853084564,0.2922609746456146,17.56379113704647,13.08715711507737,16.866999733831722,17.41055586414808,16.524850641307854,17.51427902131903,40.41931172003939,0.0630787037037037,0.11394595354795456,2453.4009441468115,2575.92501795639,5416.840277777777,1,0,Rekaman baru 31.wav
-266.0843505859375,121.5743637084961,-35.633392333984375,-9.447633743286133,-27.259077072143555,0.4133938252925873,-20.759431838989258,-9.840446472167969,4.093444347381592,-15.043865203857422,3.078219175338745,6.968339920043945,-2.2728586196899414,0.17081882059574127,0.10173971951007843,0.06788957864046097,0.08303144574165344,0.1345387101173401,0.17048810422420502,0.2945985496044159,0.5634337067604065,0.25827234983444214,0.13803216814994812,0.12544745206832886,0.13933268189430237,15.07118987052415,16.60144179014421,20.987763133492756,19.817345976506626,19.275187796772897,26.784819941919917,37.06442562013274,0.035378556910569105,0.2269662469625473,1602.3733176842054,1767.5704564302878,2967.4161585365855,1,0,Rekaman baru 32.wav
-307.9423828125,115.78202819824219,1.9992176294326782,18.978296279907227,-19.564321517944336,-5.7761054039001465,-31.37315559387207,-21.295225143432617,15.696708679199219,-27.21336555480957,-7.447218894958496,7.916584014892578,-20.12267303466797,0.0392041876912117,0.02488439343869686,0.14305336773395538,0.2147810012102127,0.07969135046005249,0.06212664768099785,0.04134717583656311,0.23100848495960236,0.2730075418949127,0.31277433037757874,0.4832617938518524,0.1746700257062912,16.830234544926725,18.36776908233867,23.519919907891513,25.089069127298092,21.009709283829757,28.960803825290686,41.51552886094822,0.024646252185314684,0.2174152433872223,1553.968839160833,2125.237897098723,3285.347465034965,1,0,Rekaman baru 33.wav
-337.84625244140625,113.1293716430664,-10.228357315063477,-0.1401582658290863,-10.847919464111328,-0.8745437264442444,-14.9284086227417,-8.628957748413086,4.071017742156982,-14.43747615814209,-0.8189604878425598,0.5436366200447083,-6.233902931213379,0.05816718935966492,0.08506523072719574,0.1478058099746704,0.4914470314979553,0.34308990836143494,0.16443336009979248,0.17033012211322784,0.3047884702682495,0.10257261246442795,0.057941995561122894,0.11523723602294922,0.08011718839406967,19.170829437540498,15.588187582106617,16.063797058837547,16.60593721584248,17.085908308252638,20.099587061560094,28.657161706420297,0.016133912852112676,0.15373411774635315,916.6566461096387,1178.7843623651747,1495.7086267605634,1,0,Rekaman baru 34.wav
-302.0684814453125,164.97679138183594,12.225409507751465,0.21065370738506317,-17.232954025268555,-6.453801155090332,-21.438682556152344,-17.67848777770996,10.716811180114746,-10.828943252563477,-9.444293022155762,2.2676987648010254,-6.4487433433532715,0.13906978070735931,0.15076754987239838,0.19650253653526306,0.6294762492179871,0.5071922540664673,0.2871329188346863,0.22366566956043243,0.29551559686660767,0.1259923130273819,0.07190034538507462,0.14441253244876862,0.13132767379283905,25.177673611149753,16.573768424085216,18.2977268865184,20.995264524428293,17.62175574058384,23.027588095144868,37.390389880540965,0.02021857583598726,0.20234768092632294,995.7674197610244,1511.4936495837642,1385.499601910828,1,0,Rekaman baru 35.wav
-309.1306457519531,121.15489959716797,-3.096389055252075,31.164003372192383,3.7520101070404053,15.764564514160156,-33.47346496582031,-23.598140716552734,10.247164726257324,-28.24366569519043,-1.5989763736724854,-1.1298496723175049,-24.142276763916016,0.23834840953350067,0.08825062215328217,0.07818081974983215,0.14030338823795319,0.265348881483078,0.321554034948349,0.34047114849090576,0.2002723217010498,0.0851917639374733,0.05682684853672981,0.16697433590888977,0.46023043990135193,24.947006322201176,18.945341794461175,21.658172184292656,21.885731156147017,18.30559920188498,23.174895225975536,38.97124241108064,0.02306514163669065,0.18387213349342346,1601.9764453549622,2182.0210032427512,3502.473021582734,1,0,Rekaman baru 36.wav
-310.71435546875,139.69390869140625,-8.948647499084473,2.9707460403442383,-16.97736930847168,-0.6722066402435303,-16.933853149414062,-2.2865777015686035,13.583976745605469,-19.532323837280273,4.357066631317139,9.240093231201172,-2.173896074295044,0.11188264191150665,0.13416855037212372,0.22241005301475525,0.14796069264411926,0.3080397844314575,0.5655275583267212,0.19803708791732788,0.3509320318698883,0.3080289959907532,0.10084886103868484,0.1153961643576622,0.10975589603185654,21.002748737316217,14.787303334159253,17.87899500666887,18.216773053597308,16.604051861854913,24.458014065658247,33.632107250904866,0.01850103021978022,0.14942093193531036,1117.2234724306422,1418.6018566152027,1777.1291208791208,1,0,Rekaman baru 37.wav
-393.5652160644531,99.89838409423828,15.758309364318848,12.020660400390625,-7.6494245529174805,-0.22840476036071777,-13.285404205322266,-5.019698619842529,3.6789443492889404,-14.344106674194336,3.7246623039245605,3.315884828567505,-5.018257141113281,0.11695883423089981,0.12159323692321777,0.16456608474254608,0.14133048057556152,0.10723283886909485,0.31760838627815247,0.35048988461494446,0.3004777431488037,0.24251817166805267,0.10950043052434921,0.12569598853588104,0.12652060389518738,18.42276695711278,14.25394115987938,16.76656817238546,17.10858830371686,16.225081588527516,20.4511256892292,29.226945505411113,0.018004511443661973,0.08821789920330048,1111.2119535590818,1436.6123328674407,2090.228873239437,1,0,Rekaman baru 38.wav
-369.44793701171875,111.41683959960938,17.83407211303711,13.982708930969238,-11.907708168029785,-2.4432144165039062,-19.778385162353516,-7.964468955993652,11.026869773864746,-20.363887786865234,-1.9792299270629883,6.823885440826416,-9.412707328796387,0.10024359077215195,0.15343362092971802,0.2656170725822449,0.4018186628818512,0.5191971659660339,0.42717185616493225,0.15220193564891815,0.11072767525911331,0.18469244241714478,0.08593808859586716,0.0783797949552536,0.08427085727453232,20.184921259137898,15.653364579526254,15.447844819090415,19.032870023971526,17.246474038655677,23.386176950102854,33.19632297687434,0.02462869162087912,0.13900597393512726,1196.0495907377413,1660.1398484282067,2141.826923076923,1,0,Rekaman baru 39.wav
-271.0209655761719,146.67889404296875,9.547883987426758,22.435649871826172,-22.636043548583984,-10.49806022644043,-30.999902725219727,-9.834620475769043,21.058521270751953,-25.7252197265625,0.38398003578186035,7.990962505340576,-16.052906036376953,0.1408025473356247,0.26447105407714844,0.31405526399612427,0.2099384367465973,0.3208693265914917,0.7161339521408081,0.5107362866401672,0.09681320935487747,0.09194225817918777,0.11137941479682922,0.08530128002166748,0.1286061555147171,23.13730126649133,18.894048036494983,18.911712196147747,22.05927815891107,20.232044971991453,26.600800773508098,42.107045378057364,0.03951252880184332,0.228454127907753,1671.8639569155182,2137.801968447757,3092.4539170506914,1,0,Rekaman baru 4.wav
-320.9684753417969,128.184814453125,13.853201866149902,10.268871307373047,-18.490312576293945,-17.25192642211914,-31.505037307739258,-14.738941192626953,10.83588695526123,-28.632915496826172,-11.057268142700195,9.334512710571289,-17.31085968017578,0.025344273075461388,0.023718830198049545,0.02837987057864666,0.06463246792554855,0.33164387941360474,0.21448920667171478,0.29142096638679504,0.4869534373283386,0.21881714463233948,0.04360680654644966,0.01678338833153248,0.024251580238342285,21.837271979006776,20.45265920120181,24.916399902933584,25.36403417802884,20.12190016346163,28.77306267313374,38.07267279671386,0.018253957988410598,0.22403524816036224,1096.0897679709976,1576.027939645735,1381.8812086092714,1,0,Rekaman baru 40.wav
-348.4444274902344,136.3436279296875,16.162818908691406,9.87038516998291,-9.994710922241211,-4.200538158416748,-18.779544830322266,-5.366462707519531,9.830278396606445,-26.14704704284668,-2.523554563522339,10.500808715820312,-10.389830589294434,0.1364579200744629,0.21993623673915863,0.3087700307369232,0.5018274784088135,0.51181560754776,0.16322927176952362,0.09304735064506531,0.11614616960287094,0.09582985937595367,0.11578565090894699,0.11186681687831879,0.09230653941631317,21.67776993626928,16.7308010369405,18.512830627769564,19.404177445334767,18.760464788002494,25.510004687730063,34.95182736746377,0.0206825186353211,0.15268787741661072,1084.2730573936424,1502.830432855889,1881.4506880733945,1,0,Rekaman baru 41.wav
-319.1524963378906,160.723388671875,21.78435707092285,14.63947582244873,-15.012224197387695,0.49184924364089966,-24.236249923706055,-14.138716697692871,14.297008514404297,-28.726476669311523,1.6082466840744019,16.463274002075195,-18.7266845703125,0.17040754854679108,0.4482473134994507,0.7533011436462402,0.32695329189300537,0.15054774284362793,0.26539111137390137,0.15283285081386566,0.0572332963347435,0.13420088589191437,0.21324607729911804,0.1382003277540207,0.09278039634227753,22.978167863051862,15.886132917580946,18.57309332812129,20.90543607293556,20.174459715366673,29.300660822175796,36.36139545374198,0.020630736451048952,0.1938120424747467,1188.1572723010975,1691.2022516431562,1642.4278846153845,1,0,Rekaman baru 42.wav
-307.4917907714844,144.9594268798828,15.679194450378418,-8.469139099121094,-22.983291625976562,-25.505401611328125,-24.616226196289062,-2.262357473373413,4.101358890533447,-27.501476287841797,-6.999547958374023,2.6664857864379883,-20.292490005493164,0.0284412931650877,0.011187009513378143,0.010509000159800053,0.02139548771083355,0.16945481300354004,0.4882158935070038,0.142553448677063,0.1400969922542572,0.4031018018722534,0.35717085003852844,0.04960762336850166,0.021829754114151,21.198370846621344,18.16641956408008,26.336436036559203,25.258417059727503,22.23415899489192,36.82390403725203,38.53561565416039,0.021450583910034602,0.18447120487689972,1129.1631335108445,1550.9071671016188,1318.3391003460208,1,0,Rekaman baru 43.wav
-290.2268981933594,137.849853515625,-19.10407257080078,-12.102189064025879,-28.954221725463867,-18.037025451660156,-31.222084045410156,-0.7914535999298096,8.609390258789062,-40.946407318115234,-5.056671142578125,13.120487213134766,-14.577323913574219,0.026375148445367813,0.018445534631609917,0.1260938048362732,0.7004995942115784,0.41034606099128723,0.0316857174038887,0.03062281757593155,0.0989147424697876,0.6190564036369324,0.36315375566482544,0.028674153611063957,0.0174893606454134,14.013257317868032,17.661258182617477,21.235442984526653,23.43100261063092,21.570559209989973,32.25945509725256,37.08197151668632,0.02062717013888889,0.20679274201393127,1240.4808482855274,1598.2401819475324,1507.8125,1,0,Rekaman baru 44.wav
-292.6315612792969,143.39276123046875,-6.443854808807373,-8.315390586853027,-27.05821990966797,-21.728925704956055,-27.52945327758789,-2.775207996368408,7.667219161987305,-37.59239196777344,-4.788447856903076,11.888989448547363,-19.427799224853516,0.0574357844889164,0.041486646980047226,0.20408129692077637,0.6935046911239624,0.32704249024391174,0.14995981752872467,0.12383545190095901,0.16550244390964508,0.4596829116344452,0.15194763243198395,0.032602131366729736,0.03871014714241028,15.616365162290222,18.066581454140092,20.889346034357406,23.13872174445467,21.805370070404425,33.207580915653736,38.76069347198591,0.021375522492038217,0.21005992591381073,1175.6824863692038,1579.3984453664066,1483.28025477707,1,0,Rekaman baru 45.wav
-284.9324645996094,112.84954071044922,-23.943532943725586,-6.006580352783203,-13.422426223754883,6.476479530334473,-20.185819625854492,-9.149529457092285,-1.7457926273345947,-23.299718856811523,5.701132297515869,10.908573150634766,-13.107540130615234,0.06085589900612831,0.10606421530246735,0.321505069732666,0.23890909552574158,0.11266178637742996,0.15026582777500153,0.1434030383825302,0.5255863666534424,0.2870505452156067,0.05730544030666351,0.05642782896757126,0.0702749639749527,14.956280559596125,16.954558548661538,19.169600693287464,21.003967985493574,20.826510110604573,27.21854579510407,33.63988912445899,0.024677846623563218,0.23072698712348938,1428.1464891846297,1611.5786024079175,2582.165948275862,1,0,Rekaman baru 46.wav
-294.0522766113281,141.1519012451172,0.711434543132782,17.19578742980957,-22.715103149414062,7.395989894866943,-29.54092025756836,-20.916078567504883,15.598126411437988,-25.61094856262207,3.2141330242156982,4.138596057891846,-14.980379104614258,0.09819412976503372,0.15400590002536774,0.17515531182289124,0.237543985247612,0.4633997678756714,0.5270017981529236,0.16959717869758606,0.07475700229406357,0.1657210886478424,0.0660935789346695,0.1012936607003212,0.17915889620780945,22.584394251077818,18.196334853296264,19.405400568577132,22.854584512202255,18.86813974828644,21.586983403840442,40.33803295076864,0.025390625,0.19291938841342926,1550.666528867786,2101.7717332433704,2984.6825787401576,1,0,Rekaman baru 47.wav
-286.70989990234375,118.73064422607422,-8.52149486541748,14.24495792388916,-25.786487579345703,5.9550652503967285,-24.584484100341797,-22.995662689208984,13.925867080688477,-24.62209129333496,-4.6357340812683105,7.864159107208252,-10.23746109008789,0.37651774287223816,0.11121488362550735,0.03517469763755798,0.022164640948176384,0.10060354322195053,0.3582213222980499,0.16255152225494385,0.04621781408786774,0.027777940034866333,0.03563150763511658,0.11708400398492813,0.3741103708744049,14.688178552115888,17.519136339649283,22.30802450233488,21.26734566360065,21.733717603023717,23.42793434764134,40.702316146985055,0.026403356481481483,0.23016612231731415,1705.869671944285,2211.4841702348044,4517.881944444444,1,0,Rekaman baru 48.wav
-301.612060546875,139.1280517578125,14.783729553222656,27.26271629333496,-18.257095336914062,-1.1295349597930908,-29.233579635620117,-11.099763870239258,21.523590087890625,-24.7018985748291,-1.6345981359481812,1.6246353387832642,-15.675952911376953,0.149357870221138,0.3952356278896332,0.7290554046630859,0.4065103232860565,0.11164199560880661,0.16628026962280273,0.09731342643499374,0.03168683499097824,0.09139903634786606,0.2066221684217453,0.15473395586013794,0.09958072751760483,21.82601411036029,16.22210035491875,18.22411319084563,21.3429038637014,16.711761217546336,22.488469188775912,37.720645435819314,0.022783768078512397,0.17079003155231476,1366.8395206053972,1944.0256556957786,2263.3651859504134,1,0,Rekaman baru 49.wav
-304.71270751953125,131.84927368164062,12.93300724029541,15.897453308105469,-18.962156295776367,7.225940227508545,-21.89402961730957,-8.97577953338623,10.443333625793457,-22.06679916381836,11.207601547241211,1.1126112937927246,-13.775888442993164,0.11652255803346634,0.15362748503684998,0.3607388734817505,0.4032585322856903,0.5044427514076233,0.3859628736972809,0.24297942221164703,0.15213027596473694,0.2713545858860016,0.1288522481918335,0.07719144970178604,0.10305919498205185,22.343736633370852,15.805674860609182,17.265295880234746,21.68748090416758,17.681912941711413,19.236008637353507,40.092101728726746,0.03510774524006623,0.14535515010356903,1724.5641831432147,2333.349811667767,3466.887417218543,1,0,Rekaman baru 5.wav
-307.3323669433594,135.53140258789062,9.8495454788208,20.35915184020996,-21.864906311035156,2.576275110244751,-29.863006591796875,-9.882779121398926,18.997081756591797,-24.638521194458008,0.44335833191871643,-0.7640367746353149,-6.054251194000244,0.10120827704668045,0.12780019640922546,0.4232368767261505,0.250605970621109,0.13392215967178345,0.3434855043888092,0.6109480261802673,0.1837741881608963,0.052830830216407776,0.055226609110832214,0.04014500230550766,0.059986162930727005,21.62343841335669,16.00310596502657,18.4267103231883,17.702439517307564,17.93176518240591,20.20010484217555,36.673074914740276,0.023877356663223142,0.19114789366722107,1297.560882922974,1884.0679016025992,2134.943181818182,1,0,Rekaman baru 50.wav
-286.12860107421875,127.14630889892578,-2.9904589653015137,1.6689945459365845,-21.475908279418945,-3.7594988346099854,-27.58247184753418,-5.018818378448486,14.773679733276367,-24.896760940551758,5.808728218078613,9.024199485778809,-14.8600492477417,0.07661940157413483,0.07137784361839294,0.13509131968021393,0.170341357588768,0.2763485312461853,0.4425923228263855,0.49712687730789185,0.10936646908521652,0.1155473068356514,0.2720617353916168,0.09547054767608643,0.07228045165538788,20.379393584047865,16.659082763996334,19.549262167775026,20.80967512351614,18.89566885140361,28.919199787941206,36.288981267727536,0.02733942892699115,0.1943080574274063,1487.3720531911756,1867.7417306770938,2609.4441371681414,1,0,Rekaman baru 51.wav
-288.9842224121094,145.01719665527344,1.8418821096420288,12.090649604797363,-17.613508224487305,0.3708394765853882,-27.99398422241211,-11.445368766784668,16.464092254638672,-31.164213180541992,4.623504638671875,8.50820541381836,-18.254898071289062,0.1317899525165558,0.12825419008731842,0.1340857744216919,0.11691690236330032,0.2376100718975067,0.7167245149612427,0.544532835483551,0.08745730668306351,0.1492091864347458,0.22064100205898285,0.0630776584148407,0.08557186275720596,21.451717469286407,17.906409567739676,19.539210974290793,20.627596005088563,19.416251609405496,25.492777743445007,40.603548544205026,0.033678350601604276,0.1729346364736557,1585.68715537926,2105.1172713517003,2576.871657754011,1,0,Rekaman baru 52.wav
-282.4342041015625,129.2311248779297,-10.5910062789917,-1.0163142681121826,-23.124204635620117,-5.777860164642334,-23.743200302124023,-4.617020606994629,10.444317817687988,-24.246793746948242,-0.6700025200843811,8.494088172912598,-6.982929706573486,0.041919466108083725,0.044424835592508316,0.0512588694691658,0.161580890417099,0.4884859025478363,0.2929070293903351,0.23485547304153442,0.36974409222602844,0.42058271169662476,0.10350053757429123,0.046559546142816544,0.0624811053276062,19.366186572253504,17.33529017167275,20.68837380670641,20.644606369992694,18.386760101562697,26.120728717514933,37.41737754640977,0.029973548228346455,0.1825992912054062,1573.0494098693334,1917.191373285369,3206.1392716535433,1,0,Rekaman baru 53.wav
-303.1120300292969,140.5477752685547,2.009775400161743,18.26881217956543,-19.352651596069336,3.7696378231048584,-32.10411834716797,-9.089112281799316,19.435527801513672,-31.30006217956543,8.396139144897461,9.978365898132324,-17.294509887695312,0.1386084109544754,0.2444152534008026,0.3856770396232605,0.32932254672050476,0.13756775856018066,0.15586905181407928,0.40153786540031433,0.1398192197084427,0.16225461661815643,0.3775637745857239,0.18694950640201569,0.10601197183132172,20.434452930829448,16.134331567768317,18.275931657361546,20.331948284888888,17.41432153046715,25.57353564886125,38.22675773053351,0.02801351631637168,0.1733781099319458,1537.0634817174475,1984.1113156625247,3128.387721238938,1,0,Rekaman baru 54.wav
-301.98223876953125,125.89878845214844,4.72070837020874,11.320523262023926,-21.711706161499023,-8.929208755493164,-27.399280548095703,-12.548645973205566,13.965002059936523,-26.828067779541016,-2.5325963497161865,5.962978839874268,-18.924545288085938,0.03486272692680359,0.03268439695239067,0.02380872331559658,0.027403708547353745,0.10329454392194748,0.39565974473953247,0.17437238991260529,0.09665234386920929,0.40356388688087463,0.3274911940097809,0.06607792526483536,0.024752182886004448,17.22605315286649,18.550306327009615,25.30222518992414,24.942670164624378,21.52219202589527,28.106335649872104,40.202498520679534,0.02111573882450331,0.23248200118541718,1373.9623793112082,1936.6570056678468,2138.400248344371,1,0,Rekaman baru 55.wav
-294.2251281738281,152.14346313476562,1.8931422233581543,20.018775939941406,-13.943366050720215,-0.7314130067825317,-30.26570701599121,-12.096471786499023,24.598352432250977,-25.68181610107422,3.384100914001465,9.179180145263672,-22.3117733001709,0.10454549640417099,0.15114115178585052,0.2943207025527954,0.47648903727531433,0.5741692185401917,0.25112226605415344,0.05673002451658249,0.07680380344390869,0.08646980673074722,0.19930216670036316,0.4612034559249878,0.19073545932769775,23.4644910343908,16.75937307117515,20.689460342043308,23.29533773952086,19.11026536521474,27.848242728948776,40.47452300424001,0.022419962849650348,0.1904921680688858,1305.4360243785902,1901.2287486423709,2260.9812062937062,1,0,Rekaman baru 56.wav
-310.59259033203125,122.47747802734375,2.3431203365325928,8.819209098815918,-18.532392501831055,-12.77077579498291,-29.439804077148438,-6.877754211425781,13.034825325012207,-28.892074584960938,1.1659173965454102,10.323599815368652,-18.17961883544922,0.02925754152238369,0.15063904225826263,0.13492438197135925,0.02845204807817936,0.06245865672826767,0.057091426104307175,0.35860592126846313,0.3465151786804199,0.4028063416481018,0.22054339945316315,0.05380159243941307,0.026349874213337898,16.778817810928846,17.3054552307768,24.157983905146097,24.75178805569467,18.66632683521256,28.77628961392281,37.87000671608988,0.021057609498031496,0.23018012940883636,1294.74238363732,1733.989171649155,2231.729822834646,1,0,Rekaman baru 57.wav
-306.90289306640625,128.56777954101562,-0.8440597057342529,5.6274614334106445,-30.180667877197266,-11.898188591003418,-23.882869720458984,-3.7545559406280518,10.539867401123047,-29.999069213867188,5.702393054962158,8.018462181091309,-15.31590747833252,0.3275183141231537,0.0687214732170105,0.02604285441339016,0.015588425099849701,0.11492639780044556,0.4155958294868469,0.17382670938968658,0.05815556272864342,0.013375459238886833,0.025919035077095032,0.14075684547424316,0.3862864077091217,14.930469952010649,16.589114174333222,21.44335503509528,22.070978513720256,18.564088781809126,27.66341016339578,38.081780601874726,0.025824652777777776,0.22054630517959595,1448.696649060066,1889.9665384544328,2249.8263888888887,1,0,Rekaman baru 58.wav
-294.64715576171875,140.88108825683594,3.505760669708252,19.185937881469727,-16.402719497680664,-6.118577480316162,-28.481990814208984,-8.897733688354492,17.351503372192383,-28.279277801513672,-4.515659332275391,5.643923759460449,-13.617725372314453,0.11662733554840088,0.10262440145015717,0.13446244597434998,0.31566616892814636,0.7180221676826477,0.318479984998703,0.07997997105121613,0.09583968669176102,0.10134008526802063,0.04409734904766083,0.06673919409513474,0.11392135173082352,21.937853230758414,16.84525733943026,18.179994419975326,21.030482023222458,17.089902409138926,22.948024107512936,35.885612624883265,0.019837939049586778,0.20792192220687866,1239.7592305161602,1705.7867906535694,2182.5929752066118,1,0,Rekaman baru 59.wav
-321.9585876464844,141.4527587890625,18.137569427490234,22.451269149780273,-12.867169380187988,4.614880561828613,-21.14395523071289,-5.162522315979004,14.92031192779541,-25.67601776123047,13.065309524536133,4.860495090484619,-16.86409568786621,0.27364400029182434,0.2273610681295395,0.193418949842453,0.17012780904769897,0.31492817401885986,0.2708086669445038,0.3443174362182617,0.4146081805229187,0.21596799790859222,0.1589583307504654,0.23741841316223145,0.29061275720596313,19.19733258672635,14.338676904875792,16.482040273150027,17.818270883780208,16.435412826639258,20.77521573513611,37.549989165636035,0.034632240853658534,0.14383342862129211,1548.4805033021048,1995.8700454820544,2942.0731707317073,1,0,Rekaman baru 6.wav
-287.9668273925781,112.85635375976562,-9.45488166809082,8.794121742248535,-27.44080352783203,-0.8190978169441223,-24.40812110900879,-8.273268699645996,12.831933975219727,-26.20237159729004,-3.419119119644165,10.768010139465332,-8.95339584350586,0.19026105105876923,0.08841249346733093,0.03263137489557266,0.11462154984474182,0.4097912311553955,0.16460072994232178,0.04999895766377449,0.027752036228775978,0.06394146382808685,0.21406419575214386,0.19077175855636597,0.33266720175743103,14.72697100330226,16.77998457595822,21.801246879560633,21.05367250356507,19.51906962586088,27.733132820194356,37.466527775784925,0.0244313467920354,0.24512428045272827,1504.2936024088415,1934.8356318953481,3150.3733407079644,1,0,Rekaman baru 60.wav
-342.19635009765625,115.81429290771484,13.796783447265625,18.376115798950195,-21.71523666381836,-2.6273789405822754,-24.727251052856445,-13.66377067565918,11.109628677368164,-28.960811614990234,2.8571434020996094,7.946832656860352,-24.92844581604004,0.03319646418094635,0.03152867779135704,0.03824878856539726,0.03290895000100136,0.07320600003004074,0.18322405219078064,0.1897820085287094,0.5351487398147583,0.32123637199401855,0.05817399546504021,0.025454388931393623,0.023741465061903,17.280595719173142,17.35372934986194,22.284334999476016,24.200207318082334,17.642898129274485,22.2347368992263,37.73459533297181,0.017331659226190475,0.21969743072986603,1336.2799777739335,1901.773056256426,2144.4196428571427,1,0,Rekaman baru 61.wav
-308.8967590332031,126.77422332763672,15.363828659057617,14.462554931640625,-16.531875610351562,-11.471290588378906,-30.63910675048828,-12.715228080749512,10.687722206115723,-28.219545364379883,3.2397098541259766,9.966780662536621,-25.552249908447266,0.026687251403927803,0.050371717661619186,0.13300134241580963,0.09049714356660843,0.06254074722528458,0.08210243284702301,0.09774655103683472,0.3250477910041809,0.5004231333732605,0.5230227708816528,0.15409566462039948,0.040330976247787476,16.632837863438507,17.6756279722187,25.431487845652065,27.07627755247839,20.299753863326274,28.721267538611738,40.43018989133882,0.019801826234076433,0.24373656511306763,1274.4997852492108,1902.9369516018733,1816.4808917197452,1,0,Rekaman baru 62.wav
-329.1489562988281,114.0904769897461,16.79746437072754,7.987531661987305,-19.45261001586914,-4.205984115600586,-17.63973617553711,-7.139155864715576,7.752811908721924,-20.23236083984375,1.3883334398269653,0.2625839412212372,-20.375036239624023,0.0817359909415245,0.08302523195743561,0.08038488775491714,0.08774242550134659,0.0929102823138237,0.3079456686973572,0.22432221472263336,0.2673574984073639,0.45531585812568665,0.17757166922092438,0.07422084361314774,0.06356078386306763,16.12409746761565,15.555007693687863,21.576492127820618,22.12608378039027,18.122323082173374,22.565268292062836,36.68702016758239,0.019902862278761063,0.22039158642292023,1282.284044623355,1832.4652444773874,1905.4894911504425,1,0,Rekaman baru 63.wav
-303.0453796386719,115.05162048339844,4.729714870452881,16.663610458374023,-29.937219619750977,-5.912130832672119,-24.47772979736328,-7.992546558380127,6.582696437835693,-24.613784790039062,6.289676189422607,-2.991881847381592,-22.993059158325195,0.06686559319496155,0.0199440885335207,0.10314647853374481,0.21873930096626282,0.07564423233270645,0.058358918875455856,0.03455159068107605,0.08342484384775162,0.18832927942276,0.18643495440483093,0.5238170623779297,0.28310295939445496,14.851557892298851,16.96812649735066,22.55250348384392,24.269706479316525,18.45147735031974,22.769366990449477,39.48155723501697,0.026181559917355372,0.21890494227409363,1648.8128964343343,2233.335551863047,4700.284090909091,1,0,Rekaman baru 64.wav
-312.4229431152344,110.74571990966797,5.05817174911499,3.652825355529785,-28.781414031982422,-2.1007230281829834,-12.552007675170898,-7.025012493133545,3.577542543411255,-17.974384307861328,6.124490737915039,1.3713743686676025,-9.084656715393066,0.14857682585716248,0.1207277774810791,0.11656469851732254,0.14512988924980164,0.24354802072048187,0.28135570883750916,0.25203269720077515,0.2212403416633606,0.14938399195671082,0.1432936042547226,0.2307361364364624,0.2574785053730011,15.262369468416328,13.896481628056097,17.50820179091128,17.621495889714556,18.75575632916855,22.224739546151312,35.83545373874061,0.027628133585164836,0.1768985390663147,1459.6036509162839,1813.7620911226497,2869.162087912088,1,0,Rekaman baru 65.wav
-277.1278381347656,124.28801727294922,2.759355068206787,19.547006607055664,-31.234039306640625,1.600071907043457,-21.860145568847656,-2.820347309112549,4.836113929748535,-23.557714462280273,7.63330078125,-1.8777639865875244,-13.829946517944336,0.12099489569664001,0.1440356969833374,0.23729343712329865,0.45850661396980286,0.4651283919811249,0.44848543405532837,0.28567951917648315,0.25246766209602356,0.11287979781627655,0.10017620027065277,0.09624439477920532,0.12329673767089844,22.895764711418686,18.64099936055865,19.46453697411551,22.426001451600996,19.020978678669604,21.528322535427794,40.04139899840071,0.0373046875,0.21217520534992218,1858.3884693996947,2323.1017046589127,3650.6944444444443,1,0,Rekaman baru 66.wav
-299.963623046875,105.35001373291016,6.605391025543213,19.555299758911133,-22.41704750061035,3.1802806854248047,-21.662757873535156,-5.497547626495361,4.667015552520752,-18.53643035888672,8.137051582336426,-3.9718947410583496,-11.912994384765625,0.04572049155831337,0.05439474433660507,0.0522751584649086,0.09263162314891815,0.32683318853378296,0.4446417987346649,0.461956262588501,0.28486162424087524,0.09059228003025055,0.05171547457575798,0.059421997517347336,0.04719798266887665,19.782366010076384,18.527056870393274,19.48475367027801,20.645762813322513,16.5174123583428,17.93872615625934,37.346065160743905,0.025269763304455444,0.21463921666145325,1637.7719210054727,2139.402389094768,2912.979579207921,1,0,Rekaman baru 67.wav
-264.54583740234375,145.06283569335938,2.2771825790405273,21.628040313720703,-33.70745849609375,-1.6982803344726562,-29.69231414794922,-5.629764080047607,1.865861177444458,-23.788673400878906,9.7085599899292,-0.09585373103618622,-12.281635284423828,0.08698398619890213,0.23518909513950348,0.3888790011405945,0.43202605843544006,0.4192526936531067,0.14815007150173187,0.18146955966949463,0.2022898942232132,0.1570989191532135,0.43203070759773254,0.30916085839271545,0.07184027880430222,22.508160529049857,17.654066057798136,20.714789260584034,22.106660535862783,18.041255542065322,21.45044315382115,40.32163236343668,0.029548071712427744,0.20267614722251892,1616.835026619753,2217.1252008255274,2722.9497832369943,1,0,Rekaman baru 68.wav
-251.62376403808594,112.13723754882812,-23.165403366088867,6.664069175720215,-45.47677230834961,-3.632274866104126,-23.44590187072754,0.09742516279220581,-1.4883960485458374,-17.132144927978516,2.3397741317749023,-1.4538180828094482,-3.892270088195801,0.087404765188694,0.05573658272624016,0.06713439524173737,0.3548920452594757,0.30886074900627136,0.11876782774925232,0.091231569647789,0.11940654367208481,0.5834620594978333,0.29370784759521484,0.03547392785549164,0.037533584982156754,13.767991940812365,15.00087531224722,19.25382935001082,21.10525171282894,19.07730511071106,21.13602908253536,37.99918230150119,0.027907151442307692,0.24103397130966187,1757.0457268703829,2165.0583652569067,3461.738782051282,1,0,Rekaman baru 69.wav
-284.5161437988281,132.97071838378906,-25.13675308227539,-7.985747814178467,-28.068464279174805,-23.791038513183594,-21.296598434448242,8.424003601074219,9.962462425231934,-20.357654571533203,3.4376158714294434,8.112842559814453,-5.413023471832275,0.04098094627261162,0.0734710767865181,0.12949055433273315,0.14935776591300964,0.30502769351005554,0.5069524049758911,0.3022353947162628,0.21660830080509186,0.1831248253583908,0.1778421252965927,0.14582543075084686,0.05276436731219292,15.869971574825449,17.520432658229662,22.571144372237168,22.26997378608815,20.52848726006859,30.88605649978256,37.17468649605104,0.029156362410071943,0.23111368715763092,1382.6416423220414,1565.737262069166,2405.1258992805756,1,0,Rekaman baru 7.wav
-251.59695434570312,121.35254669189453,-21.410858154296875,5.446327209472656,-42.14963912963867,-7.873955726623535,-21.310869216918945,-1.3907694816589355,-1.6748082637786865,-17.55738067626953,-1.2584160566329956,-0.8230018019676208,-2.1368095874786377,0.08946096897125244,0.047523677349090576,0.21540199220180511,0.5124147534370422,0.24819712340831757,0.12788237631320953,0.16189981997013092,0.28430160880088806,0.4556066393852234,0.11930344998836517,0.0351322703063488,0.05091003701090813,15.131155777101405,16.94064479448795,22.467752252996277,22.878784513276003,20.460879457372716,22.41267768495019,39.18080497115621,0.025787573066546762,0.24208179116249084,1605.85619871424,2050.885249030948,2946.8862410071943,1,0,Rekaman baru 70.wav
-256.5692443847656,119.29948425292969,-15.166422843933105,8.91754150390625,-31.556068420410156,-10.925715446472168,-26.425390243530273,3.1219675540924072,0.5651117563247681,-18.026329040527344,1.0109097957611084,1.5311661958694458,-6.961488723754883,0.10160358995199203,0.14259368181228638,0.12401328980922699,0.297240287065506,0.5588936805725098,0.25361478328704834,0.19623588025569916,0.2034861445426941,0.22867542505264282,0.2509235441684723,0.10478058457374573,0.08193963021039963,14.454883494260079,17.538492292753208,21.8464964344274,22.751257318916917,21.136132373217116,26.00378838470219,39.341822568459364,0.04014791500796178,0.25084903836250305,1891.0059659902065,2177.343885900891,3300.5075636942674,1,0,Rekaman baru 71.wav
-266.7923583984375,125.63558197021484,-14.346455574035645,5.358975887298584,-30.887714385986328,-12.854222297668457,-24.025815963745117,4.908792018890381,7.916477203369141,-26.009904861450195,1.6851080656051636,7.192278861999512,-12.193463325500488,0.12767274677753448,0.12537874281406403,0.10198914259672165,0.3578762412071228,0.5672609210014343,0.20126259326934814,0.1307060420513153,0.16937220096588135,0.30924174189567566,0.28538042306900024,0.09249353408813477,0.077354297041893,16.634984290397302,18.655524357288133,23.172547724002627,23.83568774698813,22.10138296932818,29.993634562152987,40.53484670295907,0.03681216032608696,0.2366170436143875,1703.789934794707,2082.4628861566393,2955.8909161490683,1,0,Rekaman baru 72.wav
-286.5087890625,132.62290954589844,-4.504977703094482,19.202049255371094,-29.594879150390625,-1.9429819583892822,-28.31077766418457,2.1927595138549805,6.053865432739258,-24.845211029052734,7.985738277435303,1.4824702739715576,-10.651969909667969,0.07062813639640808,0.1484244167804718,0.2399594485759735,0.3954320549964905,0.3598797917366028,0.430027574300766,0.11348374933004379,0.13594698905944824,0.23252704739570618,0.11334556341171265,0.16350458562374115,0.10783515125513077,21.366096923475308,17.125357496010693,18.446362329667068,20.64476899269899,17.78702466836205,22.27537659153567,37.698314581359796,0.02799329845183486,0.20003025233745575,1518.5462938891187,2004.2671439996095,3030.9633027522937,1,0,Rekaman baru 73.wav
-297.1011047363281,119.70213317871094,3.129733085632324,13.922345161437988,-27.04290771484375,-8.219234466552734,-24.873058319091797,-9.752518653869629,9.603511810302734,-28.013072967529297,4.689094543457031,3.8653502464294434,-20.415632247924805,0.03724043443799019,0.15216240286827087,0.1458587348461151,0.051736265420913696,0.13216939568519592,0.08663944154977798,0.2940560281276703,0.25674575567245483,0.25542712211608887,0.431247353553772,0.2150847166776657,0.06548158079385757,17.94615527057063,16.83892509883607,21.94629844397252,22.195116607817592,17.79661784062615,23.232082694230368,38.93878109842218,0.021617542613636364,0.22384481132030487,1561.6723563399307,2089.9457351001306,3989.7985537190084,1,0,Rekaman baru 74.wav
-298.1083679199219,143.6864471435547,-8.13822078704834,17.33968734741211,-24.70854377746582,-11.895864486694336,-17.767478942871094,-5.475919246673584,9.060193061828613,-27.251840591430664,-0.02642574906349182,-2.103180408477783,-14.257660865783691,0.10563334077596664,0.2502065896987915,0.21993085741996765,0.3149586021900177,0.44494250416755676,0.5566614270210266,0.1791054606437683,0.05175548046827316,0.07968170195817947,0.051524482667446136,0.06721606105566025,0.12570984661579132,22.420233913079304,16.433077215889803,17.003527157281752,20.23329441701813,17.34158107072216,21.764939526760166,36.90946570360386,0.020283116703539824,0.17703881859779358,1279.9474546801064,1669.4802924009086,2328.1941371681414,1,0,Rekaman baru 75.wav
-283.09869384765625,118.69776916503906,-1.1892261505126953,12.008109092712402,-37.27033996582031,-4.2438063621521,-23.05997657775879,-15.043496131896973,5.036427974700928,-21.22088623046875,1.3221054077148438,-3.905531167984009,-14.590967178344727,0.028687559068202972,0.1742190569639206,0.3676699101924896,0.11896414309740067,0.11234632879495621,0.09636957198381424,0.13890241086483002,0.32444852590560913,0.19710849225521088,0.3885152041912079,0.2538163959980011,0.09436127543449402,16.419839939866673,17.407279245178056,22.42610511014339,24.189957441800402,19.48543639925397,21.578186161565206,38.8207497461428,0.021762876157407407,0.23254267871379852,1450.4187748792851,2052.995434109621,2225.0,1,0,Rekaman baru 76.wav
-264.09014892578125,137.3975372314453,-8.539615631103516,12.544201850891113,-16.856653213500977,-4.756818771362305,-27.314285278320312,-11.338091850280762,17.690311431884766,-27.422557830810547,-10.739102363586426,4.490425109863281,-4.422491550445557,0.07916410267353058,0.08065696805715561,0.25999754667282104,0.5796802043914795,0.39548957347869873,0.30196523666381836,0.22958241403102875,0.2473672777414322,0.09908600151538849,0.07091343402862549,0.06322406977415085,0.07960416376590729,23.31945677526454,19.245952719083974,20.459220178799818,22.66426112231172,21.19082004610279,24.889487552672495,39.30456435245515,0.022422490157480313,0.23485766351222992,1396.0255585565096,1840.788325582886,2559.854822834646,1,0,Rekaman baru 77.wav
-284.1775207519531,132.65614318847656,-9.234867095947266,8.080430030822754,-18.20223045349121,-15.224571228027344,-26.818750381469727,-6.124460697174072,14.707856178283691,-24.611690521240234,-8.982670783996582,8.498984336853027,-9.075961112976074,0.051314763724803925,0.05700036510825157,0.10508845001459122,0.4246865212917328,0.32016605138778687,0.3357778787612915,0.37916499376296997,0.47843992710113525,0.1200011745095253,0.03908770903944969,0.05934571474790573,0.05163263902068138,22.563744767183447,18.687112934768145,19.78321556563234,21.16900872646541,20.07267699785095,25.261526563615742,35.85789492464133,0.019579674586776858,0.20771795511245728,1288.602357639688,1659.2891281511656,2340.8445247933882,1,0,Rekaman baru 78.wav
-284.0632019042969,122.66387176513672,-17.660242080688477,-3.56111741065979,-26.277620315551758,-12.524255752563477,-16.03827476501465,-1.7221773862838745,2.046022415161133,-27.531803131103516,-1.4636783599853516,8.542896270751953,-9.479982376098633,0.2275555580854416,0.06345833092927933,0.03000730834901333,0.07087542116641998,0.046282097697257996,0.10026223212480545,0.5486667156219482,0.370955228805542,0.0595676489174366,0.05307755991816521,0.126786470413208,0.3079901933670044,14.306819443966162,19.946291942468587,24.79606005363523,22.901174423981438,22.71948981881383,29.203391322136735,38.30641283093545,0.02067729855371901,0.26252269744873047,1250.5646399298205,1593.5929714507108,1582.5154958677685,1,0,Rekaman baru 79.wav
-378.9476318359375,79.45308685302734,-11.461186408996582,3.063368320465088,-14.733592987060547,-4.91591215133667,-16.94748306274414,1.8671443462371826,5.1000189781188965,-12.728277206420898,-0.09109453856945038,3.982208251953125,-0.926953136920929,0.024832019582390785,0.020571544766426086,0.03156876936554909,0.1789773553609848,0.41550925374031067,0.1334621161222458,0.036663129925727844,0.10083696246147156,0.1800907850265503,0.037872809916734695,0.027925655245780945,0.048289842903614044,17.140845518253684,16.0893754410951,17.783738594258576,18.20044492581196,17.26557618053368,20.27674443631285,24.827188294167765,0.01361659787735849,0.14550897479057312,972.088922037582,1030.9536439059013,1584.0212264150944,1,0,Rekaman baru 8.wav
-263.7630310058594,118.60796356201172,-33.406307220458984,2.2408287525177,-21.69015884399414,-2.633342981338501,-24.656723022460938,-11.765130043029785,11.7105131149292,-16.839609146118164,-3.9874138832092285,13.407754898071289,-7.929777145385742,0.3013617694377899,0.09151694178581238,0.039521314203739166,0.053607914596796036,0.06313086301088333,0.06901305168867111,0.37236490845680237,0.5257534980773926,0.14235030114650726,0.07110331207513809,0.11482376605272293,0.29212599992752075,13.80635675358405,18.942326654374703,23.818704387258006,23.282891646006533,22.09549266743656,31.38987392861944,39.65092033141208,0.02533679872047244,0.24844621121883392,1473.009502213579,1739.9974757080347,2632.197342519685,1,0,Rekaman baru 80.wav
-279.5519714355469,107.28575134277344,-17.665189743041992,8.603100776672363,-26.95937728881836,-2.4659714698791504,-24.748205184936523,-16.517993927001953,14.658405303955078,-20.96233367919922,-8.776793479919434,8.75683307647705,-6.061752796173096,0.21665167808532715,0.24494513869285583,0.09001248329877853,0.21629495918750763,0.4384826421737671,0.12304592877626419,0.024083396419882774,0.039839450269937515,0.08528435975313187,0.12620975077152252,0.09164239466190338,0.12687860429286957,13.29384346362935,18.97897783580784,22.52125249763323,22.918602806219006,20.810652209814215,28.736737152700154,38.24182805372061,0.029957999170353983,0.23647412657737732,1663.892118940388,2016.1690804814864,3724.695796460177,1,0,Rekaman baru 81.wav
-318.16839599609375,111.59111022949219,2.691387891769409,6.390618801116943,-14.997648239135742,1.6920058727264404,-17.99179458618164,-8.401724815368652,9.729971885681152,-20.49622344970703,-1.4238697290420532,3.3702828884124756,-8.434645652770996,0.0843687355518341,0.105515256524086,0.09631127864122391,0.12609247863292694,0.4660852551460266,0.5933234691619873,0.23141299188137054,0.17053349316120148,0.21290892362594604,0.04844431206583977,0.040908027440309525,0.057826362550258636,20.37452472861074,16.173122542533484,16.834048928272587,18.23989377266076,17.477359500571534,22.240930281899242,35.397734496893534,0.024709177541208792,0.170150488615036,1464.5841746569056,1763.1640011022762,3055.1167582417584,1,0,Rekaman baru 82.wav
-304.2471008300781,110.25809478759766,-28.407699584960938,-14.258502006530762,-22.166152954101562,0.49099719524383545,-22.97378921508789,-4.020473003387451,10.888762474060059,-14.096504211425781,-1.8711386919021606,9.906755447387695,-2.884833335876465,0.0401553250849247,0.06105387210845947,0.08705796301364899,0.03092009387910366,0.1857130527496338,0.4285067319869995,0.13192550837993622,0.13955271244049072,0.1652974933385849,0.2829299569129944,0.6544303297996521,0.15355627238750458,13.945267367001811,19.104310924265565,22.08475448779536,23.864139146742964,24.50207949305209,23.807779741403717,35.33924903984593,0.029593182425213676,0.1758222132921219,1446.037965046929,1723.0039440944258,2402.8445512820513,1,0,Rekaman baru 83.wav
-304.6243896484375,96.5837173461914,-21.41156768798828,20.092748641967773,-34.15163040161133,0.910506010055542,-25.411441802978516,-10.991795539855957,16.35616111755371,-29.926790237426758,-9.132707595825195,11.688556671142578,-9.215455055236816,0.09580700844526291,0.25827160477638245,0.31114938855171204,0.3353077471256256,0.15246862173080444,0.30155977606773376,0.08774451166391373,0.05412174388766289,0.3359016478061676,0.18552462756633759,0.06545555591583252,0.05151844769716263,12.07239201579785,19.408957617804543,22.12242719959737,23.98918347405325,22.60953903681198,29.98186268084039,40.412791232837414,0.03751395089285714,0.20786415040493011,1806.2026306626253,2113.6305034648944,4420.3125,1,0,Rekaman baru 84.wav
-303.14996337890625,125.57443237304688,5.148037433624268,12.824273109436035,-16.809057235717773,-8.943039894104004,-24.942798614501953,-3.391169786453247,15.196139335632324,-28.74799156188965,-6.030027866363525,8.720807075500488,-7.698163032531738,0.03411845490336418,0.05927573889493942,0.05380222573876381,0.072102390229702,0.24755758047103882,0.5325321555137634,0.42864131927490234,0.15720708668231964,0.0894959419965744,0.02767094224691391,0.026322226971387863,0.03141498565673828,19.94983640399358,18.360565994381894,18.868976658876853,18.611305169020007,18.07196744018799,23.140354288298315,33.8765248840031,0.019212175123762377,0.23274032771587372,1219.0734512789988,1615.3756193349243,2060.41150990099,1,0,Rekaman baru 85.wav
-307.5835876464844,126.21085357666016,-0.253866046667099,6.223211288452148,-13.426193237304688,-4.146030426025391,-20.684452056884766,-3.85807728767395,11.623863220214844,-26.668262481689453,-1.7496966123580933,8.211141586303711,-7.077544212341309,0.04662932828068733,0.05489463359117508,0.09442456811666489,0.07964771240949631,0.07799533009529114,0.24048495292663574,0.5191277265548706,0.3862931728363037,0.3495176136493683,0.30928653478622437,0.08624093979597092,0.05035312473773956,20.58081947809465,16.672874841866378,18.923251055151876,18.920739466218627,18.16317274382305,26.05731261801633,34.530641905901355,0.02605561755952381,0.16747529804706573,1290.182596213802,1599.203127873102,2297.3214285714284,1,0,Rekaman baru 86.wav
-307.408935546875,86.49880981445312,-32.927757263183594,6.963982105255127,-22.62189292907715,-6.940601825714111,-17.474821090698242,-1.754556655883789,6.479608535766602,-22.870729446411133,-2.6681923866271973,10.605152130126953,-0.17221787571907043,0.15783417224884033,0.09817389398813248,0.033893898129463196,0.027682915329933167,0.04571838676929474,0.01517876423895359,0.11811137944459915,0.531605064868927,0.22097663581371307,0.016149019822478294,0.018584277480840683,0.059636276215314865,11.663339184671088,16.963627714380504,21.012960716972046,20.346859192930257,20.24837062489826,27.512684508781344,31.194036969510197,0.022495323503521125,0.2291729897260666,1300.5959592173517,1386.809249460761,2337.8080985915494,1,0,Rekaman baru 87.wav
-322.0037841796875,117.95999145507812,18.72785758972168,28.624086380004883,-17.514022827148438,1.3861972093582153,-28.115327835083008,-14.084650039672852,21.893245697021484,-34.919193267822266,-2.788050651550293,16.16911506652832,-21.771835327148438,0.10238140821456909,0.03635658696293831,0.08443423360586166,0.08606486022472382,0.05895524099469185,0.18336331844329834,0.10581385344266891,0.08025506138801575,0.09241373836994171,0.24311870336532593,0.6786555051803589,0.4647485613822937,15.299835910391712,18.403420358984,22.360614718906007,21.759459078155242,19.03968676224961,24.825908632972467,43.257798708512134,0.03218507455065359,0.1742742508649826,1819.120855807724,2488.9749856731137,5783.394607843137,1,0,Rekaman baru 88.wav
-305.5202331542969,130.52407836914062,18.365175247192383,17.274019241333008,-16.290197372436523,0.7229030132293701,-24.65841293334961,-5.8569512367248535,17.115875244140625,-24.157922744750977,-6.10055685043335,1.2614901065826416,-7.072174549102783,0.06344206631183624,0.14761140942573547,0.2686682939529419,0.16497810184955597,0.21661998331546783,0.5095570087432861,0.5365892052650452,0.1933494508266449,0.0663224458694458,0.06343509256839752,0.04277445003390312,0.05726611986756325,22.873671893144543,16.67508114358408,16.80333784994729,19.361059451803644,17.262942241036086,20.434741024718768,35.96193903456745,0.02041706996681416,0.20589418709278107,1128.7444627070545,1661.6297083983625,1914.6155973451328,1,0,Rekaman baru 89.wav
-300.3516845703125,120.92230987548828,-0.9303721189498901,11.34009075164795,-19.6776065826416,-1.6116373538970947,-24.473081588745117,-2.6045939922332764,12.563623428344727,-18.64056968688965,1.1652287244796753,4.9257049560546875,-5.592190742492676,0.11159404367208481,0.16084608435630798,0.20002108812332153,0.21898961067199707,0.40153875946998596,0.49077320098876953,0.19642464816570282,0.12712061405181885,0.2704109847545624,0.2094009965658188,0.07773281633853912,0.08698675036430359,19.86945074429691,16.454832354369138,17.876835045988376,19.868978778275643,17.976931846626815,23.268336172589265,36.06581876122623,0.02936231475515464,0.2147904634475708,1412.8927123703274,1783.326743989534,2557.3453608247423,1,0,Rekaman baru 9.wav
-309.6114501953125,103.1272201538086,-4.871385097503662,13.94654655456543,-20.903419494628906,0.828846275806427,-23.40847396850586,-17.390966415405273,10.494840621948242,-17.46056365966797,-7.801787376403809,6.228050708770752,-5.624581813812256,0.07489193975925446,0.04297073557972908,0.055129118263721466,0.17256158590316772,0.13987769186496735,0.10752259939908981,0.06375433504581451,0.09701193124055862,0.31484541296958923,0.272720068693161,0.36926034092903137,0.2050071507692337,15.074897796162357,16.925387342981836,20.46865964839102,21.63981806140355,20.10178110721192,23.776667869679947,35.68588275667407,0.024762834821428572,0.23046782612800598,1387.4924351167394,1757.268120229832,2731.3701923076924,1,0,Rekaman baru 90.wav
-321.0229797363281,106.9988021850586,4.0617146492004395,19.190156936645508,-22.81863784790039,-7.04990816116333,-24.321340560913086,-14.583098411560059,17.387861251831055,-12.817824363708496,-7.117938995361328,7.197762489318848,-4.968787670135498,0.33342859148979187,0.28583019971847534,0.13851654529571533,0.07369741797447205,0.0874222069978714,0.1814100742340088,0.18300729990005493,0.36159712076187134,0.32218635082244873,0.1889752894639969,0.34516453742980957,0.24488890171051025,13.931693305891228,17.6802843652129,20.20028631959686,26.153477847496827,21.53577732900791,25.67405793197092,38.39710065515493,0.03253767975663717,0.21961209177970886,1497.2065317355884,1912.1809243429764,2811.877765486726,1,0,Rekaman baru 91.wav
-291.8951721191406,88.27229309082031,-2.5528626441955566,22.63092613220215,-23.826990127563477,23.79732322692871,-18.73281478881836,9.147903442382812,4.29009485244751,-15.539865493774414,7.513617038726807,-3.13735032081604,-2.806601047515869,0.29555991291999817,0.32903456687927246,0.34599539637565613,0.3103085458278656,0.29309728741645813,0.2555970251560211,0.23663069307804108,0.34613537788391113,0.26780030131340027,0.2740696668624878,0.2255955934524536,0.23361815512180328,16.748613645000162,13.642924124648015,16.666018194294384,17.650830818838912,17.342509278635593,17.442463984600106,40.12835196254565,0.09267745058760683,0.09855597466230392,3397.1747617791566,2765.6148303279415,6178.6858974358975,1,0,Rekaman baru 92.wav
-319.15594482421875,117.446044921875,-2.8395416736602783,21.41952896118164,-15.872794151306152,17.30181312561035,-6.532340049743652,-1.461027979850769,13.506061553955078,-23.332611083984375,10.589798927307129,-4.8091511726379395,-12.797388076782227,0.29997044801712036,0.30444255471229553,0.2888989746570587,0.35312333703041077,0.20165540277957916,0.14379499852657318,0.24265824258327484,0.3257644474506378,0.3490979075431824,0.25172585248947144,0.21237051486968994,0.25539401173591614,17.885064534984615,10.78867029495585,14.508621207824586,13.568537603980731,15.016218104773516,15.466914441923924,33.66970198637271,0.04076306573275862,0.11942953616380692,1758.5883121595266,2126.301112195771,3772.6293103448274,1,0,Rekaman baru 93.wav
-305.88140869140625,125.83932495117188,-2.8395867347717285,25.793867111206055,-16.499095916748047,18.385210037231445,-8.845706939697266,-1.8343265056610107,16.031490325927734,-28.704856872558594,11.166865348815918,-4.166019916534424,-12.3649320602417,0.33069613575935364,0.29203781485557556,0.33971983194351196,0.42220693826675415,0.21378616988658905,0.15658752620220184,0.21243003010749817,0.2761033773422241,0.2728995084762573,0.1474190056324005,0.17596884071826935,0.24903962016105652,19.38585050957969,14.211296639237332,17.258767238065435,16.44967601699368,17.12595260010301,17.873544626948306,38.18265737050733,0.06108630952380952,0.12261420488357544,2145.3203986657463,2423.318979785265,4507.589285714285,1,0,Rekaman baru 94.wav
-283.9897766113281,148.10238647460938,-2.9880528450012207,36.583587646484375,-18.384998321533203,20.039247512817383,-10.516366958618164,-2.804749011993408,18.780601501464844,-30.73616600036621,15.848871231079102,-4.879064559936523,-15.926589012145996,0.4511587917804718,0.38347622752189636,0.5025302767753601,0.2955608665943146,0.14815501868724823,0.20169824361801147,0.32887333631515503,0.3784753382205963,0.25781524181365967,0.2167089581489563,0.3366430699825287,0.3991592526435852,19.429488799334198,13.57757756484804,16.744362758794313,15.960021008055474,14.982525002005518,17.045181939107014,39.697115068657965,0.05480342288669065,0.15650653839111328,2112.834783432655,2580.077513082136,5080.373201438849,1,0,Rekaman baru 95.wav
-258.0770568847656,160.84019470214844,-2.0838966369628906,33.453712463378906,-21.438617706298828,19.3540096282959,-14.093685150146484,0.6042890548706055,20.958148956298828,-32.5273323059082,18.265066146850586,-1.9355638027191162,-14.60315990447998,0.46160340309143066,0.47964590787887573,0.6231619715690613,0.33666834235191345,0.21499373018741608,0.3725428581237793,0.3217439651489258,0.3651854991912842,0.3380187153816223,0.29828116297721863,0.4656759798526764,0.446727454662323,22.438522071150267,12.81940251624886,16.48601705983088,16.982075902843736,16.907642352428052,18.819258926793314,41.40043609185716,0.05708383413461538,0.17969489097595215,2160.487023587192,2651.436902287716,4470.192307692308,1,0,Rekaman baru 96.wav
-346.72528076171875,107.36442565917969,-7.349184036254883,20.779294967651367,-15.52779483795166,18.44623565673828,-6.948526859283447,-0.9419938921928406,14.055611610412598,-26.34245491027832,10.7015962600708,-3.0981740951538086,-8.996450424194336,0.38474810123443604,0.38494282960891724,0.43215709924697876,0.43577447533607483,0.23112957179546356,0.18075379729270935,0.19484367966651917,0.21758554875850677,0.19709686934947968,0.22156497836112976,0.2853875756263733,0.3355943560600281,17.088358478434742,9.768712687206824,12.963825974344404,12.715070101129166,14.1428663799133,15.210935667060365,34.848970186327,0.08933446740591398,0.07031141966581345,2535.103195866232,2412.2798818046567,5130.544354838709,1,0,Rekaman baru 97.wav
-319.0611572265625,120.74449920654297,10.004987716674805,28.7448787689209,-11.148150444030762,18.839502334594727,-10.866633415222168,-1.720292091369629,14.853181838989258,-26.980571746826172,13.791367530822754,-5.449488639831543,-17.886938095092773,0.4835508465766907,0.43344682455062866,0.38630008697509766,0.27337679266929626,0.209603413939476,0.21434329450130463,0.30426570773124695,0.4064736068248749,0.24469627439975739,0.21401987969875336,0.278536856174469,0.4156176447868347,19.732785433497394,13.492421569639362,16.945849174313217,16.576602359297343,15.16478178417802,17.16901345556567,37.750575941235624,0.07229387267561983,0.13833603262901306,2334.883919012645,2544.1034427418,4592.2004132231405,1,0,Rekaman baru 98.wav
-366.46368408203125,117.33367919921875,10.772035598754883,23.187088012695312,-11.492151260375977,14.396050453186035,-10.220847129821777,0.3735608458518982,16.146263122558594,-24.42243194580078,9.23917007446289,-1.1333431005477905,-10.363194465637207,0.35366472601890564,0.46191737055778503,0.43023720383644104,0.3574289083480835,0.3498436510562897,0.2148883044719696,0.14506153762340546,0.16962413489818573,0.2727168798446655,0.3128355145454407,0.23160551488399506,0.23403750360012054,18.649504340305473,13.180172102597371,15.687722741347867,16.218275616157747,15.990031599435667,17.853997746084637,35.93419560946516,0.04622060244845361,0.08483915030956268,1849.3980559494269,2247.5469706683184,4102.528994845361,1,0,Rekaman baru 99.wav
-363.7222595214844,84.40760040283203,0.5956230759620667,9.448698043823242,-5.938650131225586,-1.6769061088562012,-16.208984375,0.6213781833648682,7.814587593078613,-14.651610374450684,-6.917175769805908,-0.07892885059118271,-5.819356441497803,0.1563892960548401,0.1756201982498169,0.3909974992275238,0.6656345725059509,0.34731870889663696,0.14510990679264069,0.10944069921970367,0.09948146343231201,0.1130717545747757,0.12676534056663513,0.1534043699502945,0.1620503067970276,13.877054575222711,15.186277857412977,18.784822752806797,17.834857113911355,17.106379353341573,21.47032016472443,33.94273567179019,0.03166212729357798,0.1244620829820633,1647.9671650749744,2124.967631755291,3925.2436926605506,1,1,Rekaman baru 1.wav
-400.3638000488281,99.8296890258789,9.616147994995117,6.34244441986084,-7.369443893432617,9.260910987854004,-12.311500549316406,-3.751370906829834,9.880228042602539,-19.50115966796875,-0.4719007611274719,-1.2636905908584595,-14.65052318572998,0.2945341169834137,0.2496841996908188,0.17559294402599335,0.16327503323554993,0.1966758668422699,0.3926766812801361,0.5685378313064575,0.2854290008544922,0.15858058631420135,0.18254022300243378,0.3191171884536743,0.3406733572483063,15.671623972686932,12.705682014992677,15.143885267995007,16.50783506453399,16.684334099209103,21.124520076475783,32.79020588385885,0.043788764312977096,0.06261889636516571,1988.6360614721661,2470.810583832509,4814.527671755725,1,1,Rekaman baru 10.wav
-319.6432189941406,97.87846374511719,8.13729190826416,24.940277099609375,-33.65298080444336,-27.122526168823242,-24.432708740234375,-13.622844696044922,2.80253529548645,-35.01519012451172,-13.350930213928223,0.38440805673599243,-16.778806686401367,0.7196004986763,0.5126975178718567,0.07413741201162338,0.024285105988383293,0.017629336565732956,0.01508460845798254,0.017828764393925667,0.03734912723302841,0.027556153014302254,0.01698256842792034,0.021192070096731186,0.15862338244915009,14.19179995235457,20.668164726879418,25.89332767891984,27.025402339832404,22.425927574162433,30.00517725419856,40.79573682610107,0.017966443159448817,0.29963168501853943,1097.5664133064513,1668.9280677475222,1192.3597440944882,1,1,Rekaman baru 100.wav
-309.3065490722656,142.36521911621094,16.3187313079834,19.952016830444336,-10.93890380859375,-17.470901489257812,-36.67008590698242,-19.399723052978516,15.864834785461426,-26.010761260986328,-16.280576705932617,5.693814277648926,-22.622880935668945,0.1901165097951889,0.14779549837112427,0.08360174298286438,0.0728636309504509,0.21667203307151794,0.5830169320106506,0.624149739742279,0.35670673847198486,0.12218794971704483,0.18056455254554749,0.06471442431211472,0.07421352714300156,27.166382876862567,22.23614176650076,22.319149037646635,29.31152928163969,24.49540873889312,31.202964940571444,40.28577777362321,0.015113295664206642,0.16090796887874603,1028.639351133292,1618.0921716356484,1182.8586254612546,1,1,Rekaman baru 11.wav
-349.6058349609375,137.0750274658203,36.16411590576172,11.634060859680176,-12.026397705078125,-16.955854415893555,-31.917442321777344,-17.609163284301758,2.164562463760376,-26.234203338623047,-9.927801132202148,2.62973690032959,-22.40595817565918,0.04045605659484863,0.08700168877840042,0.039553526788949966,0.0211278535425663,0.038033656775951385,0.18607579171657562,0.4819171130657196,0.6152051091194153,0.36578747630119324,0.08063060790300369,0.03693463280797005,0.01605083793401718,23.857318539751866,21.58249791068686,24.42817622972118,29.179491215989938,23.9962119348663,29.903158186323015,36.87107455131033,0.014694835265837104,0.17724323272705078,778.4277319612747,1235.6503284175146,919.8953619909503,1,1,Rekaman baru 12.wav
-366.1135559082031,102.48483276367188,20.733121871948242,10.18619155883789,-7.373441219329834,-8.749336242675781,-12.892956733703613,-3.134471893310547,6.403073310852051,-19.848791122436523,-10.458366394042969,3.0049800872802734,-9.739164352416992,0.05457177013158798,0.15970174968242645,0.10608517378568649,0.03403153270483017,0.050319455564022064,0.33117327094078064,0.5986355543136597,0.45397186279296875,0.19942639768123627,0.05610888823866844,0.05383027344942093,0.04052921384572983,17.828292243782276,14.033053556479068,18.464049036599107,21.313880580959143,17.103453803809966,22.07307217952176,32.508229070019915,0.02649159036624204,0.15910059213638306,1387.7243920926244,1884.545025494236,2782.792595541401,1,1,Rekaman baru 13.wav
-319.32275390625,132.91348266601562,37.112342834472656,31.82140350341797,-19.207359313964844,-17.13294792175293,-31.29522705078125,-16.16701889038086,20.990886688232422,-26.655853271484375,-8.344588279724121,13.874794960021973,-30.37666893005371,0.09467502683401108,0.0806015133857727,0.034857142716646194,0.09607204049825668,0.37367454171180725,0.621616542339325,0.28477445244789124,0.11556069552898407,0.17575617134571075,0.17964069545269012,0.08668721467256546,0.07036659121513367,24.79358880912714,20.153075383474064,21.53353330824573,27.28266045896486,20.5391057069397,29.900856635277407,43.98500469581019,0.01952388897613065,0.2028181552886963,1248.3338781532123,2087.6271916728224,1574.0813442211056,1,1,Rekaman baru 14.wav
-338.3326416015625,123.259033203125,24.048513412475586,19.0346622467041,-8.562941551208496,-18.30426597595215,-21.501445770263672,-6.200041770935059,8.962105751037598,-16.23287010192871,-8.650032043457031,-3.217567205429077,-24.667591094970703,0.08163121342658997,0.12343695014715195,0.34362971782684326,0.497661292552948,0.3329116106033325,0.08402115851640701,0.04907720908522606,0.08296061307191849,0.12708278000354767,0.3297525644302368,0.6201363205909729,0.31440600752830505,21.971617369688243,16.821350318476796,19.985313253451924,22.923425400361328,18.768907593738742,25.6434546210056,34.86750225369287,0.018019903273809524,0.15327446162700653,1043.9020307556323,1548.267484717085,1523.9158163265306,1,1,Rekaman baru 15.wav
-376.0697326660156,96.45470428466797,22.989036560058594,13.290409088134766,-4.176821708679199,-11.601192474365234,-13.379389762878418,-1.7305958271026611,5.992887496948242,-13.37736701965332,-9.98678970336914,-6.2847137451171875,-15.432150840759277,0.23358528316020966,0.2705851197242737,0.3034319281578064,0.2404612898826599,0.14727449417114258,0.09585274010896683,0.09738516807556152,0.10016487538814545,0.20818336308002472,0.3879548907279968,0.4341263771057129,0.339341938495636,14.195675312315998,11.306590143050325,16.622432760914048,17.515738027355965,15.303319566148023,19.026315968959366,28.81062085199682,0.02070939650229358,0.11786612123250961,1178.8741554517853,1742.8088236170454,2472.7637614678897,1,1,Rekaman baru 16.wav
-405.0751953125,85.573486328125,13.29741096496582,4.754347324371338,-2.876469612121582,0.22291143238544464,-6.370232582092285,1.7290492057800293,13.025860786437988,-8.15595817565918,-10.900819778442383,-3.2911479473114014,-8.081778526306152,0.25964123010635376,0.18567146360874176,0.16794349253177643,0.18313254415988922,0.204427570104599,0.15960624814033508,0.0910455510020256,0.07456301152706146,0.09867743402719498,0.1875886619091034,0.3232334554195404,0.3825121819972992,16.118368389933593,13.894456500240747,16.202876437637137,16.699801553910405,15.81864339826565,18.729902614716135,27.744400532501995,0.015480578785211268,0.05835753306746483,1069.861726728564,1411.54053497805,1924.8459507042253,1,1,Rekaman baru 17.wav
-396.5625,100.00292205810547,4.219642639160156,8.364046096801758,0.5130266547203064,4.294417858123779,-13.501306533813477,6.802883148193359,18.599613189697266,-19.901315689086914,-10.44515323638916,1.5515376329421997,-7.750502586364746,0.2649451196193695,0.33351951837539673,0.30784907937049866,0.25638020038604736,0.17292307317256927,0.09324483573436737,0.07015518844127655,0.10597621649503708,0.2131783366203308,0.2723676860332489,0.25446420907974243,0.18718433380126953,16.958642031789537,10.862755525993341,13.635003463255371,13.686532218474781,14.132646903818516,18.454534061315236,22.468482819570298,0.009174547697368422,0.12064231187105179,854.3464535292283,1036.538111118336,1380.345394736842,1,1,Rekaman baru 18.wav
-343.9752197265625,132.34727478027344,14.829647064208984,9.683443069458008,3.8435540199279785,-11.444137573242188,-26.25165557861328,11.694533348083496,26.148250579833984,-22.276758193969727,-12.008487701416016,0.6604218482971191,-14.126008033752441,0.1555812507867813,0.17575694620609283,0.22280028462409973,0.1523069441318512,0.08290408551692963,0.05162087082862854,0.03657151013612747,0.05847463756799698,0.2276235818862915,0.6519436240196228,0.35588791966438293,0.1264137178659439,19.95050868837971,16.413623286683762,19.623443936855715,22.519143871547012,20.070086443295978,29.116263779410506,31.352171337658906,0.019796316964285715,0.10417681932449341,996.6932687047905,1319.5200687686954,1459.1517857142858,1,1,Rekaman baru 19.wav
-384.6257019042969,75.55183410644531,2.7674434185028076,6.635878086090088,-13.149925231933594,-13.155160903930664,-17.670618057250977,-1.4817417860031128,8.195613861083984,-17.652828216552734,-8.378198623657227,2.273129940032959,-6.325861930847168,0.026264173910021782,0.039626624435186386,0.29391857981681824,0.5833724141120911,0.20217178761959076,0.04530287906527519,0.020567335188388824,0.014564202167093754,0.011062528938055038,0.027663767337799072,0.07026824355125427,0.04366294667124748,13.314713200947333,14.539172269353234,20.140709424478793,18.8998537493377,17.56100977353767,20.7987270665547,30.198827672736886,0.020638020833333333,0.10917504876852036,1297.6612259995834,1564.2322055909633,2552.1875,1,1,Rekaman baru 2.wav
-290.09039306640625,180.0819091796875,26.286684036254883,24.333208084106445,3.6110680103302,-1.850294589996338,-34.509178161621094,1.789670705795288,35.002647399902344,-35.01334762573242,-8.789192199707031,12.623758316040039,-23.429746627807617,0.16690464317798615,0.3678644895553589,0.4074973165988922,0.28851738572120667,0.10203337669372559,0.051258496940135956,0.032343339174985886,0.050147540867328644,0.41758695244789124,0.8191646337509155,0.25594696402549744,0.0818561390042305,24.54006773285737,17.08057473038729,21.878036810864767,25.718243264248855,20.92515149279936,31.206654003084346,37.21678151095282,0.016123759388412016,0.22314074635505676,895.5099216523803,1536.204861395833,993.5287017167382,1,1,Rekaman baru 20.wav
-293.9815979003906,169.30706787109375,16.84714698791504,27.5029354095459,2.659456968307495,-6.404947280883789,-36.35215377807617,-0.6190458536148071,35.22304916381836,-35.2336540222168,-9.104500770568848,18.263839721679688,-19.116365432739258,0.1558716744184494,0.26444321870803833,0.3611873686313629,0.26076748967170715,0.13989117741584778,0.09251159429550171,0.11685231328010559,0.06134643778204918,0.26064151525497437,0.787441611289978,0.40791037678718567,0.0925145149230957,23.9949490311451,16.884919073550968,21.645238168824086,24.05274519945507,21.481633028403056,33.51695516973822,37.88866979119606,0.019076643318965518,0.18809568881988525,1036.196965119208,1651.4835911565262,1441.579433497537,1,1,Rekaman baru 21.wav
-332.3380432128906,160.35787963867188,25.989337921142578,23.545228958129883,-4.234502792358398,-1.1335233449935913,-39.25263977050781,-24.810853958129883,21.09793472290039,-29.380428314208984,-9.131926536560059,7.369442939758301,-34.294132232666016,0.04923329874873161,0.13740235567092896,0.29877230525016785,0.4752032160758972,0.21773214638233185,0.07116899639368057,0.056266169995069504,0.07083878666162491,0.07355005294084549,0.4634574353694916,0.8107531666755676,0.2677347660064697,26.140732354927334,20.143964939400476,21.776678064057677,26.82140673262802,21.805954501118883,31.138646545924374,41.8445245950089,0.01545774343922652,0.17693071067333221,1068.2600069973516,1800.2786745337596,1028.0127762430939,1,1,Rekaman baru 22.wav
-323.94769287109375,147.73025512695312,29.040241241455078,21.7828426361084,-6.382318019866943,-3.9366157054901123,-31.3524227142334,-20.32689094543457,12.733094215393066,-23.4019775390625,-2.8380470275878906,1.5995770692825317,-28.41106414794922,0.13462795317173004,0.306148499250412,0.5815127491950989,0.4171239137649536,0.14991316199302673,0.06395953893661499,0.09950804710388184,0.0592598021030426,0.20041179656982422,0.6015095710754395,0.3217659592628479,0.0924433022737503,23.017541539285574,17.991016875956827,19.86779845308044,24.78479103911975,21.42956342968078,26.189464288757982,38.158638594928775,0.01283275462962963,0.20146355032920837,884.9452721280768,1561.749980502568,938.8888888888889,1,1,Rekaman baru 23.wav
-330.1639099121094,147.9899139404297,22.357685089111328,23.998058319091797,-6.988295555114746,-7.440151691436768,-27.398395538330078,-17.8592472076416,10.829204559326172,-20.030855178833008,-5.069804668426514,-2.9455041885375977,-27.190895080566406,0.09454075247049332,0.17221121490001678,0.3334026634693146,0.538664698600769,0.2672254145145416,0.09106913208961487,0.05204283446073532,0.07216423749923706,0.07563804090023041,0.3386863172054291,0.6539142727851868,0.28258901834487915,23.22324675692268,18.524230179491532,19.93834820452592,24.395195611767647,20.542161133306017,25.153176040105087,36.96733202746443,0.014311007367886179,0.20218895375728607,875.4669765939632,1406.0362100629363,992.7591463414634,1,1,Rekaman baru 24.wav
-342.6828308105469,161.85586547851562,34.943912506103516,21.73121452331543,-7.436017036437988,-12.04969596862793,-25.909860610961914,-18.13307762145996,6.615643501281738,-16.724014282226562,-3.341019630432129,-1.8203855752944946,-28.335599899291992,0.14398938417434692,0.3782378137111664,0.4730699956417084,0.3101566731929779,0.11485005915164948,0.08775535225868225,0.10073694586753845,0.08781357109546661,0.4268641471862793,0.8092637062072754,0.33330678939819336,0.10870829969644547,24.827777165855277,17.157020685635533,19.923436503155695,27.70383663873335,21.28249556319945,24.800829127579888,37.13195361502427,0.019209137761780105,0.16902945935726166,921.6691444237272,1447.2000886317896,1500.4908376963351,1,1,Rekaman baru 25.wav
-333.5143737792969,145.88206481933594,28.270090103149414,26.540115356445312,-6.47020149230957,-4.795670986175537,-30.620662689208984,-19.11211585998535,12.064943313598633,-23.139347076416016,-0.5148646831512451,2.144207715988159,-29.257768630981445,0.12359917163848877,0.19198483228683472,0.33398011326789856,0.5605451464653015,0.3598175644874573,0.1500658541917801,0.08115534484386444,0.11859631538391113,0.09800798445940018,0.2617926597595215,0.5393627285957336,0.3157599866390228,22.960477806526303,18.33434941823876,18.97696744254297,23.982667445600633,20.05561863689884,25.394787024364298,36.691715839249845,0.012260857529527559,0.21143470704555511,908.9946686906873,1524.908397924347,908.8951771653543,1,1,Rekaman baru 26.wav
-336.0633544921875,165.92347717285156,27.636228561401367,22.258756637573242,-7.017773151397705,-16.719881057739258,-25.506166458129883,-16.52428436279297,2.8401384353637695,-15.432150840759277,-2.5205910205841064,-3.9118809700012207,-27.194185256958008,0.07756990939378738,0.20091913640499115,0.32906293869018555,0.20060837268829346,0.047244518995285034,0.028555413708090782,0.042676810175180435,0.036938369274139404,0.3006035089492798,0.8221069574356079,0.2980421185493469,0.05052420124411583,24.81708001523994,18.503407901313764,21.825560576343914,28.00940587396943,22.41585724082087,25.93783030938498,36.24394449829769,0.01638574758287293,0.1671186238527298,785.3877906029473,1194.3074809953118,910.9547651933701,1,1,Rekaman baru 27.wav
-340.48797607421875,150.4273681640625,26.207881927490234,18.779254913330078,-4.467916011810303,-10.288841247558594,-21.519092559814453,-12.451430320739746,7.761471748352051,-12.134200096130371,-3.612398624420166,-7.4248762130737305,-26.62078094482422,0.1731426864862442,0.36173194646835327,0.5720519423484802,0.371898889541626,0.1379023641347885,0.06090601906180382,0.06617941707372665,0.06493578851222992,0.2399873435497284,0.6069279313087463,0.3004768192768097,0.09911414235830307,23.262894021095104,17.837480555046344,20.479764550551835,25.14350608965529,21.53811075309257,23.0184043614981,34.29709723816106,0.012862042682926829,0.18840105831623077,740.9454010686302,1202.415977000304,1053.7347560975609,1,1,Rekaman baru 28.wav
-340.5530090332031,161.4966583251953,37.1689567565918,17.951242446899414,-4.438490390777588,-10.598462104797363,-26.807275772094727,-17.640148162841797,3.5870208740234375,-15.736772537231445,1.057140588760376,0.5467530488967896,-28.37369728088379,0.1553812175989151,0.3965371549129486,0.490398645401001,0.31066426634788513,0.08938663452863693,0.06299440562725067,0.07906282693147659,0.053767167031764984,0.3151799440383911,0.7337138056755066,0.25084614753723145,0.06159514933824539,24.57418888718522,17.41502918434944,21.674616148722407,27.17886296007695,22.864267175882077,27.725346843070128,37.26083598226716,0.017846786299126637,0.15620699524879456,876.6605145030134,1428.533016745839,1286.6061681222707,1,1,Rekaman baru 29.wav
-349.3026428222656,120.00824737548828,13.263385772705078,27.206998825073242,3.759514570236206,-5.799997329711914,-28.623600006103516,-8.451578140258789,17.033702850341797,-23.50459861755371,-7.403519630432129,1.7174054384231567,-20.564231872558594,0.27724286913871765,0.2738610506057739,0.2680179178714752,0.3360588550567627,0.38621094822883606,0.24225325882434845,0.1217040941119194,0.13636529445648193,0.20503832399845123,0.20308279991149902,0.2547972798347473,0.42078766226768494,19.597078154118606,14.041943139909321,16.391587470217015,20.08702332087268,17.273090528417445,23.50533849493394,32.08128189400464,0.015227327641752577,0.17774748802185059,990.9048908099873,1576.8067902992752,1579.4942010309278,1,1,Rekaman baru 3.wav
-358.5689392089844,149.76145935058594,45.63788604736328,15.635493278503418,-4.890650749206543,-6.7541327476501465,-21.23198127746582,-13.02662181854248,6.266184329986572,-10.990489959716797,-1.3018020391464233,-1.668222188949585,-26.895374298095703,0.33732444047927856,0.3558942675590515,0.3388739228248596,0.24667732417583466,0.13978569209575653,0.10358990728855133,0.29319489002227783,0.42520737648010254,0.32195979356765747,0.2969684302806854,0.23872162401676178,0.28542423248291016,23.93176619820771,17.43154136197611,18.861712970579458,23.669388704836752,19.999218993982225,26.350674539927823,35.37878935388239,0.015104166666666667,0.1187722384929657,837.9641138194302,1325.5746524191416,1135.2272727272727,1,1,Rekaman baru 30.wav
-371.2694091796875,165.60459899902344,53.178890228271484,15.576416969299316,-9.452848434448242,-8.480491638183594,-23.141321182250977,-16.817218780517578,4.071528434753418,-10.651606559753418,0.891299307346344,-4.737755298614502,-29.938318252563477,0.23086313903331757,0.32868310809135437,0.45643576979637146,0.41425204277038574,0.2574288249015808,0.12525293231010437,0.2158254235982895,0.3291221857070923,0.28257912397384644,0.2509136497974396,0.19891507923603058,0.18457944691181183,24.429144192844085,17.66152105851076,17.949146214238915,25.28366967245595,20.859219188505087,24.416387037961172,34.893641060944994,0.013489058797393365,0.11985787749290466,761.8983962398222,1227.9903153763319,1005.2577014218009,1,1,Rekaman baru 31.wav
-353.53802490234375,140.9735565185547,41.988468170166016,12.567658424377441,-5.7310590744018555,-10.696677207946777,-20.755720138549805,-11.25072193145752,3.1611030101776123,-11.815667152404785,-5.706742763519287,-6.476796627044678,-22.920988082885742,0.12269434332847595,0.17344288527965546,0.299111932516098,0.37167593836784363,0.39347994327545166,0.3660045862197876,0.3153865933418274,0.2030181735754013,0.18852466344833374,0.2797611951828003,0.2012973576784134,0.14515379071235657,24.56191481904469,18.079518568787268,18.712144396256683,24.823292893344288,19.460488248593737,21.731130750474495,34.1631381574332,0.014126211564171123,0.12322096526622772,792.0500310124169,1253.8639422466392,977.3562834224599,1,1,Rekaman baru 32.wav
-418.56304931640625,115.59054565429688,19.200246810913086,8.492589950561523,-0.23925018310546875,-0.01289390493184328,-11.663982391357422,-1.1524238586425781,6.781368255615234,-7.997322082519531,-2.758676767349243,-4.7191386222839355,-13.554136276245117,0.2975339889526367,0.3741578459739685,0.32764124870300293,0.17921844124794006,0.09990856796503067,0.07642333209514618,0.08905110508203506,0.21934089064598083,0.41062507033348083,0.3394548296928406,0.1949312686920166,0.21806080639362335,18.374214741921218,12.576706459807605,14.88349918377848,16.695272402239198,14.66285867380841,17.307886776838476,24.549298458003513,0.010267660651408451,0.0937877669930458,771.4896170359162,982.6898535859037,1124.3397887323943,1,1,Rekaman baru 33.wav
-353.6422119140625,166.76800537109375,29.771316528320312,10.50329875946045,-1.8027106523513794,2.1538352966308594,-27.44687271118164,-14.199058532714844,15.241694450378418,-17.414152145385742,2.1781489849090576,1.299364447593689,-30.999269485473633,0.3757961690425873,0.541222333908081,0.2939319312572479,0.11768154054880142,0.04897225275635719,0.03485749661922455,0.08824941515922546,0.41306090354919434,0.6271715760231018,0.22676098346710205,0.09083499014377594,0.20599228143692017,23.77614203556401,17.760163403080057,19.27495169514754,25.113317040968997,19.360011976873853,25.697493942909784,36.6035918630682,0.011465291030534352,0.15588000416755676,758.4042489398321,1235.1877053375117,920.8611641221374,1,1,Rekaman baru 34.wav
-323.5732727050781,144.37374877929688,32.21999740600586,11.534746170043945,-10.561783790588379,-10.23145580291748,-27.736743927001953,-15.965534210205078,17.0338191986084,-13.03775691986084,-12.363335609436035,-2.7224128246307373,-28.903379440307617,0.04985962435603142,0.08141373842954636,0.13748915493488312,0.13336752355098724,0.06786995381116867,0.0496702678501606,0.0696769505739212,0.05443357676267624,0.37780919671058655,0.7465452551841736,0.28761205077171326,0.051680076867341995,22.964896176000998,15.757115044052167,21.86617447159445,23.7354903246817,19.690396697645937,29.162362342809118,35.95221261314598,0.015794994212962963,0.20765924453735352,832.6330422103523,1252.5714559033715,922.3958333333334,1,1,Rekaman baru 35.wav
-316.9276428222656,151.01092529296875,26.26628875732422,16.03400421142578,-11.548954963684082,-3.6219394207000732,-25.107635498046875,-11.73472785949707,27.043489456176758,-17.80341911315918,-10.926143646240234,2.49009370803833,-33.27041244506836,0.06629082560539246,0.10835333168506622,0.26366710662841797,0.5777536630630493,0.4471258819103241,0.1993742436170578,0.07058866322040558,0.0474490262567997,0.02202141284942627,0.09910764545202255,0.4523943066596985,0.3654461205005646,24.793220471063613,18.810345555025048,19.52957185327782,26.19378500867156,20.0853660580339,31.518913160697913,39.42561857602954,0.017688069122516557,0.18802721798419952,995.3447254453947,1564.8725459792838,1102.9594370860927,1,1,Rekaman baru 36.wav
-305.9924621582031,125.96475219726562,19.79564666748047,8.344196319580078,-20.22620964050293,-21.922101974487305,-37.26280212402344,-20.52603530883789,11.350088119506836,-25.67729377746582,-21.460750579833984,-6.548603057861328,-26.647167205810547,0.1429188996553421,0.017066869884729385,0.014924764633178711,0.019421609118580818,0.03201746568083763,0.07014098763465881,0.1636199802160263,0.1523652970790863,0.12139631807804108,0.18720044195652008,0.4606916010379791,0.5596013069152832,14.36239096337129,17.253179606533777,23.53157529099349,24.869400928467236,20.483942880872615,26.78034674203528,37.99246488862602,0.017883715986394558,0.27173230051994324,955.9431192690924,1397.7307868175108,1042.4107142857142,1,1,Rekaman baru 37.wav
-398.7672119140625,87.9973373413086,23.649871826171875,1.516503930091858,-12.352599143981934,-20.69852638244629,-20.033279418945312,-6.520299911499023,0.21255521476268768,-10.091192245483398,-6.975954055786133,-0.5946895480155945,-8.031376838684082,0.3885951042175293,0.0844883844256401,0.013096624985337257,0.007055659778416157,0.006002715323120356,0.007492971606552601,0.01022160705178976,0.014337237924337387,0.038357850164175034,0.11425166577100754,0.23690178990364075,0.42685234546661377,15.89057361039161,14.168841626682505,18.381423836982748,20.443539414093472,16.18276425025341,19.99700751968567,24.768430515933154,0.010613692434210526,0.16609036922454834,586.1959033430189,509.5247039458494,741.3651315789474,1,1,Rekaman baru 38.wav
-302.3230895996094,124.34947967529297,6.323660373687744,12.262053489685059,-24.27841567993164,-28.47606086730957,-37.63056182861328,-15.537952423095703,20.929092407226562,-27.836393356323242,-27.219303131103516,-7.657250881195068,-27.333417892456055,0.8361711502075195,0.3925382196903229,0.03874706104397774,0.0076690660789608955,0.006833920255303383,0.007325814105570316,0.015363754704594612,0.0550057627260685,0.022810904309153557,0.007366959936916828,0.02705608308315277,0.2645874321460724,12.669738985248548,19.039455825144877,25.176127798299145,27.862919522497105,25.945999009962687,29.617252886514198,41.22977934356345,0.02241836939102564,0.21105323731899261,1229.2920616598597,1715.0091343422082,1911.298076923077,1,1,Rekaman baru 39.wav
-333.84423828125,121.2188491821289,20.83146858215332,21.702486038208008,-3.7412912845611572,-20.2303409576416,-33.02465057373047,-11.558839797973633,17.12186622619629,-20.779508590698242,-20.007631301879883,0.5099141001701355,-21.450857162475586,0.05624046176671982,0.07009383291006088,0.0526915080845356,0.038275156170129776,0.041895102709531784,0.04271765425801277,0.053128596395254135,0.10339465737342834,0.3911136984825134,0.7259507775306702,0.3624296486377716,0.09511752426624298,15.335598746206257,16.7545873412948,24.322964625161283,26.8484193265458,21.825884624171476,25.867427665000534,35.36236924978567,0.017562960986024844,0.25462818145751953,863.1001739457347,1349.4807160996893,1267.8086180124224,1,1,Rekaman baru 4.wav
-323.6383972167969,133.8310546875,15.0311918258667,17.14641761779785,-19.811975479125977,-21.837505340576172,-39.17469024658203,-28.835634231567383,13.377523422241211,-19.17776107788086,-12.529483795166016,-3.175187587738037,-30.675716400146484,0.3528256416320801,0.04467211291193962,0.01754467934370041,0.016768647357821465,0.02428380213677883,0.1065504252910614,0.30598992109298706,0.09734704345464706,0.013252506032586098,0.03346434235572815,0.2902042269706726,0.7902082800865173,13.899923533108248,17.46423829620279,25.4086049651079,28.770463780527216,25.878517123223286,30.392077356200943,41.74635836692402,0.0202155978523166,0.19623823463916779,1081.9438503705433,1711.4048964429821,1179.8383204633205,1,1,Rekaman baru 40.wav
-297.8924865722656,130.51651000976562,16.10297966003418,8.98709487915039,-32.57880783081055,-29.238849639892578,-34.580936431884766,-22.41703987121582,10.97316837310791,-22.360929489135742,-20.731937408447266,-6.112303256988525,-21.426284790039062,0.3493078947067261,0.28570443391799927,0.12744224071502686,0.03418707475066185,0.045441318303346634,0.0736008808016777,0.09312427788972855,0.11518992483615875,0.2001444697380066,0.1856198012828827,0.2290463000535965,0.4108738601207733,13.882054771574756,17.64476691234659,22.262385126784274,26.59796899058519,21.471097591600195,23.844595452950983,39.11816420705162,0.01927902524834437,0.269959419965744,1008.7148613290601,1449.9199408605139,1054.0666390728477,1,1,Rekaman baru 41.wav
-317.96063232421875,119.61131286621094,4.066064834594727,4.300700664520264,-21.717422485351562,-18.719993591308594,-24.205249786376953,-13.743680953979492,9.903241157531738,-16.280595779418945,-16.569900512695312,-9.634167671203613,-21.465057373046875,0.024709977209568024,0.027627885341644287,0.017752187326550484,0.01601840741932392,0.022385284304618835,0.03795923665165901,0.10952538251876831,0.17130297422409058,0.2522091567516327,0.616386353969574,0.25452959537506104,0.04484676569700241,12.780042113273648,15.955571915541016,23.75290801920929,25.329986364070272,19.406820121895414,23.45007319165439,34.3464622889159,0.015513392857142858,0.2746478021144867,913.1528904855209,1138.1966409170886,1229.017857142857,1,1,Rekaman baru 42.wav
-307.78948974609375,128.60446166992188,11.21805191040039,0.9569879770278931,-17.668861389160156,-21.1060848236084,-28.62727928161621,-13.018181800842285,12.763650894165039,-13.064665794372559,-13.803523063659668,-7.0770649909973145,-21.102874755859375,0.058893509209156036,0.04171447083353996,0.062118202447891235,0.06900086998939514,0.10874205082654953,0.10837796330451965,0.08197557926177979,0.12387298792600632,0.18464040756225586,0.25253328680992126,0.6081997156143188,0.16327901184558868,14.69324594606003,15.850448032739884,22.150747062863587,28.497218630702363,23.11674549670388,25.86326275648559,36.8889943914852,0.02634351325757576,0.23941627144813538,935.3087185440155,1283.271252084115,1088.0681818181818,1,1,Rekaman baru 43.wav
-318.0601806640625,154.53822326660156,39.16765594482422,4.764444828033447,-25.291019439697266,-27.87098503112793,-35.874107360839844,-17.715633392333984,8.142216682434082,-20.947750091552734,-14.192159652709961,-5.275122165679932,-28.19868278503418,0.06082848086953163,0.045815128833055496,0.03509525954723358,0.0309910848736763,0.08075611293315887,0.39660048484802246,0.6407248973846436,0.6730942726135254,0.49006423354148865,0.13217760622501373,0.05098593235015869,0.058658961206674576,21.044882390647533,22.65242223424299,21.852560427650257,25.419387682314646,20.656715595922204,28.791479629830263,39.2069431610624,0.01706112132352941,0.1943747103214264,843.0181033700027,1286.5109626011845,935.8455882352941,1,1,Rekaman baru 44.wav
-315.74676513671875,137.13314819335938,18.49759292602539,9.807272911071777,-10.860698699951172,-13.426813125610352,-23.356107711791992,-8.646280288696289,12.34181022644043,-20.438827514648438,-18.963342666625977,-6.61942195892334,-16.534866333007812,0.17993377149105072,0.08001156896352768,0.05419161170721054,0.14121457934379578,0.3628491461277008,0.6762795448303223,0.31633999943733215,0.06469838321208954,0.021315019577741623,0.0414029136300087,0.07124797254800797,0.12092237919569016,22.09490197968599,21.42445541584864,19.36293960956911,23.173064053642772,20.89356797993273,26.379246425788473,33.96055393924745,0.014783409552845529,0.22530807554721832,780.1511524169307,1096.7912996031794,966.4634146341464,1,1,Rekaman baru 45.wav
-326.5766906738281,126.76754760742188,22.90116310119629,5.878457546234131,-27.0565185546875,-19.701276779174805,-39.05978775024414,-25.795839309692383,17.859731674194336,-22.389982223510742,-17.19125747680664,4.748678684234619,-25.111921310424805,0.037404075264930725,0.16327889263629913,0.08997166901826859,0.009232682175934315,0.02890103869140148,0.19218796491622925,0.7580554485321045,0.5094152092933655,0.08311186730861664,0.05106513574719429,0.23912841081619263,0.07096175104379654,19.306461882563497,25.719014811945332,24.600756284225522,28.506201315253048,24.422528513392624,31.676218235672824,40.49348199286138,0.02015711325966851,0.20629429817199707,1057.207563785829,1631.9598773650841,1122.2807320441989,1,1,Rekaman baru 46.wav
-322.0826110839844,138.24436950683594,22.38558006286621,0.6460709571838379,-15.890069961547852,-21.612674713134766,-21.804101943969727,-7.408309459686279,9.293302536010742,-12.1356782913208,-16.119150161743164,-9.702995300292969,-21.62583351135254,0.06777811050415039,0.06150880828499794,0.14272625744342804,0.21674776077270508,0.24029047787189484,0.13920089602470398,0.07281647622585297,0.044084686785936356,0.052696458995342255,0.17811861634254456,0.5717301368713379,0.2873627245426178,17.282446007645035,16.26764560836244,22.20616401113893,27.299017446554224,21.090682873566085,24.28186453114222,31.212046210480075,0.02149433992346939,0.2821941077709198,801.2028606614248,1112.2851632263198,1114.6364795918366,1,1,Rekaman baru 47.wav
-340.3570556640625,137.48797607421875,35.48006820678711,-3.412263870239258,-22.000289916992188,-27.999452590942383,-28.523361206054688,-10.258468627929688,4.260837078094482,-12.380478858947754,-11.00240421295166,-9.66140365600586,-22.294782638549805,0.05899869278073311,0.06691544502973557,0.05699220299720764,0.06932386755943298,0.11685255169868469,0.20296886563301086,0.38957324624061584,0.32135647535324097,0.26140719652175903,0.16042928397655487,0.3258431851863861,0.13240773975849152,18.01292090538382,21.593704851396495,23.958512221273164,30.70204921325273,24.379166003195447,30.713443991103656,36.03785664156077,0.022603037925696595,0.17417623102664948,828.4093950668371,1107.351008413171,1111.938854489164,1,1,Rekaman baru 48.wav
-353.3486328125,131.93038940429688,24.082107543945312,10.749187469482422,-7.693823337554932,-9.202934265136719,-17.479877471923828,-6.478553771972656,6.682747840881348,-14.8621244430542,-12.405181884765625,-7.697495937347412,-12.400435447692871,0.5326198935508728,0.2072017788887024,0.06958649307489395,0.12790316343307495,0.2781204283237457,0.29674458503723145,0.1725710779428482,0.07608400285243988,0.04966337978839874,0.05994243919849396,0.05412100628018379,0.22887828946113586,22.51110560723154,15.997335704473368,19.425338095909986,20.43180465793608,17.757491562709717,20.49367917090657,28.925720208171096,0.015257476478494623,0.17655739188194275,718.9559219990613,931.1355888639366,939.516129032258,1,1,Rekaman baru 49.wav
-318.6748352050781,108.52554321289062,14.428147315979004,30.522724151611328,-7.639027118682861,-16.80158042907715,-36.633819580078125,-15.859614372253418,22.715614318847656,-28.83683967590332,-24.856056213378906,3.60275936126709,-22.075634002685547,0.14774484932422638,0.13102009892463684,0.07106621563434601,0.05309735983610153,0.05067724734544754,0.06389845162630081,0.0680585652589798,0.0759873017668724,0.14866062998771667,0.32251542806625366,0.6919237971305847,0.4682047963142395,13.181010562423184,17.588650668510713,23.126564156597368,24.84835734968507,22.54355419479511,33.74561705115129,39.809719163743274,0.021576830621301776,0.276091068983078,1333.6491391183117,2057.5467163576695,2247.087647928994,1,1,Rekaman baru 5.wav
-337.47564697265625,117.75421905517578,22.594833374023438,3.2637829780578613,-17.33599090576172,-16.901887893676758,-24.96075439453125,-12.285151481628418,8.452528953552246,-18.15480613708496,-17.58986473083496,-7.473017692565918,-20.915790557861328,0.029322529211640358,0.04573609307408333,0.043596938252449036,0.02402227558195591,0.055217646062374115,0.3481433391571045,0.682400107383728,0.4489169716835022,0.12889285385608673,0.029009854421019554,0.03810261934995651,0.06673266738653183,16.80424987209098,22.211274457805924,21.79815841284686,24.875418943500957,20.808055841511962,25.394787566290233,33.89255294457092,0.014239551575203253,0.21703922748565674,837.637372667497,1209.633648144609,1024.7713414634147,1,1,Rekaman baru 50.wav
-322.05316162109375,129.26194763183594,23.514894485473633,-2.91813588142395,-22.602027893066406,-13.652473449707031,-22.127012252807617,-11.509812355041504,12.112515449523926,-17.942289352416992,-10.734607696533203,-0.850132405757904,-22.94113540649414,0.05528173968195915,0.0768287405371666,0.05814734101295471,0.04174761101603508,0.04360879957675934,0.0789361521601677,0.35294729471206665,0.6700212955474854,0.40247416496276855,0.18270981311798096,0.1334611028432846,0.10016929358243942,15.72541796678001,20.009153014468716,24.0598871087893,24.702533737359023,20.810582171913033,25.08501331842451,38.361933851300485,0.01915938017384106,0.24156711995601654,950.274057967175,1489.0286975046183,1261.8998344370862,1,1,Rekaman baru 51.wav
-322.1067810058594,134.35409545898438,27.43499755859375,1.422275185585022,-15.1342191696167,-17.862668991088867,-28.024782180786133,-14.743857383728027,3.5475668907165527,-19.135597229003906,-14.260781288146973,-6.324222564697266,-21.050647735595703,0.02579495683312416,0.027597958222031593,0.02398493140935898,0.04365422576665878,0.1284857988357544,0.35586631298065186,0.5338581800460815,0.19555649161338806,0.1497531235218048,0.26347115635871887,0.10204871743917465,0.03127039223909378,16.418640927587262,22.825452165645952,23.088453360361974,25.40855053783296,20.933590671053878,26.709557106877998,35.52584844646607,0.014192492756622517,0.2910286486148834,740.535922788703,1031.0636097698628,919.960678807947,1,1,Rekaman baru 52.wav
-382.3030090332031,86.7502670288086,2.841017723083496,6.559095859527588,0.7541592717170715,-1.8373744487762451,-10.650738716125488,-5.021012306213379,1.7144103050231934,-14.010184288024902,-5.983006000518799,-2.442667245864868,-7.838294506072998,0.07600408792495728,0.1731664538383484,0.14965377748012543,0.09438706934452057,0.10921306163072586,0.18983112275600433,0.4384125769138336,0.4044267535209656,0.18249614536762238,0.10268949717283249,0.09398193657398224,0.06476795673370361,16.953308290790844,13.99980198776325,15.281051805070748,14.866663826758145,15.121081977535715,17.90432266465017,26.58116221572961,0.009669569672131147,0.08986584842205048,836.5067844589635,1142.197337535891,1445.4405737704917,1,1,Rekaman baru 53.wav
-374.3185119628906,90.17520904541016,-0.8395997881889343,9.459933280944824,-4.056755065917969,-1.5635069608688354,-8.045330047607422,-2.9012577533721924,3.220766305923462,-15.227323532104492,-2.8737294673919678,-0.7184056639671326,-8.435766220092773,0.18020498752593994,0.23157642781734467,0.15536966919898987,0.21461181342601776,0.26147329807281494,0.3272450566291809,0.47537580132484436,0.32354533672332764,0.1749066561460495,0.1548919677734375,0.19873444736003876,0.18311400711536407,18.32245974855698,14.286760361404983,14.52368840237597,15.764800790731687,16.090994928367223,19.029214329015115,28.534838637887635,0.01606955457089552,0.08130580186843872,1100.0541375093173,1447.5872938455864,2253.498134328358,1,1,Rekaman baru 54.wav
-435.8141174316406,48.89265060424805,-3.3860671520233154,7.1367974281311035,-6.536202907562256,1.672672152519226,-6.60876989364624,-6.328210830688477,3.3287413120269775,-9.78114128112793,-2.3495841026306152,-0.49351823329925537,-2.432267189025879,0.09331566095352173,0.05864040553569794,0.05707704275846481,0.10696446895599365,0.2603134512901306,0.15667250752449036,0.05904877558350563,0.03592487424612045,0.030182378366589546,0.03286636620759964,0.05015821009874344,0.09321234375238419,14.399659336327135,14.398465357251636,15.330619978707537,15.113117573006058,16.025116700250628,16.56816027099275,20.508740289570515,0.007181307164634146,0.07835911959409714,612.2615174961836,739.2060909860517,1014.1006097560976,1,1,Rekaman baru 55.wav
-433.0308532714844,62.566280364990234,-2.910905599594116,7.457004547119141,-8.679620742797852,-3.0276200771331787,-13.743961334228516,-2.8772449493408203,10.479727745056152,-12.454721450805664,-2.3848183155059814,3.469805955886841,-7.567996501922607,0.038148973137140274,0.0551750548183918,0.1564365178346634,0.3266773223876953,0.16820251941680908,0.03266824036836624,0.011463011614978313,0.009895351715385914,0.013411728665232658,0.07589758932590485,0.29976633191108704,0.11431136727333069,12.033094467175445,13.568792234065654,14.94619037037521,17.56407215137451,15.104148983393674,17.689313904840866,24.059037855408906,0.01469826211734694,0.0708569660782814,889.7266570898364,1071.2586993201198,1530.6122448979593,1,1,Rekaman baru 56.wav
-333.1495361328125,106.10370635986328,-1.6952310800552368,17.497631072998047,-4.909224033355713,-1.1740187406539917,-17.34322738647461,-7.607456207275391,8.616978645324707,-15.50698184967041,-6.724555492401123,-1.9753972291946411,-11.869169235229492,0.08824624121189117,0.11740531027317047,0.10845188051462173,0.10642404109239578,0.23594358563423157,0.38244250416755676,0.4596804082393646,0.2940515875816345,0.08489110320806503,0.04638064652681351,0.08517234772443771,0.0833776667714119,16.389943318842096,14.877556261999311,15.068255218920585,17.738391895193608,15.132778439978246,18.57064387246928,28.68004076933304,0.01162934639084507,0.19024987518787384,959.1279763649784,1243.2480187241113,1432.6584507042253,1,1,Rekaman baru 57.wav
-338.4896240234375,154.39059448242188,20.070463180541992,19.257598876953125,-2.531130790710449,-5.763679027557373,-30.94032096862793,-15.453300476074219,18.115509033203125,-17.855323791503906,-7.779145240783691,0.23224367201328278,-22.818355560302734,0.10218360275030136,0.21967729926109314,0.28705254197120667,0.21472126245498657,0.0702800527215004,0.05310869589447975,0.0759979709982872,0.05640004202723503,0.3105188310146332,0.7347649931907654,0.31616321206092834,0.0838870257139206,23.08347220748323,16.00683758704642,19.26696040091589,23.131116892909034,17.707339115134843,20.814655586692055,35.77779691059643,0.013544998769685039,0.18919456005096436,886.4108669175679,1368.0134945465823,1079.7859251968505,1,1,Rekaman baru 58.wav
-358.83331298828125,120.54552459716797,10.2926607131958,18.97936248779297,-2.7764394283294678,-5.753962993621826,-23.926836013793945,-5.99684476852417,16.473323822021484,-19.746749877929688,-9.128927230834961,0.8767072558403015,-19.34956169128418,0.13506105542182922,0.16902904212474823,0.24178336560726166,0.24978208541870117,0.1515454202890396,0.06284931302070618,0.04760459437966347,0.0676715075969696,0.10627325624227524,0.28538617491722107,0.47719791531562805,0.285281240940094,19.256661753215756,15.11414028801138,18.617033716862238,20.95675778456126,17.42772336515841,21.730694665058177,29.660855384313063,0.013245401503164557,0.17645883560180664,851.712421342898,1127.159433161443,1119.0664556962026,1,1,Rekaman baru 59.wav
-370.8964538574219,84.32592010498047,12.233609199523926,17.100791931152344,-4.982814788818359,-1.2261909246444702,-15.442790031433105,-6.487844944000244,8.116043090820312,-16.272266387939453,-8.393410682678223,-1.284094214439392,-10.221091270446777,0.18286924064159393,0.3109915852546692,0.3877848982810974,0.45097899436950684,0.5076693892478943,0.3613179624080658,0.1794685274362564,0.11367490887641907,0.10171172767877579,0.11290360987186432,0.16520434617996216,0.1998152732849121,14.229820394015524,14.307921932727016,16.744471915892778,17.297831229507903,16.780047031842557,19.476862217842307,33.58775422054291,0.04543102297008547,0.11491844803094864,1790.4347708519679,2148.1469869839116,3417.4679487179487,1,1,Rekaman baru 6.wav
-334.27703857421875,174.22601318359375,20.452831268310547,14.79644775390625,-4.362420082092285,-11.000481605529785,-31.70142936706543,-15.31008243560791,13.52414321899414,-26.173946380615234,-8.389005661010742,11.035486221313477,-23.80898094177246,0.19176924228668213,0.2413029819726944,0.1156393364071846,0.049089204519987106,0.05484621971845627,0.06263528764247894,0.08387891948223114,0.44264647364616394,0.7645219564437866,0.2863440215587616,0.0651160180568695,0.09749544411897659,25.243716336033685,17.183229067969467,19.92898481382895,25.015203553099468,18.076729448374735,26.867096570196008,36.541050312077964,0.017335464015151514,0.1636989265680313,834.0485252766172,1244.7005852005614,938.4943181818181,1,1,Rekaman baru 60.wav
-316.6824951171875,101.22721099853516,2.6663410663604736,28.282997131347656,-21.536741256713867,-22.5445499420166,-39.00916290283203,-11.628122329711914,17.40887451171875,-23.7066593170166,-12.515477180480957,8.912014961242676,-12.073101997375488,0.16944235563278198,0.13676127791404724,0.16679057478904724,0.25764450430870056,0.23552508652210236,0.24494102597236633,0.33395108580589294,0.12391757220029831,0.07853981852531433,0.1400408148765564,0.22111257910728455,0.19898469746112823,12.6662565940361,18.888057378127872,21.163132476487075,24.916508532564574,22.653037495879857,29.48139013215557,38.26315765162812,0.021691631070143883,0.24645982682704926,1353.1154664502947,1923.9357061474752,2576.607464028777,1,1,Rekaman baru 61.wav
-325.0787658691406,88.64950561523438,-3.1002888679504395,31.47415542602539,-34.97254943847656,-19.664621353149414,-34.224822998046875,-12.1814603805542,12.70934772491455,-29.264554977416992,-6.924183368682861,7.178323268890381,-15.549336433410645,0.17325888574123383,0.14645525813102722,0.1071876585483551,0.1244136169552803,0.3281993567943573,0.7308878302574158,0.3028087317943573,0.1260978728532791,0.09125056862831116,0.08575508743524551,0.10594403743743896,0.1493481993675232,13.339972647396475,22.88534397730715,22.768833777078466,25.21350023005747,27.270242538527768,33.22365557175064,43.613458368993484,0.04055345504679144,0.21080608665943146,2135.2870690609057,2681.324687519068,5903.492647058823,1,1,Rekaman baru 62.wav
-395.74951171875,70.48931884765625,3.685051679611206,17.512432098388672,-15.84363079071045,-9.244912147521973,-19.50370216369629,-2.829108238220215,5.180246353149414,-16.49123764038086,-3.970310926437378,0.0038828516844660044,-8.575051307678223,0.15331058204174042,0.07282125949859619,0.08706240355968475,0.09990821778774261,0.2467513233423233,0.5593822598457336,0.2617824673652649,0.05608200654387474,0.024442847818136215,0.021683158352971077,0.03836499899625778,0.08343855291604996,12.16419595448593,17.159939724519933,17.376636266605068,19.941682545320397,18.117694898535433,23.187683853222055,31.4787755901744,0.02480345134493671,0.10969078540802002,1430.7923602750268,1783.5394375013254,3011.8670886075947,1,1,Rekaman baru 63.wav
-354.3191223144531,86.728759765625,-1.3740531206130981,21.837242126464844,-25.260726928710938,-10.408246994018555,-20.4768123626709,-6.543248653411865,8.046686172485352,-22.91703987121582,-6.2403483390808105,-2.259594678878784,-11.333271980285645,0.11180642247200012,0.11426348239183426,0.22505734860897064,0.2197665572166443,0.3406869173049927,0.4589090347290039,0.18279236555099487,0.07802008837461472,0.04885527491569519,0.043233126401901245,0.05479796975851059,0.08115783333778381,12.578684743230461,18.28899708025705,18.352575060388318,20.158213182802925,18.329962754322448,22.40137846691468,35.92929024643717,0.027043269230769232,0.16574285924434662,1602.6388514842986,2102.186206133306,4205.357142857143,1,1,Rekaman baru 64.wav
-321.0130310058594,89.29359436035156,-7.659021854400635,28.84078025817871,-33.68584442138672,-17.70232391357422,-31.813766479492188,-7.6040191650390625,12.306976318359375,-27.24720001220703,-8.258359909057617,1.8917536735534668,-13.157524108886719,0.16244833171367645,0.0797024592757225,0.057988837361335754,0.10482561588287354,0.4669457674026489,0.5101901292800903,0.12064673751592636,0.029931901022791862,0.01582149975001812,0.014514675363898277,0.027543673291802406,0.09219638258218765,12.93853817443012,20.142701855452277,20.009059823508487,23.909863596014954,23.634836999196878,26.42151335058263,38.82945994918447,0.027440333104395604,0.22365450859069824,1698.0569162153458,2074.218381291151,4524.98282967033,1,1,Rekaman baru 65.wav
-318.18267822265625,84.96141052246094,2.354512929916382,36.30970764160156,-30.498985290527344,-5.93606424331665,-26.48379135131836,-6.471991062164307,7.302412986755371,-18.047128677368164,-12.26869010925293,1.9900716543197632,-4.050626754760742,0.0724545493721962,0.08778677880764008,0.05804135277867317,0.08330660313367844,0.22203578054904938,0.6432020664215088,0.5244123935699463,0.13312476873397827,0.035627901554107666,0.023856019601225853,0.02347406931221485,0.033916741609573364,12.737427953847101,20.71120864548421,18.98180212178772,22.207020957666217,23.2774401321763,27.24963636792225,40.064175985477185,0.023473818440082644,0.21327488124370575,1925.004769507028,2434.9251512035876,4914.32076446281,1,1,Rekaman baru 66.wav
-348.62005615234375,100.88063049316406,8.475065231323242,9.97927474975586,-5.0705108642578125,1.6704072952270508,-13.050490379333496,-12.468876838684082,-1.6689811944961548,-16.2850399017334,-7.79334020614624,-3.5416035652160645,-7.319199562072754,0.2922267019748688,0.28247174620628357,0.388302206993103,0.2190394252538681,0.08464992046356201,0.05375313386321068,0.050355199724435806,0.08828435838222504,0.1605241447687149,0.27653366327285767,0.32922232151031494,0.3046557903289795,13.07542099085387,14.202049754165527,16.919027539597643,16.28098248750659,17.00405761650772,18.43423142573851,30.976465906772688,0.01927955863402062,0.13428030908107758,1292.487050217076,1717.5030255305314,2207.2326030927834,1,1,Rekaman baru 67.wav
-398.9346008300781,94.25816345214844,6.006189346313477,15.319535255432129,-3.682786464691162,-7.177971839904785,-14.903935432434082,-3.489339828491211,7.113126754760742,-13.524275779724121,-5.887133598327637,-0.14330998063087463,-14.397300720214844,0.2260914295911789,0.13619226217269897,0.1719362735748291,0.205418661236763,0.22662776708602905,0.1499888151884079,0.07965375483036041,0.062246620655059814,0.06504494696855545,0.07391361147165298,0.19877533614635468,0.4146738648414612,17.75499651012973,14.567304960061906,16.648996849282742,18.529013105704053,15.133190497139248,19.153486562555315,25.20266084958133,0.011886846823770492,0.12731380760669708,842.7704860779371,1037.9841655375678,1236.0399590163934,1,1,Rekaman baru 68.wav
-336.38226318359375,146.47354125976562,23.619234085083008,22.69303321838379,-10.553680419921875,-5.856300354003906,-28.867942810058594,-11.127862930297852,19.34922981262207,-27.755754470825195,-3.8303208351135254,7.698646068572998,-33.11112976074219,0.12116438150405884,0.0793268084526062,0.1264248639345169,0.22773946821689606,0.1807853728532791,0.09477031230926514,0.05410058796405792,0.07729996740818024,0.053049199283123016,0.20964954793453217,0.6704980731010437,0.51535564661026,22.607051943971385,17.313663435624857,20.681182434628578,23.478943770098393,17.84253964662444,28.682717427171394,38.5497323498578,0.019038998983739838,0.184418722987175,1094.8047832703903,1682.937248275669,1313.4527439024391,1,1,Rekaman baru 69.wav
-340.0094299316406,97.52388000488281,2.1348016262054443,25.17408561706543,-25.160419464111328,-15.977982521057129,-27.82366371154785,-11.425745010375977,17.288103103637695,-34.351627349853516,-18.337705612182617,6.865758895874023,-16.76340103149414,0.17285823822021484,0.21175073087215424,0.3963482975959778,0.6604191064834595,0.3537863790988922,0.15374761819839478,0.12445543706417084,0.10617564618587494,0.09913080930709839,0.10830959677696228,0.16820956766605377,0.18979766964912415,11.460016921864835,20.99094602920976,23.574364566253404,24.945996158513076,25.595842000408698,30.968649822896477,41.388733628813064,0.03293442585059172,0.21961726248264313,1748.8483350562478,2403.6244857082615,4001.8491124260354,1,1,Rekaman baru 7.wav
-339.544921875,92.4922103881836,-4.617193698883057,25.899930953979492,-26.52446174621582,-17.531993865966797,-19.614091873168945,-11.615805625915527,7.751992225646973,-26.978633880615234,-12.094374656677246,2.2670164108276367,-13.901248931884766,0.1125069409608841,0.2467750906944275,0.6094033122062683,0.30636078119277954,0.04799608513712883,0.012926938943564892,0.011416199617087841,0.007627162151038647,0.033477310091257095,0.11437050253152847,0.07638169080018997,0.09766083210706711,12.136804247917631,19.445761494430073,22.30021107129394,24.15019575915804,22.094480972362515,26.45409972007809,34.76011790495158,0.02251459478021978,0.22791850566864014,1277.1896435915662,1738.3445630355714,2291.723901098901,1,1,Rekaman baru 70.wav
-320.97662353515625,80.44757080078125,-6.110712051391602,12.160624504089355,-41.19618225097656,-23.601016998291016,-28.62784767150879,-9.42927074432373,14.672709465026855,-28.616641998291016,-3.5857551097869873,7.326293468475342,-13.521361351013184,0.0871533751487732,0.10581599175930023,0.19117143750190735,0.24080543220043182,0.2906548082828522,0.3176271915435791,0.17538410425186157,0.034890707582235336,0.03252024203538895,0.04787973314523697,0.054491087794303894,0.07414236664772034,12.325217440417342,21.341612915840606,24.857504417037177,26.744995913571135,23.521997559673,30.428265035188012,38.301157492125725,0.020287298387096774,0.30870598554611206,1468.3034767392921,1907.9519163218458,2911.0383064516127,1,1,Rekaman baru 71.wav
-321.7633056640625,114.93759155273438,-9.712043762207031,5.555233478546143,1.6254699230194092,3.5205936431884766,-29.860517501831055,-16.45895767211914,22.64229965209961,-19.708599090576172,-15.728013038635254,-4.512354850769043,-29.08399772644043,0.06460200250148773,0.014800037257373333,0.01580796204507351,0.025905076414346695,0.018538715317845345,0.02836560271680355,0.1024625152349472,0.4409818649291992,0.632942259311676,0.2473895102739334,0.06944195181131363,0.06331741064786911,14.773832427054623,16.931552898718696,24.912007970516317,23.90058867468063,21.765382394137962,29.015240779570927,36.672514570595474,0.014583333333333334,0.23596860468387604,1132.362656904905,1530.4007574950458,1920.982142857143,1,1,Rekaman baru 72.wav
-327.9913024902344,107.30850219726562,-5.757842063903809,10.167877197265625,-3.267141342163086,4.844287395477295,-16.84625244140625,-18.427019119262695,11.407001495361328,-22.185043334960938,-10.990769386291504,2.6725234985351562,-32.41604995727539,0.023280883207917213,0.02423829771578312,0.013682440854609013,0.013859572820365429,0.017942214384675026,0.025088122114539146,0.04275314509868622,0.14482511579990387,0.5820254683494568,0.5826330184936523,0.1769169121980667,0.04448390752077103,13.26502928250882,16.758611825964923,24.714652688975004,23.803311047998662,21.0536475398556,27.875509634726036,36.02727131715635,0.014281106651376147,0.25527164340019226,1053.1261903383631,1532.293554928953,1602.135894495413,1,1,Rekaman baru 73.wav
-307.9815673828125,102.53533935546875,-19.650293350219727,15.805106163024902,-18.807527542114258,-7.605884075164795,-18.38028335571289,-5.301867485046387,9.346384048461914,-23.49188804626465,-9.441190719604492,3.837022542953491,-24.76004409790039,0.6828467845916748,0.4250575304031372,0.11664550006389618,0.048756059259176254,0.08465227484703064,0.04465563967823982,0.03004789724946022,0.07510393857955933,0.07756087929010391,0.054845284670591354,0.10814566910266876,0.3178558647632599,14.57689106236931,20.525790014579297,24.110449374734145,24.564480092382258,23.147725882232013,30.59652460285347,38.7283452317016,0.022391183035714284,0.19197583198547363,1514.1493097547186,2035.7937253283417,2838.8073979591836,1,1,Rekaman baru 74.wav
-293.886962890625,102.31104278564453,-4.45957612991333,16.229900360107422,-23.999530792236328,0.4757159352302551,-24.521812438964844,-6.804847240447998,20.32728385925293,-27.989110946655273,-22.396953582763672,-1.128541111946106,-19.738632202148438,0.7016231417655945,0.3687055706977844,0.060212790966033936,0.03782759606838226,0.08310597389936447,0.04127286374568939,0.025802021846175194,0.04787848889827728,0.06804882735013962,0.07363291829824448,0.0905776247382164,0.2516152262687683,13.8908286580055,20.042321097861986,24.68093969793676,25.8659385862625,25.193943281347256,33.4667634321285,40.97495338615647,0.023600260416666668,0.22459110617637634,1502.3284860078663,2065.7873799538593,2783.7271341463415,1,1,Rekaman baru 75.wav
-356.7032470703125,120.44084930419922,13.29455852508545,7.295380592346191,0.5385945439338684,10.114964485168457,-8.870383262634277,-3.6200144290924072,16.607276916503906,-11.028709411621094,-9.941635131835938,-2.772541046142578,-19.36292266845703,0.21059948205947876,0.31809812784194946,0.21171130239963531,0.11887453496456146,0.06806899607181549,0.05857304856181145,0.07723625749349594,0.27560216188430786,0.5819517970085144,0.26451677083969116,0.13027553260326385,0.16240651905536652,19.850806323359404,16.02461414323264,20.6763391628481,18.12918868951712,17.428779311716458,21.300961447542537,28.8522381874076,0.012244115901898734,0.18628588318824768,784.8717503122161,1118.5317479327632,1032.7333860759493,1,1,Rekaman baru 76.wav
-342.3417053222656,146.94876098632812,20.97683334350586,14.043062210083008,7.759558200836182,15.952005386352539,-8.908222198486328,-2.7386972904205322,15.936565399169922,-16.925521850585938,-2.5579779148101807,-3.2370431423187256,-23.952428817749023,0.2232547253370285,0.13726967573165894,0.09898447245359421,0.08278901129961014,0.18967686593532562,0.44463634490966797,0.45212268829345703,0.16624078154563904,0.15604537725448608,0.30037808418273926,0.5549406409263611,0.4694547653198242,19.65664479713243,12.871109122698767,17.858736059234282,16.951418529267347,15.940840402081532,19.346886768041035,28.27617062638568,0.0124012936827957,0.22262798249721527,720.5092524611695,1136.7584725900313,1050.1512096774193,1,1,Rekaman baru 77.wav
-353.6739196777344,108.609130859375,9.352347373962402,0.48155641555786133,-4.786986827850342,-0.011052741669118404,-12.192740440368652,-4.358982563018799,9.816573143005371,-18.09493064880371,-16.012447357177734,-6.197671890258789,-22.392793655395508,0.031094755977392197,0.0174043420702219,0.02425837516784668,0.06075334548950195,0.10888568311929703,0.14507648348808289,0.09221486747264862,0.2411898523569107,0.5411271452903748,0.24456022679805756,0.0988360270857811,0.05860624462366104,14.801138630789703,18.51145163843762,23.44424829469481,20.643888688091895,18.409212545668986,24.113718248000787,31.66414127820525,0.013022511275773196,0.18746419250965118,792.1326433040321,1100.8395904408717,992.1069587628866,1,1,Rekaman baru 78.wav
-343.8040771484375,105.67433166503906,4.006403923034668,0.6402510404586792,-2.081822395324707,-1.2103554010391235,-8.820788383483887,-0.5945569276809692,6.768882751464844,-17.76384162902832,-16.457244873046875,-11.755260467529297,-18.642959594726562,0.03930240496993065,0.03425711393356323,0.018498484045267105,0.011959081515669823,0.018592702224850655,0.02230105735361576,0.022732967510819435,0.05678626894950867,0.24616435170173645,0.7068288326263428,0.4559890627861023,0.10176274180412292,13.717847494613666,17.674277679411617,26.15058385261881,22.93323907270399,20.180025833737936,22.626757633007276,32.61315138451576,0.015867122933884297,0.2014566957950592,904.6931093655107,1241.2565997333054,1301.0717975206612,1,1,Rekaman baru 79.wav
-347.33270263671875,106.90067291259766,19.93694496154785,18.93383026123047,-18.726581573486328,-21.543169021606445,-14.588518142700195,-9.424967765808105,2.7883894443511963,-19.80964469909668,-17.797771453857422,-11.249833106994629,-24.141395568847656,0.23663055896759033,0.050811246037483215,0.04034772515296936,0.04075774922966957,0.036266252398490906,0.03883533179759979,0.051490891724824905,0.052989691495895386,0.1042197197675705,0.21719218790531158,0.4482327997684479,0.6687528491020203,13.438773065908022,18.3629820701367,25.088416074443483,26.747413773821975,21.54552827529722,27.969887956916786,35.28062241178653,0.017068614130434784,0.21987709403038025,924.3147539228844,1484.046655517109,1283.9673913043478,1,1,Rekaman baru 8.wav
-321.1295471191406,114.62133026123047,-7.58141565322876,6.751140594482422,-20.700124740600586,-14.27195930480957,-14.926494598388672,-7.135847091674805,9.157516479492188,-26.853601455688477,-15.161345481872559,-2.178873300552368,-18.000591278076172,0.7916383743286133,0.357796311378479,0.05316593870520592,0.020436489954590797,0.03009594790637493,0.02918488159775734,0.025733616203069687,0.04995445907115936,0.03559155762195587,0.04089677706360817,0.07369207590818405,0.2756998538970947,15.157804434132776,21.50767075580855,28.230970461935055,25.52842560710529,24.40131920374076,25.941613567340365,38.7076495870077,0.01857836174242424,0.21263830363750458,1107.7961416808316,1635.6442614898792,1488.6363636363637,1,1,Rekaman baru 80.wav
-314.4384460449219,115.08611297607422,-14.76377010345459,20.655048370361328,-25.3194522857666,-10.328389167785645,-14.651440620422363,-10.20077133178711,12.995169639587402,-28.459989547729492,-16.087663650512695,1.0584172010421753,-16.83832359313965,0.5143498182296753,0.6669630408287048,0.18647877871990204,0.035903505980968475,0.018732314929366112,0.014888158068060875,0.014164041727781296,0.07025565207004547,0.1266912817955017,0.08125092834234238,0.1094949021935463,0.15587656199932098,13.458989056943008,20.31822453206336,25.078199348090674,25.00453376062859,25.327978603273497,28.591535864650325,39.3181511850052,0.0224574246852518,0.2121518850326538,1272.4971259003696,1844.5056362549776,2226.2252697841727,1,1,Rekaman baru 81.wav
-297.8817138671875,101.75042724609375,-34.81730270385742,19.90166664123535,-14.109782218933105,-7.6293745040893555,-24.76058578491211,-10.172121047973633,8.690675735473633,-25.529125213623047,-10.884732246398926,4.837651252746582,-23.74882698059082,0.2301303595304489,0.6630975604057312,0.5023158192634583,0.12557683885097504,0.022791268303990364,0.01522482093423605,0.02551068738102913,0.03917047753930092,0.10027685761451721,0.18090534210205078,0.11353813111782074,0.11823014169931412,12.799029261598728,20.69645421331202,24.57850797860591,27.221054987520333,28.781559246254368,32.872758276532544,40.089447924281245,0.03411437599522293,0.20456671714782715,1775.5353146935809,2063.343801115569,3611.166401273885,1,1,Rekaman baru 82.wav
-334.60821533203125,98.27156829833984,-23.731849670410156,23.341033935546875,-16.07857894897461,4.249247074127197,-11.58796501159668,-6.5373640060424805,10.477232933044434,-22.344440460205078,-10.869478225708008,-2.810504198074341,-16.671430587768555,0.29666122794151306,0.4688993990421295,0.41785910725593567,0.19123445451259613,0.11786520481109619,0.12666724622249603,0.12989337742328644,0.10443755239248276,0.1830369234085083,0.28318968415260315,0.22300954163074493,0.24077564477920532,13.990973021113348,16.720280446268895,19.89037265429101,21.773749504836225,21.96744401283846,24.859975969080466,36.42283347551773,0.032010107925257734,0.16283009946346283,1660.5487150133067,2009.0139262830942,3959.729381443299,1,1,Rekaman baru 83.wav
-338.4347839355469,88.561279296875,-28.780065536499023,27.28866195678711,-18.31277847290039,-0.5361509323120117,-16.76803207397461,-5.139276504516602,8.230742454528809,-25.477420806884766,-7.277146816253662,-1.9147380590438843,-13.104896545410156,0.13969185948371887,0.14771895110607147,0.41249552369117737,0.585517168045044,0.1485443413257599,0.03498821705579758,0.04425922408699989,0.05450291931629181,0.04576960951089859,0.11888944357633591,0.1962873637676239,0.13834770023822784,11.13544110077121,17.354337362188378,19.391676726107107,21.498490953827748,21.916713356073085,25.223345909059766,34.44917925566634,0.03546804405120482,0.16381193697452545,1724.1023483925414,1771.6619065646707,3761.2951807228915,1,1,Rekaman baru 84.wav
-286.6117248535156,93.12303161621094,-44.861202239990234,30.503997802734375,-28.934059143066406,-0.5783334374427795,-21.803009033203125,-10.003262519836426,12.649105072021484,-32.12333679199219,-9.484834671020508,0.000672374211717397,-17.355792999267578,0.09456805884838104,0.25891658663749695,0.7157076001167297,0.4091643989086151,0.06492134928703308,0.025999953970313072,0.054212555289268494,0.04327423498034477,0.046750009059906006,0.12716402113437653,0.09111180156469345,0.09144384413957596,12.991963172727278,20.299136836526426,24.481712335567206,24.518084085157767,26.66337811130965,30.880693698719483,41.48172705922459,0.04571389025590551,0.18803830444812775,2185.546129194812,2255.916578583067,5356.299212598426,1,1,Rekaman baru 85.wav
-303.8238830566406,89.3006591796875,-38.04295349121094,-8.244956016540527,-12.156134605407715,-6.929487705230713,-34.245304107666016,-0.4618321657180786,14.803688049316406,-12.152740478515625,-7.862758636474609,8.479448318481445,-1.7921828031539917,0.0787162110209465,0.06847240030765533,0.0694475844502449,0.061399489641189575,0.13688702881336212,0.3593536913394928,0.5023513436317444,0.1734563559293747,0.04122276231646538,0.03441254794597626,0.04958213493227959,0.0639280155301094,13.730277215741271,19.15079102003058,23.6568977060612,21.83023069768056,22.340321218055855,29.386332220451244,35.258341209200296,0.025438916552197804,0.2455291748046875,1472.246556964058,1457.8379450569626,2446.256868131868,1,1,Rekaman baru 86.wav
-388.7051696777344,80.32915496826172,9.122658729553223,10.033466339111328,-7.756024360656738,-12.175812721252441,-20.522869110107422,-5.23485803604126,10.993630409240723,-14.193341255187988,-9.959065437316895,-3.8140971660614014,-13.449856758117676,0.053705647587776184,0.025487840175628662,0.025081582367420197,0.01933135651051998,0.021173905581235886,0.04199236258864403,0.04423210769891739,0.053044214844703674,0.09922903776168823,0.2337414175271988,0.5514756441116333,0.31098952889442444,15.072783256784637,16.53569657780263,19.879575893115657,22.121353275054044,19.99459706989469,21.929330840340267,28.79144582375698,0.012330923507462687,0.14005498588085175,869.6634070792203,1144.243409037614,1156.1333955223881,1,1,Rekaman baru 87.wav
-341.0604248046875,99.88361358642578,6.628364562988281,13.440088272094727,-5.778778076171875,2.5792040824890137,-16.139354705810547,-5.5252838134765625,15.658001899719238,-25.47980308532715,-9.218565940856934,5.440859317779541,-18.62645149230957,0.15873529016971588,0.10916934162378311,0.08876933157444,0.11654502153396606,0.2359277456998825,0.4832116365432739,0.33031797409057617,0.09549232572317123,0.05535774677991867,0.07254142314195633,0.07306250184774399,0.09208525717258453,17.691166478446686,14.812373638911797,16.29819397823591,17.798184940000393,16.133308618146696,22.56325241800086,28.637657970228116,0.011519311179577465,0.21932783722877502,1001.0323275141418,1422.0106806889328,1475.9022887323943,1,1,Rekaman baru 88.wav
-333.1186828613281,109.41924285888672,-5.953913688659668,13.553374290466309,-12.637807846069336,-2.220735549926758,-24.271528244018555,-16.97027587890625,10.939217567443848,-22.864721298217773,-6.1219305992126465,3.3382561206817627,-15.738420486450195,0.06561941653490067,0.1269408017396927,0.19105444848537445,0.11194324493408203,0.08717779815196991,0.14348091185092926,0.3723599910736084,0.5670964121818542,0.2740064561367035,0.09079696238040924,0.08969853818416595,0.12100596725940704,18.51427748630776,17.19346700569749,18.39026263187954,19.366804964966914,18.044937025196138,23.101449650132448,31.433096738901508,0.016533573971518986,0.1831350326538086,1115.1783507708844,1499.8568677596645,1854.8259493670887,1,1,Rekaman baru 89.wav
-367.604248046875,110.223388671875,15.073988914489746,16.195659637451172,2.694847345352173,-10.518918991088867,-18.273710250854492,-3.311339855194092,11.135882377624512,-15.98068618774414,-11.008421897888184,1.017413854598999,-15.856947898864746,0.21030086278915405,0.11757231503725052,0.14535574615001678,0.24901342391967773,0.38790029287338257,0.48767006397247314,0.2801460921764374,0.12241126596927643,0.08054330945014954,0.08174680918455124,0.08835069090127945,0.16471190750598907,18.356875779404692,14.156040286223362,16.218256904212534,18.978484396616693,15.353430642330583,21.464117403835836,27.97341425262162,0.010507318037974684,0.16043132543563843,754.0373144176524,1104.5976926079236,1243.6708860759493,1,1,Rekaman baru 9.wav
-292.38031005859375,118.09738159179688,-2.975207805633545,25.63294219970703,-24.406604766845703,-21.929811477661133,-39.908538818359375,-23.07750701904297,25.569189071655273,-26.59516716003418,-18.640056610107422,9.261428833007812,-25.36621856689453,0.2010193020105362,0.060035161674022675,0.06584669649600983,0.2271406203508377,0.08571743220090866,0.013318322598934174,0.02449095994234085,0.24203237891197205,0.5652056336402893,0.2952677309513092,0.08703157305717468,0.13152135908603668,16.446002835673646,18.455599973869532,21.68547500573592,26.548046337970444,21.92515842480344,30.52098092325763,39.422123186852005,0.0165306156517094,0.25253161787986755,1257.9199487690155,1722.9999690488612,2094.3509615384614,1,1,Rekaman baru 90.wav
-324.3697509765625,78.99449157714844,-9.241890907287598,17.81005096435547,-26.968196868896484,-16.962106704711914,-30.238277435302734,-15.453201293945312,11.475666999816895,-23.437057495117188,-16.244665145874023,8.197392463684082,-0.6576756834983826,0.040606334805488586,0.030911942943930626,0.09160421788692474,0.5266558527946472,0.5914682745933533,0.12815597653388977,0.014979208819568157,0.00815892405807972,0.005503349471837282,0.006923530250787735,0.030168019235134125,0.04977908357977867,11.888841173932676,19.574256838228003,23.47367756342699,25.812681168099513,26.097756355612887,29.715971048370523,36.68381616855875,0.02043340773809524,0.26155051589012146,1410.0312539207343,1802.8670159702929,2465.848214285714,1,1,Rekaman baru 91.wav
-302.9662170410156,90.87085723876953,-13.98945140838623,15.001716613769531,-30.754629135131836,-27.370786666870117,-35.98219680786133,-15.982488632202148,19.873149871826172,-26.622270584106445,-21.874515533447266,6.772809982299805,-7.12893009185791,0.12368840724229813,0.1651858389377594,0.21616658568382263,0.24795550107955933,0.2938016355037689,0.2296326905488968,0.06472683697938919,0.04943426325917244,0.0666205957531929,0.07491501420736313,0.08675035834312439,0.09137016534805298,12.055899624656286,21.532649397403198,25.09614681968488,27.133020766616482,26.949707818782148,30.249761707946924,37.916057338702856,0.021197862861570247,0.3092482388019562,1361.472412910759,1741.159963455679,2375.129132231405,1,1,Rekaman baru 92.wav
-340.0748291015625,72.89786529541016,5.578071117401123,28.875568389892578,-34.81418991088867,-11.721110343933105,-34.50273513793945,-13.871129035949707,19.248140335083008,-22.34092903137207,-16.480255126953125,8.85128402709961,-2.819431781768799,0.05048064514994621,0.019310064613819122,0.018236350268125534,0.04998455196619034,0.3929522931575775,0.5962381958961487,0.15256968140602112,0.028063945472240448,0.01715189591050148,0.015461216680705547,0.01691592112183571,0.04066701978445053,12.389340702569442,19.46831579315095,21.589600215899484,25.273303811757128,26.9669529610878,29.756509462659743,33.17073401689615,0.01697240901898734,0.2663156986236572,1218.7450778015975,1782.3868786664982,2234.2761075949365,1,1,Rekaman baru 93.wav
-334.4375305175781,105.65979766845703,5.3525471687316895,28.821035385131836,-15.635971069335938,-23.753202438354492,-26.356937408447266,-16.275001525878906,6.707693099975586,-21.739931106567383,-20.539804458618164,0.35837873816490173,-6.051100730895996,0.6637143492698669,0.4279511868953705,0.09453725069761276,0.021884186193346977,0.015393747948110104,0.016275834292173386,0.03201201558113098,0.12450491636991501,0.09534858912229538,0.06093129888176918,0.10820568352937698,0.25091543793678284,15.874317494245563,19.606409580347105,22.70208734922428,24.891762443655168,24.638798395870626,30.028263293459467,35.428850184823624,0.017617822662601625,0.19388078153133392,1035.997173028187,1465.767766363691,1315.7393292682927,1,1,Rekaman baru 94.wav
-423.9876708984375,92.89205169677734,13.39013385772705,11.887866973876953,-4.917302131652832,-7.311103343963623,-9.67775821685791,-2.1278674602508545,2.9033937454223633,-16.138538360595703,-6.546758651733398,0.6973850727081299,-9.277717590332031,0.08534380048513412,0.10790466517210007,0.16206349432468414,0.2383309006690979,0.13942082226276398,0.055486466735601425,0.03654620796442032,0.048432350158691406,0.0881258100271225,0.25738051533699036,0.3966023325920105,0.19355051219463348,15.780055674859089,13.323227540258845,14.838010890246064,16.001319663892133,14.52287952856433,16.606155318372473,24.12527368570839,0.010966316598360656,0.08785372227430344,816.7949932749103,1020.6368942507074,1202.9969262295083,1,1,Rekaman baru 95.wav
-338.8050537109375,75.6933822631836,-3.3978734016418457,20.035293579101562,-22.049474716186523,-16.62116050720215,-20.648155212402344,-11.123656272888184,5.3594255447387695,-25.89674186706543,-16.46102523803711,1.7623366117477417,-9.250449180603027,0.11481080204248428,0.09937600046396255,0.19413438439369202,0.5367398262023926,0.4033227860927582,0.07803517580032349,0.017516830936074257,0.011246978305280209,0.010821809992194176,0.021697552874684334,0.05975310504436493,0.07500672340393066,12.720264415949226,20.13356950160264,20.704504169075765,21.808361909269774,22.076155138745918,24.666835807927274,34.73109683562846,0.019370549841772153,0.20051756501197815,1295.456860456643,1619.0971585907066,2552.9074367088606,1,1,Rekaman baru 96.wav
-333.5177001953125,84.02374267578125,-6.948988914489746,24.004255294799805,-30.150157928466797,-23.666202545166016,-26.46196174621582,-13.92288875579834,10.62058162689209,-28.446428298950195,-14.360093116760254,5.449639320373535,-13.019547462463379,0.05663776025176048,0.07553235441446304,0.32593706250190735,0.6463624238967896,0.2799866497516632,0.035602591931819916,0.010934542864561081,0.007885072380304337,0.007363200653344393,0.03296860307455063,0.08849851787090302,0.06233014166355133,11.17717316217847,20.888564374112615,22.271201202927617,25.034861608336033,24.636620941126782,27.67204442428838,35.84995609734897,0.019683509744623656,0.2354431301355362,1344.0222315647181,1769.220458770721,2580.6451612903224,1,1,Rekaman baru 97.wav
-346.0340881347656,101.56138610839844,11.449877738952637,9.470059394836426,-16.517513275146484,-11.007624626159668,-9.316262245178223,-10.682024002075195,-1.0041913986206055,-9.439364433288574,-12.023832321166992,-8.860777854919434,-10.180083274841309,0.0573151670396328,0.03160078451037407,0.01809568889439106,0.011228715069591999,0.01366795226931572,0.02967814728617668,0.03589174523949623,0.05776147544384003,0.17630058526992798,0.31521710753440857,0.4382513463497162,0.27491188049316406,13.054308213246225,15.344804052100663,18.374484454934823,18.510423158699936,17.66354829914803,16.638740382342355,29.1583125548964,0.012454610475352113,0.2209324836730957,779.9736464563774,1017.1086108701658,959.6170774647887,1,1,Rekaman baru 98.wav
-340.99517822265625,113.48538970947266,10.198107719421387,16.207666397094727,-13.891186714172363,-23.52765464782715,-17.29452896118164,-5.8575615882873535,2.7920985221862793,-18.327266693115234,-13.261204719543457,-7.959338188171387,-19.038833618164062,0.03162968158721924,0.017480365931987762,0.019357575103640556,0.020733259618282318,0.0182325579226017,0.022296762093901634,0.04749162495136261,0.24136695265769958,0.5918558835983276,0.3001904785633087,0.17948095500469208,0.09789571166038513,12.865783061596986,17.90709257216878,23.94394798530636,24.064972643266227,19.59697728626966,22.710433493974147,32.77338499018251,0.013862537202380952,0.24767842888832092,796.354985143736,1178.351482071532,1013.3928571428571,1,1,Rekaman baru 99.wav
-353.0505065917969,157.3358917236328,0.001589027582667768,8.410042762756348,10.328744888305664,-5.580986022949219,4.050541400909424,9.896824836730957,-9.99998664855957,-1.044945478439331,-6.90538215637207,-8.278854370117188,0.443978488445282,0.5554709434509277,0.5606703162193298,0.40713268518447876,0.27011993527412415,0.21201777458190918,0.2229776829481125,0.2667180001735687,0.3034789562225342,0.47826096415519714,0.49418702721595764,0.5716637969017029,0.563921332359314,20.024675073594665,13.109777107645773,15.804493192010113,17.131232966831643,15.939487429508068,16.17981059403383,19.59033528047623,0.026106550886824325,0.05819462984800339,1829.8172092340296,3060.515576112265,3182.112740181588,1,1,tutup2 (1).wav
-315.447998046875,135.5458526611328,-5.238129138946533,9.716358184814453,14.846379280090332,-0.8682665824890137,4.531540393829346,7.877623558044434,-10.184990882873535,-8.115470886230469,0.5557195544242859,-1.7853381633758545,1.2030789852142334,0.6035410761833191,0.557884156703949,0.5745997428894043,0.4609367847442627,0.4649732708930969,0.46412768959999084,0.5183982253074646,0.5002334713935852,0.4831370711326599,0.4961870014667511,0.5243454575538635,0.5789467096328735,19.248184510916843,11.364225347697234,13.74523518839914,14.919947467060009,15.653579274467166,17.77133590493539,19.525250530926332,0.03859641335227273,0.05896233767271042,2465.365750840619,3657.977409630594,4564.647549715909,1,1,tutup2 (10).wav
-288.9503479003906,160.10850524902344,-16.947784423828125,16.980743408203125,5.235605239868164,-16.63331413269043,-1.4790761470794678,4.980169773101807,-11.05002498626709,-4.434249401092529,-7.259896278381348,-10.241302490234375,1.444855809211731,0.34457215666770935,0.34636014699935913,0.49264970421791077,0.25588876008987427,0.13010631501674652,0.26645427942276,0.32602953910827637,0.25143519043922424,0.41384050250053406,0.4423268437385559,0.46301835775375366,0.43459177017211914,17.695241256244334,15.74247269590098,18.90289542694283,20.44831540329395,17.710792738187738,19.087212402661358,22.04205232173374,0.028569574956293708,0.13343575596809387,1724.7644661917066,2721.6052574204127,3083.614920236014,1,1,tutup2 (100).wav
-375.071044921875,114.0427474975586,0.15365493297576904,8.271100997924805,13.8281831741333,-0.07593407481908798,5.026963233947754,7.93185567855835,-3.3759026527404785,-3.3150362968444824,-2.9975016117095947,-5.6633148193359375,-1.5397274494171143,0.7162809371948242,0.5970445275306702,0.4851868450641632,0.4869787096977234,0.432522177696228,0.42232832312583923,0.46076035499572754,0.44400301575660706,0.4377807676792145,0.3895522654056549,0.5282372236251831,0.638896644115448,17.376495853999298,10.250008145119923,14.223655512679914,16.36872535928021,15.305849177015325,17.03185386341288,19.209396664637378,0.04747159716109155,0.043682072311639786,2644.6962849595125,3740.396192057159,5054.009579940581,1,1,tutup2 (11).wav
-337.7286376953125,132.5951385498047,-5.936918258666992,4.713717937469482,5.564661026000977,-3.873748540878296,9.2223539352417,8.571290016174316,-7.43107271194458,-2.8294591903686523,-2.3603553771972656,-4.873630046844482,1.6100586652755737,0.6916964054107666,0.5941625237464905,0.49963462352752686,0.5063463449478149,0.5038743019104004,0.5488737225532532,0.6232895255088806,0.5759658813476562,0.5301303863525391,0.5216855406761169,0.5555601119995117,0.5844092965126038,18.78284996778964,10.790396753710885,13.095553824110464,13.495631372139584,15.703168678896928,16.236047749948305,20.332966642464367,0.04759038880813953,0.04656260460615158,2552.367986415582,3646.1511654457304,4903.435853470203,1,1,tutup2 (12).wav
-307.7298278808594,151.96676635742188,-16.050127029418945,12.402941703796387,8.817286491394043,-2.046929121017456,2.2071783542633057,9.076889038085938,-8.115300178527832,-5.517273902893066,-2.600038528442383,-3.6284825801849365,0.7242036461830139,0.5848284363746643,0.4920060932636261,0.3974650204181671,0.41348639130592346,0.5045579075813293,0.5612314939498901,0.5720601081848145,0.4952237606048584,0.49669891595840454,0.47741803526878357,0.5328115820884705,0.5871106386184692,17.543947796895242,11.343456522087877,13.615707607030382,15.0333624191671,15.690346563175698,18.071576230318357,20.347734899272773,0.039093017578125,0.08047489821910858,2287.2042071575906,3387.8410402516465,4147.6409912109375,1,1,tutup2 (13).wav
-263.0094299316406,147.99656677246094,-18.961040496826172,16.736936569213867,10.901866912841797,3.6000967025756836,5.527111530303955,4.914214134216309,-7.371070384979248,-2.2210254669189453,-2.968045473098755,-5.301852226257324,2.377279043197632,0.6943594813346863,0.6380844116210938,0.5478216409683228,0.5420113801956177,0.48499733209609985,0.47892674803733826,0.4580707252025604,0.47847679257392883,0.5186814665794373,0.5514669418334961,0.6022539138793945,0.6624529361724854,19.484035071717237,10.321623211452078,12.790757811440846,13.940077211259588,14.600081428371235,16.258995732231355,20.335645733095298,0.046659694881889764,0.06861994415521622,2515.431579908284,3585.6036005651954,4739.847979207677,1,1,tutup2 (14).wav
-327.0813293457031,150.77960205078125,3.2915446758270264,25.9189395904541,14.604615211486816,-0.06360304355621338,0.8453582525253296,4.798325538635254,-6.986052989959717,-3.2713043689727783,-2.1203625202178955,-10.03662395477295,-0.7443709373474121,0.4780133068561554,0.5001274943351746,0.43790584802627563,0.3324418067932129,0.28385576605796814,0.3457149267196655,0.4328274726867676,0.4620916545391083,0.5254517197608948,0.5050594806671143,0.42485880851745605,0.423934668302536,24.34320457024849,12.678632117289018,16.022679147110576,17.857631649257403,16.332837668391104,18.207142319564163,21.346934735969505,0.02392849392361111,0.0722968727350235,1815.9914383200423,3159.906133266942,3436.34033203125,1,1,tutup2 (15).wav
-297.9364929199219,144.43519592285156,-22.33921241760254,21.939659118652344,4.882118225097656,-10.800416946411133,-0.03332464396953583,9.318410873413086,-10.534658432006836,-11.191417694091797,-7.224637985229492,-6.0774359703063965,1.7968274354934692,0.3674158751964569,0.26051390171051025,0.26792508363723755,0.345782071352005,0.45665520429611206,0.5355931520462036,0.42734500765800476,0.35401201248168945,0.34284937381744385,0.43371134996414185,0.4870733618736267,0.4967583417892456,17.464673851642154,12.62220722796102,16.082240204326524,16.777513642127253,15.87905212961208,19.321688691978746,22.72669242069816,0.04258375901442308,0.10295212268829346,2269.1808084057893,3118.8854523551295,4356.539682241587,1,1,tutup2 (16).wav
-271.957763671875,150.53370666503906,-10.22736930847168,15.902210235595703,12.754680633544922,-2.294644594192505,-2.300002098083496,4.426914215087891,-3.1622140407562256,-4.807124137878418,-1.9155727624893188,-11.13458251953125,-4.889365196228027,0.3250848352909088,0.3035707175731659,0.366960346698761,0.24110232293605804,0.18145771324634552,0.24046556651592255,0.28912726044654846,0.35037070512771606,0.4813920259475708,0.6159846186637878,0.5759862065315247,0.471764475107193,19.26329178105355,15.306033001629169,17.014907507939423,16.286578752314774,15.533429087751541,17.949838613356242,21.810917510808906,0.03202039930555556,0.10833285003900528,2185.6577811978636,3368.042605099353,4126.559244791667,1,1,tutup2 (17).wav
-293.74237060546875,147.52378845214844,-4.0744099617004395,23.06804656982422,18.54410171508789,-1.3967550992965698,5.077230930328369,6.196093559265137,-8.228921890258789,-7.798526763916016,-7.822232723236084,-11.5758056640625,-1.6950987577438354,0.3602381646633148,0.456593781709671,0.49194735288619995,0.5032624006271362,0.4145042896270752,0.3223351538181305,0.27938488125801086,0.33192023634910583,0.5231328010559082,0.5255478024482727,0.30107420682907104,0.24762625992298126,21.360117345784275,12.622406665563055,17.182578736214854,14.069180098993643,14.324586711068353,16.621740827448274,19.951844377257547,0.026396484375,0.09184595197439194,2142.8102747413623,3365.97742180209,4058.36279296875,1,1,tutup2 (18).wav
-294.0986328125,149.70875549316406,-7.977723121643066,13.739709854125977,1.337836503982544,-11.80371379852295,-6.139126777648926,17.365278244018555,-5.192682266235352,-11.709736824035645,-0.5148819088935852,-11.61679458618164,-3.4487524032592773,0.3444582521915436,0.6310654878616333,0.5781667828559875,0.3487730622291565,0.2585830092430115,0.2699010670185089,0.29052481055259705,0.33598726987838745,0.487700879573822,0.4340493083000183,0.36455291509628296,0.3046785593032837,18.463597319943165,13.327845437456482,17.925709056231387,19.343606975541665,17.58239465642001,20.2269473945354,23.145382893882207,0.030985514322916668,0.13140758872032166,1837.8793116187398,2829.981528080678,3186.016845703125,1,1,tutup2 (19).wav
-284.14990234375,159.84288024902344,-18.155445098876953,16.039766311645508,8.48291301727295,-20.377933502197266,-5.7631025314331055,8.606067657470703,-9.52686595916748,-5.748653888702393,-8.029220581054688,-13.602972984313965,0.18074931204319,0.48671531677246094,0.2808764576911926,0.2987934947013855,0.2690780460834503,0.20998471975326538,0.12815168499946594,0.18566635251045227,0.35212695598602295,0.4585660696029663,0.4488820433616638,0.3871266543865204,0.434040904045105,18.771123288653033,16.320922875430654,18.571417408940512,20.25574288818256,17.730358830567727,20.55215020296163,20.87725671952033,0.030632605919471152,0.1539844423532486,1674.206607754256,2576.042870342743,2951.3946533203125,1,1,tutup2 (2).wav
-300.9226379394531,157.10643005371094,-1.401027798652649,25.993478775024414,3.683692216873169,-15.918792724609375,-7.837501049041748,15.362019538879395,-4.185718059539795,-12.227170944213867,0.27282050251960754,-14.87015438079834,-4.977148056030273,0.5237975716590881,0.4269777238368988,0.44087299704551697,0.2615181803703308,0.1840595155954361,0.19612739980220795,0.22874285280704498,0.27962514758110046,0.3390934467315674,0.36925163865089417,0.3459479510784149,0.4355798065662384,17.202389693230547,15.239926344125209,18.723880376950362,20.798945944067995,17.42278126608948,20.491775083042704,23.816447058560495,0.030601813779239765,0.14253388345241547,1729.3997102948763,2687.1621816325355,2877.0122327302633,1,1,tutup2 (20).wav
-329.8997802734375,151.31854248046875,-5.461649417877197,24.897626876831055,10.927265167236328,-12.26104736328125,-2.4850757122039795,12.035903930664062,-7.0166707038879395,-9.224868774414062,-3.6259868144989014,-15.604156494140625,-3.513918876647949,0.45550039410591125,0.6381876468658447,0.41752326488494873,0.261434942483902,0.22341448068618774,0.24354955554008484,0.24893614649772644,0.29253238439559937,0.37106484174728394,0.39418596029281616,0.470821738243103,0.42901086807250977,18.230365097770417,13.631129299781621,18.400773033870433,18.72996397496685,15.449695518675547,18.81483621136779,21.92884741762994,0.033772786458333336,0.10468660295009613,1932.795924194138,2888.758743146822,3381.1614990234375,1,1,tutup2 (21).wav
-325.9913024902344,147.67344665527344,2.48408842086792,23.6438045501709,10.118863105773926,-8.870672225952148,-4.583390235900879,10.358187675476074,-6.924112796783447,-11.2207612991333,-4.116395950317383,-16.788280487060547,-6.9818196296691895,0.38283252716064453,0.4082046151161194,0.5021114945411682,0.3373771607875824,0.17199991643428802,0.1354265809059143,0.15306663513183594,0.2054721713066101,0.332105815410614,0.4114445447921753,0.5285792350769043,0.4931923747062683,18.275422754762296,13.13377545758808,17.906768844288493,17.543351354946495,14.95816095410576,18.120397342854464,22.067579461209824,0.025950464709051723,0.10008521378040314,1964.243137531178,3051.5625910440594,3583.7932718211205,1,1,tutup2 (22).wav
-329.45526123046875,111.05132293701172,9.807219505310059,14.391653060913086,11.87018871307373,-4.4579548835754395,0.3597455322742462,8.034379005432129,-2.3743999004364014,-3.951932191848755,-1.8773630857467651,-7.560669898986816,-4.534392833709717,0.5025706887245178,0.45140668749809265,0.4068780243396759,0.357796311378479,0.29976049065589905,0.2968181371688843,0.34112465381622314,0.43619292974472046,0.5340712070465088,0.5039895176887512,0.5349146127700806,0.5289833545684814,19.201238170327375,12.504116982883088,15.220861852160015,17.12691004877859,14.594933104568442,16.284854002913814,20.445945692228086,0.03432523287259615,0.06469375640153885,2354.2043084147454,3416.816734194419,4633.572622445913,1,1,tutup2 (23).wav
-248.04307556152344,154.92526245117188,-12.159775733947754,16.995141983032227,1.7318174839019775,-4.019618034362793,5.930908679962158,4.758762359619141,-6.220898151397705,-5.91588830947876,-6.380740642547607,-6.1295037269592285,0.033423662185668945,0.527307391166687,0.4446689784526825,0.4015742838382721,0.39578282833099365,0.3743865489959717,0.252338171005249,0.25056856870651245,0.3698878586292267,0.5207480788230896,0.5321019291877747,0.5289439558982849,0.5543356537818909,20.149226441432866,13.164912651339534,14.887922821414925,16.352512592368935,14.644211252095467,16.16214504804735,19.243089433606347,0.03517433449074074,0.09450212866067886,2282.5233308328793,3577.2308225740962,4348.111979166667,1,1,tutup2 (24).wav
-323.6791687011719,131.8707275390625,-3.4705426692962646,12.116519927978516,10.297797203063965,-3.589426279067993,2.581000328063965,6.168479919433594,-8.320159912109375,-11.057409286499023,-2.438316583633423,-5.000144958496094,0.1455659419298172,0.4447457194328308,0.3327561616897583,0.3046077489852905,0.22432787716388702,0.17516456544399261,0.17193706333637238,0.2673256993293762,0.3849341571331024,0.41926562786102295,0.47869873046875,0.5888691544532776,0.5674459934234619,17.73204029666345,14.4909346415525,15.057542891540013,15.803433187095775,15.874885423898315,16.633407971836395,20.27378954071663,0.03281980140186916,0.06725768744945526,2346.8679806573136,3519.522800130894,4466.831556658878,1,1,tutup2 (25).wav
-295.3780517578125,120.98347473144531,-6.571201801300049,23.635910034179688,15.661478996276855,-7.5712361335754395,0.5446018576622009,8.723522186279297,-3.8890345096588135,-9.155645370483398,-7.509640216827393,-7.816786289215088,-3.305828094482422,0.4792700707912445,0.378760427236557,0.2757922410964966,0.30585330724716187,0.332903653383255,0.32301321625709534,0.3143163323402405,0.34811484813690186,0.4707695245742798,0.5553598999977112,0.5208618640899658,0.5577112436294556,18.07311310637231,13.791887940908822,16.707650223807217,16.454997774883267,16.52008543438348,19.742042331051092,22.77158715230103,0.04048870278776978,0.11219421774148941,2096.375500079026,2846.469916755617,4208.8891777203235,1,1,tutup2 (26).wav
-289.30743408203125,129.86061096191406,-16.303373336791992,25.327096939086914,16.031015396118164,-6.0082221031188965,10.391036987304688,10.969034194946289,-9.825079917907715,-6.161696434020996,0.45465287566185,-6.291635513305664,-4.302816390991211,0.3341945707798004,0.35469934344291687,0.47528231143951416,0.5188773274421692,0.48234066367149353,0.4067153036594391,0.3799126446247101,0.44901958107948303,0.5495893955230713,0.529521644115448,0.5239141583442688,0.4037439823150635,18.372467328885577,13.147879100918308,14.673253904997454,13.812793250496446,14.715438428043162,17.441835079554654,22.909347043477926,0.03687042885638298,0.1002022847533226,2222.3342477413494,2851.8399010165817,4516.703893783245,1,1,tutup2 (27).wav
-299.36566162109375,139.16905212402344,-4.795443058013916,25.78034782409668,10.484100341796875,-3.076845407485962,-1.0395475625991821,15.352017402648926,-2.2279276847839355,-16.770320892333984,-6.897069931030273,-8.78035831451416,-6.049047470092773,0.31027352809906006,0.33755552768707275,0.44520384073257446,0.6509853601455688,0.5332459211349487,0.35237470269203186,0.24366873502731323,0.2617620825767517,0.34804826974868774,0.3185860812664032,0.3091030418872833,0.2975538372993469,20.81211897445274,14.03591199982666,19.067101360569307,18.78605310153379,17.3546416189187,20.522977352018273,23.222890741172158,0.02786328125,0.13378256559371948,1883.6425770122542,3016.9245530030053,3617.750390625,1,1,tutup2 (28).wav
-317.5792236328125,144.03201293945312,11.699381828308105,24.026268005371094,18.842227935791016,4.619765758514404,9.042989730834961,9.361247062683105,-4.593345642089844,-6.553194522857666,-6.546414375305176,-10.015559196472168,-5.562334060668945,0.347971111536026,0.33348172903060913,0.36714720726013184,0.39331725239753723,0.34548765420913696,0.24004988372325897,0.22259677946567535,0.307952344417572,0.4483565092086792,0.5480300784111023,0.5596115589141846,0.53135085105896,22.79104578793814,14.304243666530075,16.671317289166236,14.686813002683083,14.190977649340525,16.751423056905164,20.124701940921852,0.01692311356707317,0.07373639196157455,1870.3322633998587,3391.3573118652607,3643.137862042683,1,1,tutup2 (29).wav
-292.71331787109375,149.79486083984375,-10.91294002532959,14.01073932647705,23.026020050048828,-5.607813358306885,-1.6754945516586304,7.899885177612305,-9.697172164916992,-8.3959379196167,-6.644880294799805,-9.483469009399414,-5.28765344619751,0.43765270709991455,0.6913321614265442,0.6605449318885803,0.455608069896698,0.25955110788345337,0.18764512240886688,0.19670763611793518,0.2552032768726349,0.3552325367927551,0.43486034870147705,0.4544142484664917,0.40718236565589905,19.474862734007704,12.427571834995828,15.532787649324122,15.630133805351198,16.372204225862365,19.569772757248007,20.22156939860062,0.033810915646853144,0.08864149451255798,1958.6525746994298,2996.0237371985945,3485.8190149694055,1,1,tutup2 (3).wav
-250.43460083007812,151.638916015625,-11.410856246948242,29.460573196411133,7.278653621673584,0.14360521733760834,-5.601713180541992,21.702661514282227,-10.51714038848877,-11.573261260986328,-6.471833229064941,-9.6837158203125,0.603622317314148,0.1629410982131958,0.20488731563091278,0.2668038606643677,0.34446239471435547,0.5119436383247375,0.37793266773223877,0.3257122039794922,0.3519825041294098,0.4689652621746063,0.397872656583786,0.3110309839248657,0.23410116136074066,24.38565001686253,15.341679944905163,18.726575188632875,19.073458983503944,18.30895036142019,21.496854314508635,22.64236581312072,0.02734375,0.15715737640857697,2021.384630095611,3247.4096206629624,3915.5338541666665,1,1,tutup2 (30).wav
-271.98638916015625,148.1583251953125,-12.687103271484375,31.438983917236328,6.524436950683594,1.4441235065460205,7.951070785522461,6.509103298187256,-5.737534046173096,-3.6583492755889893,-3.227454423904419,-1.1483120918273926,-1.2785733938217163,0.17348501086235046,0.13117827475070953,0.14036615192890167,0.16047069430351257,0.22208647429943085,0.33012935519218445,0.5195521712303162,0.7708517909049988,0.8811260461807251,0.6019453406333923,0.36765676736831665,0.23186060786247253,20.586741993161354,12.917463583242512,14.899071493576399,16.48732606118865,16.280596052222236,17.095063905978453,21.981689553876773,0.026695443802521007,0.08413328975439072,2213.658758458664,3454.6367577671836,4480.715762867647,1,1,tutup2 (31).wav
-330.34521484375,134.6151580810547,8.654694557189941,12.484346389770508,15.74901008605957,3.6419191360473633,-0.8431774377822876,8.48322582244873,-6.100371837615967,-13.490188598632812,-6.045144557952881,-7.543910026550293,-3.9498097896575928,0.489423006772995,0.4074023962020874,0.3619915843009949,0.4006737768650055,0.33139345049858093,0.30049845576286316,0.3283870816230774,0.4343649744987488,0.5559881925582886,0.5003872513771057,0.4779388904571533,0.5290145874023438,19.01114177781709,11.923560899294534,16.38983152332919,14.957741892646448,14.239635148064327,17.502053998633553,20.172245805791803,0.029986669146825396,0.07713231444358826,2256.585428191951,3624.4726998092488,4309.8876953125,1,1,tutup2 (32).wav
-334.3594055175781,130.60919189453125,10.807738304138184,9.652705192565918,16.950551986694336,5.704434394836426,-0.04873628169298172,8.954951286315918,-3.2571074962615967,-10.783309936523438,-3.245269298553467,-2.727994680404663,-2.950239658355713,0.43816208839416504,0.5570784211158752,0.49204254150390625,0.39986881613731384,0.3848722577095032,0.4146530330181122,0.5129783153533936,0.5617203116416931,0.574968159198761,0.5091805458068848,0.4682135283946991,0.3962324857711792,21.73453416975184,12.692316064696213,15.069629477143556,15.482476090783743,16.753376121834165,18.756538931905425,20.32302847587145,0.02713779250592417,0.059856634587049484,1905.8901782752378,3209.620972710132,3515.627082716232,1,1,tutup2 (33).wav
-332.4248352050781,143.04629516601562,4.300541877746582,10.800329208374023,8.996685981750488,-2.30735445022583,4.42212438583374,2.9494292736053467,-10.44616413116455,-7.5061750411987305,-2.7876291275024414,-4.377894401550293,-4.981011867523193,0.3517051637172699,0.22570057213306427,0.21985411643981934,0.2408267706632614,0.316299170255661,0.31783586740493774,0.5175905823707581,0.6029829978942871,0.5455554723739624,0.6065921187400818,0.7512773871421814,0.563242495059967,20.577148291649905,10.846658495455289,16.056336089522823,15.683878116195686,16.081516818800196,16.58687743105753,20.621155773260114,0.029597355769230768,0.06435099989175797,2101.1488110047035,3392.9367072477603,3890.733582823427,1,1,tutup2 (34).wav
-307.5437316894531,155.3170166015625,0.08005095273256302,-5.958465576171875,19.232702255249023,0.9506576657295227,-4.416796684265137,5.26355504989624,-2.351266860961914,-12.615560531616211,-7.631529808044434,-2.646350622177124,-4.026078701019287,0.4719061255455017,0.5215151309967041,0.5067136883735657,0.570784866809845,0.5156973004341125,0.42210647463798523,0.3393557071685791,0.3239425718784332,0.4372376799583435,0.41697993874549866,0.4309941530227661,0.43587058782577515,21.218340185966515,11.343134474662788,15.474043717278105,17.300690983958372,15.787051092276876,20.27252708368873,19.091935858394066,0.03104933647260274,0.07552763819694519,1622.138399707551,2574.854760145303,2754.7751230736303,1,1,tutup2 (35).wav
-288.08563232421875,150.9342803955078,3.21293306350708,8.003867149353027,17.104097366333008,3.6386423110961914,-0.22479863464832306,8.917072296142578,-8.801532745361328,-14.639375686645508,-8.40453815460205,-8.568225860595703,-1.1448519229888916,0.4325541853904724,0.432308554649353,0.45205458998680115,0.33135807514190674,0.25319331884384155,0.2301889955997467,0.2977721691131592,0.46425288915634155,0.5840612649917603,0.516681969165802,0.4329839050769806,0.418127179145813,19.990327346427637,12.67851965280535,17.40689528948304,16.229208955947144,15.17852187951571,17.837555492184947,19.797850101689555,0.02571217606707317,0.08811122924089432,1874.2609603506155,3168.55016423943,3274.6224752286585,1,1,tutup2 (36).wav
-305.64208984375,151.81219482421875,-4.01716423034668,11.841286659240723,13.109489440917969,-3.6579761505126953,-0.4094272553920746,11.755550384521484,-7.910943508148193,-13.49792194366455,-5.162267208099365,-3.0156891345977783,-0.012477847747504711,0.48882341384887695,0.47615569829940796,0.4520072042942047,0.3082341253757477,0.26103806495666504,0.2778189480304718,0.36530572175979614,0.4164752662181854,0.5250297784805298,0.5748777985572815,0.504591703414917,0.4952298104763031,20.646078243213985,12.853948665465195,14.351897238620326,16.23567051766288,16.227572702697046,19.176294723351987,20.341724920415736,0.029177365603146852,0.06967704743146896,2058.0938832143383,3225.293928460545,3781.260585118007,1,1,tutup2 (37).wav
-291.422607421875,155.83580017089844,-7.682039260864258,0.4184715151786804,1.4584815502166748,-11.416772842407227,5.082152843475342,14.183154106140137,-10.254877090454102,-9.410807609558105,-0.5598281621932983,-5.901766777038574,-1.300667405128479,0.35134777426719666,0.40904226899147034,0.34410524368286133,0.3771900236606598,0.3394809067249298,0.26515549421310425,0.35908573865890503,0.3719106912612915,0.43665263056755066,0.4314117729663849,0.3591964542865753,0.28357523679733276,20.71672220579629,12.411952587166956,16.75145403365985,18.906218533336737,19.749859399844258,20.923639149476426,20.520639467609275,0.04009650735294118,0.08685985207557678,1899.2779192245848,2828.7553524575787,3395.1889935661766,1,1,tutup2 (38).wav
-302.9910888671875,163.8115234375,-6.711942672729492,19.784757614135742,8.998627662658691,0.12673352658748627,3.190727949142456,11.431092262268066,-8.128331184387207,-13.496349334716797,-5.928217887878418,-6.709122180938721,1.8372116088867188,0.38790473341941833,0.40725553035736084,0.3065509796142578,0.340840220451355,0.39460575580596924,0.33217644691467285,0.31623998284339905,0.38671571016311646,0.565675675868988,0.5331525206565857,0.5335319638252258,0.43948981165885925,21.464963393454557,12.204004720693032,15.656287742584905,17.015701871659815,16.52726110062673,18.782710818663368,19.93148428857555,0.025370137674825176,0.07267645746469498,1816.0847551259255,3076.9912212308545,3247.598544034091,1,1,tutup2 (39).wav
-304.8029479980469,151.54876708984375,-3.5676255226135254,9.361676216125488,15.494305610656738,-7.819275379180908,1.1846003532409668,7.627112865447998,-11.876696586608887,-9.498814582824707,-7.195268630981445,-8.684038162231445,-1.732269048690796,0.23465237021446228,0.2395666390657425,0.26936012506484985,0.3433287739753723,0.28747960925102234,0.2834028899669647,0.3122389614582062,0.40198034048080444,0.49829596281051636,0.6481059789657593,0.5492987036705017,0.3903062045574188,20.29447700472087,13.330331894821866,15.105164211703398,17.461004526934637,16.32792779854011,19.145571550751125,19.817017727476944,0.02861538893884892,0.09713983535766602,1803.8920214903383,2914.8492450600224,3108.8368367805756,1,1,tutup2 (4).wav
-326.86260986328125,169.0315399169922,-19.093313217163086,7.981931686401367,19.5759220123291,-4.869086265563965,1.440293550491333,11.344576835632324,-5.31171989440918,-13.267196655273438,-6.930349349975586,-3.1088008880615234,-0.8666926026344299,0.34730786085128784,0.4027423560619354,0.4984358549118042,0.5126807689666748,0.5322597026824951,0.5441141128540039,0.4810417890548706,0.44937705993652344,0.436813622713089,0.40401366353034973,0.301776260137558,0.29763564467430115,23.108417993801325,11.704581330707057,14.73189566385039,15.95632892987801,15.70559235453833,20.48657891585782,19.492869784577156,0.02796585648148148,0.06488990038633347,1801.6664800211645,2836.0171196683386,3232.0540364583335,1,1,tutup2 (40).wav
-305.2447204589844,162.21832275390625,-28.665842056274414,12.396049499511719,22.589672088623047,-8.490323066711426,1.699954628944397,7.446212291717529,-2.342607021331787,-9.520674705505371,-4.456238269805908,-2.513725757598877,-3.991177558898926,0.3557596504688263,0.41145265102386475,0.5520396828651428,0.44455859065055847,0.32508301734924316,0.29614248871803284,0.36052918434143066,0.3933877944946289,0.4847944974899292,0.46935462951660156,0.40680980682373047,0.3924160301685333,22.27973995986983,14.429037847205942,16.01864333172357,16.91165516411919,16.08989347520666,20.910804740863178,20.89315461868541,0.032503141389860137,0.10507001727819443,1833.0786633933599,2721.2325034907017,3338.24881173514,1,1,tutup2 (41).wav
-265.3087158203125,161.2760009765625,-3.8312973976135254,8.447957992553711,16.728534698486328,-0.7129536867141724,-5.373940944671631,6.800042152404785,-8.469459533691406,-13.225544929504395,-0.39486244320869446,-3.9172050952911377,-3.2853760719299316,0.6887010335922241,0.6483491659164429,0.4318270683288574,0.2488221824169159,0.21826672554016113,0.23651157319545746,0.24149374663829803,0.27521416544914246,0.3735969066619873,0.43660983443260193,0.5498460531234741,0.5886778831481934,21.68711854548486,11.668281292635712,15.0030359846115,17.074194084159146,17.533963430523183,19.605957285856096,19.705356298568454,0.033172123015873016,0.09806155413389206,1856.6879313520824,3048.5645686908533,3146.923828125,1,1,tutup2 (42).wav
-270.2089538574219,165.8948974609375,-5.881423473358154,7.90188455581665,6.193842887878418,-2.9084954261779785,-3.56337571144104,8.231868743896484,-10.12956714630127,-12.91209888458252,-4.669728755950928,-3.9346139430999756,-2.6217195987701416,0.44699203968048096,0.607343852519989,0.4934157431125641,0.4273497760295868,0.39153894782066345,0.28850463032722473,0.17284201085567474,0.24240346252918243,0.28882813453674316,0.2844387888908386,0.2607726752758026,0.2976429760456085,21.48894711151526,13.789330113040307,18.448435379929666,18.082586868238653,17.45111832061859,19.536487563611544,21.118440275308973,0.032722783282520325,0.12813012301921844,1819.586137268482,2897.394585787781,3057.0145769817073,1,1,tutup2 (43).wav
-270.8475036621094,162.71157836914062,-4.8892645835876465,18.7080020904541,-0.04767325520515442,11.361842155456543,0.7825388312339783,9.557250022888184,-10.033700942993164,-13.208253860473633,-6.9543304443359375,-7.669846057891846,0.2496192455291748,0.377651184797287,0.29691705107688904,0.3425760865211487,0.4685540795326233,0.3670458197593689,0.3379220962524414,0.3976583182811737,0.330827534198761,0.3035122752189636,0.34572362899780273,0.4638601243495941,0.4258418381214142,21.167685213862352,12.486232489496887,18.270449294306037,18.66931023937924,19.00067205693871,17.99857796543853,21.636573600122905,0.026274913877952756,0.13590200245380402,1796.094252616624,3073.4807384239234,2812.541523129921,1,1,tutup2 (44).wav
-265.60333251953125,176.03489685058594,1.6811026334762573,15.548296928405762,25.100812911987305,7.761648654937744,5.9364094734191895,6.700470447540283,-3.840939521789551,-10.890167236328125,-4.658966541290283,-4.4422502517700195,-3.907193660736084,0.5239020586013794,0.7110055685043335,0.7226989269256592,0.7328044176101685,0.5211122035980225,0.34911876916885376,0.291401207447052,0.29536524415016174,0.3254060447216034,0.33910316228866577,0.3265454173088074,0.3587050139904022,23.72177055100238,11.246872443210284,17.48395610427769,15.224878479804731,16.135224155456516,18.654475314514052,18.942625607689003,0.019169921875,0.12058734893798828,1436.1590774804554,2775.4149911057907,2320.8486328125,1,1,tutup2 (45).wav
-300.6196594238281,181.83938598632812,-14.614867210388184,5.457865238189697,25.770751953125,-0.779550313949585,-3.171180486679077,4.479941368103027,-4.392049789428711,-16.152116775512695,-9.16710376739502,-5.721699237823486,-6.255675315856934,0.3448287844657898,0.419437974691391,0.5046163201332092,0.5605418682098389,0.4918155074119568,0.3293107748031616,0.293824702501297,0.392956405878067,0.4605763852596283,0.44696006178855896,0.3970783054828644,0.39147430658340454,23.483363291415092,11.64072512549611,16.70474533552216,16.071803506375176,16.56998405583485,21.499259860532124,19.525507007957504,0.02670045882936508,0.10337264835834503,1509.37155695636,2518.973729770954,2618.84765625,1,1,tutup2 (46).wav
-285.03582763671875,177.74049377441406,10.192837715148926,-2.0402305126190186,20.6083927154541,13.016457557678223,2.1299121379852295,-0.16824398934841156,-4.7107014656066895,-12.469120025634766,-8.938089370727539,-3.8126912117004395,-5.015636444091797,0.5873929262161255,0.5607140064239502,0.5358197093009949,0.5500984191894531,0.469049870967865,0.33734557032585144,0.34515729546546936,0.4741535186767578,0.5882830023765564,0.5164144039154053,0.47848448157310486,0.5131086111068726,23.17512016644925,10.846084140014009,15.817767233525629,15.7619459384696,16.182049684219564,18.003738694977038,18.08089838342239,0.020023669226694914,0.08622318506240845,1438.570378146478,2772.49855580206,2228.504038665254,1,1,tutup2 (47).wav
-288.28387451171875,186.55203247070312,23.4174861907959,-4.003126621246338,12.576107025146484,12.395977020263672,2.765528917312622,-3.6239428520202637,-4.104971885681152,-10.837177276611328,-10.169175148010254,-3.8459534645080566,-4.777441024780273,0.5264054536819458,0.4327578544616699,0.4416378140449524,0.4463270306587219,0.3922387659549713,0.3643787205219269,0.4330647587776184,0.576708972454071,0.7402971982955933,0.6255676746368408,0.48531031608581543,0.4681724011898041,23.31587116309972,11.251568889265231,15.02705836680436,14.732396705063294,16.34741416956145,16.8960036559816,18.216582775774896,0.018600824311023622,0.09381954371929169,1206.5643288422743,2493.2179064262486,1712.1439776082677,1,1,tutup2 (48).wav
-314.7934875488281,171.53533935546875,25.17207908630371,-7.698536396026611,9.360430717468262,12.865789413452148,0.9006664752960205,-5.151340961456299,-3.6022915840148926,-6.579353332519531,-5.649829387664795,-3.233858108520508,-4.066843509674072,0.41044652462005615,0.41355690360069275,0.3974587917327881,0.32637736201286316,0.27979204058647156,0.28345516324043274,0.3467146158218384,0.472957044839859,0.6271535158157349,0.6507906317710876,0.5756054520606995,0.46211376786231995,21.240924534212102,12.839881369674002,13.667104245110306,15.235985155547857,17.376154416984956,16.705822229026342,17.523704112559905,0.019242894931102362,0.07719430327415466,1383.9332599051272,2845.89975326861,1873.8973302165355,1,1,tutup2 (49).wav
-314.3014831542969,134.59104919433594,1.2347254753112793,6.437328815460205,5.270173072814941,-8.45975399017334,0.20638544857501984,6.247776985168457,-8.41051959991455,-7.659631729125977,-6.632017135620117,-8.21705436706543,-1.4360167980194092,0.6504427790641785,0.6022253632545471,0.4289894700050354,0.35537031292915344,0.34040316939353943,0.27482882142066956,0.3058987259864807,0.27424946427345276,0.3882363736629486,0.4687831699848175,0.5356739163398743,0.5964068174362183,16.280348372704925,13.760538357281803,15.735675229887338,16.541753830816045,15.787910433335613,17.12656623543827,19.97019945015912,0.03323388287401575,0.11191119998693466,1946.695638260638,2988.752675607748,3556.030465674213,1,1,tutup2 (5).wav
-261.9931335449219,192.0211639404297,8.675024032592773,-8.252490997314453,20.009777069091797,16.302730560302734,-1.2155144214630127,-4.253641128540039,-2.743614912033081,-7.463586330413818,-7.2549333572387695,-5.032291412353516,-3.6908302307128906,0.415336549282074,0.4915957450866699,0.6422773599624634,0.6764373183250427,0.5041579604148865,0.3845565617084503,0.2574969530105591,0.2535654604434967,0.3888263702392578,0.42475467920303345,0.44760727882385254,0.452168732881546,25.480661840444633,11.582098824741472,15.1771545120442,16.481903117217957,18.131004705323228,18.88952300809646,17.833297637632995,0.02382039680755396,0.11263417452573776,1362.4388314239259,2655.2808046400087,1966.1828349820144,1,1,tutup2 (50).wav
-288.9851379394531,188.2032012939453,-11.423457145690918,7.669138431549072,19.74740219116211,1.3336620330810547,-1.1471954584121704,1.5733805894851685,-5.1545586585998535,-13.373902320861816,-9.502385139465332,-3.6060962677001953,-2.337599277496338,0.1313992738723755,0.12561632692813873,0.19900497794151306,0.3824407756328583,0.3186933696269989,0.2902427613735199,0.375320166349411,0.4978584051132202,0.6381368041038513,0.484446257352829,0.2211499661207199,0.1353088766336441,21.08026416936356,14.167231726695904,17.031830078869103,17.736355123649265,17.565509238004402,20.6327115788098,18.811989433059157,0.020230300134892087,0.1470399796962738,1395.1376975563119,2544.460217406542,2147.1237072841727,1,1,tutup2 (51).wav
-268.87774658203125,188.84127807617188,-13.848226547241211,11.157687187194824,20.215496063232422,-3.3323843479156494,-8.86617374420166,5.3894524574279785,1.700499415397644,-7.147206783294678,-0.917639434337616,1.1951022148132324,-1.618854284286499,0.2512070834636688,0.27051815390586853,0.48120972514152527,0.4166000187397003,0.32822149991989136,0.28991442918777466,0.39740052819252014,0.5136197805404663,0.45705413818359375,0.47279033064842224,0.49658769369125366,0.3592345118522644,21.51405668256142,13.452291246574369,15.214313394347245,18.79029608899721,15.61359713282927,21.60157944400446,17.841802940844254,0.025136586782094593,0.12177258729934692,1541.6235075638892,2682.50501418077,2602.7531804265204,1,1,tutup2 (52).wav
-285.329345703125,169.42417907714844,-1.2073798179626465,5.759439945220947,27.94232749938965,2.0554544925689697,-3.870915651321411,5.527283668518066,-2.9715757369995117,-12.47420883178711,-6.29433536529541,-3.715718984603882,-6.4399213790893555,0.4256609082221985,0.4622781276702881,0.3830775022506714,0.30321601033210754,0.238198384642601,0.26342055201530457,0.4436572194099426,0.5999698042869568,0.696125328540802,0.4637121856212616,0.3143479526042938,0.3704533874988556,23.097874450555597,12.364338864262894,15.537497914870556,15.134680096248093,14.234719212242533,19.933856603796812,18.286701265167363,0.024331146816037735,0.08382565528154373,1609.5023910880682,2898.242470680117,2742.300818101415,1,1,tutup2 (53).wav
-316.5562744140625,136.15562438964844,3.7598342895507812,5.931320667266846,10.064664840698242,-2.177614212036133,0.06707306206226349,5.6828718185424805,-5.946458339691162,-12.393106460571289,-12.133857727050781,-7.872318744659424,-2.4415132999420166,0.4649260342121124,0.5675413608551025,0.4028065800666809,0.31575021147727966,0.2935466468334198,0.26705703139305115,0.2687220871448517,0.3834711015224457,0.4920940399169922,0.37055113911628723,0.31834375858306885,0.3255087733268738,21.26313553168523,14.143489506046034,18.621456629586838,19.23681464368282,17.944503916761438,20.970994167946,19.108285004000336,0.0231103515625,0.15260398387908936,1537.727615817483,2680.526136999495,2384.048583984375,1,1,tutup2 (54).wav
-288.9834289550781,171.5601043701172,-14.827866554260254,10.41380786895752,17.756202697753906,2.2072103023529053,-0.726913571357727,8.881582260131836,-2.336862564086914,-10.470436096191406,-7.232658863067627,-4.359813690185547,-3.208136796951294,0.3264428973197937,0.34114497900009155,0.39567115902900696,0.4336848855018616,0.4932754933834076,0.36239883303642273,0.3080189526081085,0.2468569129705429,0.27850276231765747,0.3583597242832184,0.3632003366947174,0.3750767409801483,22.02879433419463,13.775537736178643,16.34629952943363,17.522392235636826,16.698017061814916,20.73281868343363,20.578477182716355,0.023135397931654676,0.13023726642131805,1545.3719380239068,2652.5859373882654,2639.289076551259,1,1,tutup2 (55).wav
-254.5247039794922,155.87286376953125,-20.638742446899414,14.882872581481934,22.674177169799805,8.110977172851562,1.1565475463867188,5.84349250793457,-1.307920217514038,-10.331719398498535,-3.3512048721313477,-0.6737335920333862,-3.6757771968841553,0.4466271996498108,0.6084781289100647,0.8302882313728333,0.8181477785110474,0.614216148853302,0.47656211256980896,0.320099413394928,0.1747106909751892,0.14093799889087677,0.17201603949069977,0.27310508489608765,0.3943685293197632,23.439760858077875,12.486606245896485,13.500194086144411,13.213487621171852,14.024046005260935,18.677557284502353,19.553837360389373,0.02617277922453704,0.0968465730547905,2114.2039202570677,3298.5306607254074,3688.1591796875,1,1,tutup2 (56).wav
-288.0380859375,151.6647491455078,-8.913765907287598,-1.3254703283309937,13.81135082244873,-4.719112873077393,-6.029223442077637,0.5827426314353943,-5.942016124725342,-14.735692977905273,-9.621003150939941,-2.8460888862609863,-1.9574790000915527,0.5348645448684692,0.6648597717285156,0.5378366112709045,0.4578937888145447,0.3916027545928955,0.2562602162361145,0.21533462405204773,0.2916354537010193,0.31690987944602966,0.31005921959877014,0.3628299832344055,0.411049485206604,19.31517823861611,12.754571540872387,15.220176332910402,15.451353967966414,15.027229811856712,18.958870617398258,19.89492033870771,0.03506405703671329,0.09957043081521988,1994.4526299742274,3036.100011690713,3308.8853529283215,1,1,tutup2 (57).wav
-250.72547912597656,173.94662475585938,-17.515783309936523,11.7880277633667,19.961353302001953,6.875319004058838,-4.78378963470459,8.247114181518555,-6.173658847808838,-12.662386894226074,-1.9097281694412231,-0.09205853939056396,-3.1891427040100098,0.3882884681224823,0.32292330265045166,0.38623133301734924,0.3358690142631531,0.29173871874809265,0.3436712622642517,0.413657009601593,0.4701750576496124,0.5290449261665344,0.5493015646934509,0.5583151578903198,0.45314279198646545,19.784675857558913,12.213980021471196,14.060309869497486,15.020369391015146,15.72042549784174,20.448238311468447,19.494612418172576,0.029112119932432432,0.10602934658527374,1808.9413941978758,2947.782798488481,3158.833601668074,1,1,tutup2 (58).wav
-253.19476318359375,174.45657348632812,-8.46861743927002,6.509977340698242,12.272440910339355,8.698944091796875,2.031217336654663,12.415794372558594,-3.624838352203369,-11.982247352600098,-2.5116631984710693,-0.28528451919555664,-3.405181407928467,0.3591357171535492,0.2757558226585388,0.36944207549095154,0.3299773931503296,0.28933942317962646,0.28741466999053955,0.22940830886363983,0.2520490884780884,0.3945067524909973,0.5808967351913452,0.7615015506744385,0.5421722531318665,20.474753876747783,12.662343273962431,13.270192969977375,15.232263115299899,15.496475768929788,18.855569135096587,19.310885316281325,0.02363568474264706,0.08414328843355179,1792.3693984528084,3131.5001086529605,3053.1548713235293,1,1,tutup2 (59).wav
-278.2054748535156,119.26782989501953,-2.2896289825439453,13.769372940063477,-8.150679588317871,-5.219812870025635,4.648877143859863,7.931119441986084,-3.894516944885254,-13.21631908416748,-14.488017082214355,-3.9090263843536377,-8.057194709777832,0.4867340922355652,0.4512942135334015,0.27427732944488525,0.2403814196586609,0.24498093128204346,0.2627739906311035,0.2586798369884491,0.3628375232219696,0.43049588799476624,0.4903434216976166,0.44081366062164307,0.3812790811061859,18.82193789588384,10.434432983285024,19.64213885460854,21.499740272440686,21.08705454636702,19.945020230822518,23.00880759402708,0.037100758272058824,0.17216621339321136,2034.9078072510258,2973.845849196516,3692.9443359375,1,1,tutup2 (6).wav
-258.6767272949219,174.5830841064453,-13.941967010498047,0.18959547579288483,23.52458953857422,1.382161259651184,-6.881295680999756,3.2715322971343994,-7.950418949127197,-17.413715362548828,-7.318568229675293,-1.5055345296859741,-5.685206890106201,0.4252036213874817,0.3790385127067566,0.35479646921157837,0.3114772439002991,0.23161040246486664,0.16903549432754517,0.25459468364715576,0.33421584963798523,0.5090348124504089,0.7577452659606934,0.6377720236778259,0.5082430243492126,21.632750556855836,13.631389255659808,15.068404661597185,15.588721634946031,16.514077005076704,20.896767622476563,19.089161113578864,0.027658770161290324,0.09182841330766678,1694.7896252139046,2797.6656295792122,2916.707094254032,1,1,tutup2 (60).wav
-302.2787780761719,137.73867797851562,1.0549607276916504,15.609384536743164,20.402528762817383,1.2414475679397583,7.356091499328613,15.66366195678711,-2.9623003005981445,-12.988706588745117,-2.6008529663085938,2.4362423419952393,0.2677503228187561,0.515580415725708,0.4280201196670532,0.42273446917533875,0.42659640312194824,0.415495902299881,0.46421489119529724,0.4562472999095917,0.4773668944835663,0.559960126876831,0.6523096561431885,0.6601445078849792,0.6189565062522888,23.119568634845386,11.32253323958261,14.730249893671873,17.16807240837893,16.498332891899548,19.33810808983798,20.75603782370314,0.030632560483870967,0.09766171872615814,1608.4477316792834,2507.5365822389617,3151.905241935484,1,1,tutup2 (61).wav
-313.57061767578125,142.84384155273438,-7.0040435791015625,13.954768180847168,25.301013946533203,-4.677218914031982,-0.8808131217956543,8.038413047790527,-7.233926773071289,-12.449772834777832,-1.8841286897659302,0.7842487096786499,-1.0920758247375488,0.5243890881538391,0.554034948348999,0.5693519115447998,0.38491666316986084,0.32453060150146484,0.3665647804737091,0.3454829156398773,0.3371039032936096,0.4246876835823059,0.505151093006134,0.5436700582504272,0.48171722888946533,21.93774108389459,10.997514524425448,14.62580620874969,16.185687515133452,15.750377531088073,19.976957246317916,20.843873157243497,0.035069861778846155,0.0692010149359703,1861.8799664062608,2703.2304962249573,3524.654071514423,1,1,tutup2 (62).wav
-285.0251159667969,151.89089965820312,-12.370847702026367,14.62490177154541,26.59312629699707,-8.880834579467773,-7.2340803146362305,7.053915023803711,-10.375944137573242,-16.00830841064453,-0.09932559728622437,0.7632324695587158,-3.6096463203430176,0.5581883788108826,0.5664438605308533,0.4693092107772827,0.24413305521011353,0.16146449744701385,0.21337170898914337,0.29735666513442993,0.31928277015686035,0.4159773886203766,0.5239921808242798,0.523488461971283,0.5210932493209839,22.674351786268485,13.30012045286958,14.42829111247661,16.318404520855676,15.1375746078241,21.275663012248128,21.33886080887616,0.03173828125,0.07448112219572067,1737.3298987447215,2520.4162833153146,3420.4379377693967,1,1,tutup2 (63).wav
-174.4925537109375,182.72450256347656,-28.03045654296875,25.819225311279297,18.312633514404297,-0.518437922000885,-1.913432240486145,8.564560890197754,-13.048081398010254,-12.469057083129883,-0.20437011122703552,-3.1868135929107666,-4.088675022125244,0.4856516420841217,0.5128964781761169,0.6161376237869263,0.6249312162399292,0.391323059797287,0.28386369347572327,0.2527678906917572,0.34717753529548645,0.36871883273124695,0.4191160202026367,0.4217010736465454,0.4174613356590271,24.90723584504435,10.712203488796149,14.428646944631382,16.816556054033434,16.70473655781607,21.654387448972063,19.999065514105705,0.0328125,0.16400092840194702,1746.4423575735464,2692.9192311073793,3348.4130859375,1,1,tutup2 (64).wav
-248.88064575195312,170.75340270996094,-3.5403895378112793,27.823230743408203,7.887173175811768,6.4075026512146,-0.5006519556045532,9.67633056640625,-11.754399299621582,-5.661076068878174,-9.49005126953125,-9.990423202514648,0.47640764713287354,0.5356345176696777,0.47460633516311646,0.44882839918136597,0.3761846721172333,0.35687488317489624,0.3653791546821594,0.34958416223526,0.3937431573867798,0.4087722599506378,0.45007961988449097,0.4633612632751465,0.5149351954460144,25.560873944577974,11.779006775166339,16.63794881715689,16.372440903842204,15.33456071193157,17.309443679025645,21.673575516402778,0.02098846435546875,0.1347333788871765,1553.4783712970866,2821.3443178019998,2646.7334747314453,1,1,tutup2 (65).wav
-263.2608642578125,174.07833862304688,-25.758453369140625,22.80022621154785,27.19671058654785,-8.73551082611084,2.4721028804779053,9.377803802490234,-9.68565559387207,-10.46780014038086,0.10389012843370438,-6.035922050476074,-5.02728271484375,0.5074763894081116,0.4583646357059479,0.48144200444221497,0.431723415851593,0.3515373468399048,0.30411526560783386,0.32924962043762207,0.4178328514099121,0.5219519138336182,0.5470689535140991,0.6111639142036438,0.5679470300674438,24.154282370733306,12.862614304282523,14.283911425936337,15.980497425693843,16.719250132147238,20.786255757758966,20.596025012492884,0.032169950181159424,0.0891798660159111,1704.7179488321285,2485.7878314872673,3285.998004415761,1,1,tutup2 (66).wav
-222.06309509277344,155.86683654785156,-12.443631172180176,23.428672790527344,3.6817426681518555,3.8756256103515625,-0.7407634258270264,10.82652759552002,-9.440988540649414,-7.643932819366455,-5.591646671295166,-6.8839240074157715,-0.20684589445590973,0.5384091734886169,0.5514073371887207,0.6709110140800476,0.6032926440238953,0.3846406936645508,0.3116503059864044,0.3132520020008087,0.3272648751735687,0.33596962690353394,0.3994557857513428,0.4501277506351471,0.478233277797699,23.84790695758624,10.784433395141535,14.472461010224608,15.868902542585674,15.121332124617842,17.348638762338364,21.094178362805344,0.03631545205152672,0.10281265527009964,2178.3923063380475,3323.325839113663,3998.6007573950383,1,1,tutup2 (67).wav
-229.23190307617188,170.56472778320312,-10.384178161621094,15.70832633972168,0.8660416603088379,-2.0443003177642822,-0.46495649218559265,3.417581796646118,-12.173293113708496,-9.512089729309082,-4.067755699157715,-7.559079647064209,-3.5931637287139893,0.5669955015182495,0.5717578530311584,0.6352030038833618,0.5496478080749512,0.3919264078140259,0.3238000273704529,0.302680104970932,0.3240307569503784,0.35231801867485046,0.40510931611061096,0.4428926408290863,0.49891600012779236,24.504319677438062,9.866519897803187,14.791187766811467,16.649577425454947,17.05122018120613,18.28308530270735,20.270195503261576,0.03158548575680272,0.10950794070959091,1858.885166940202,3054.6200673995013,3302.34375,1,1,tutup2 (68).wav
-215.3378448486328,162.40733337402344,-15.800021171569824,27.368871688842773,-4.08322286605835,4.839959621429443,-0.39594292640686035,7.519856929779053,-12.452359199523926,-9.01126766204834,-10.178261756896973,-4.5075507164001465,-2.2703652381896973,0.3621768653392792,0.3780539929866791,0.5176259279251099,0.7755863070487976,0.5237334966659546,0.28443095088005066,0.24728059768676758,0.3529181480407715,0.39219942688941956,0.35511741042137146,0.3653641939163208,0.36607784032821655,24.756584872854305,11.85164715880809,16.80174680581208,17.324576597900368,18.15414590790662,19.524411673496346,22.82089694850164,0.02913842611754967,0.14455264806747437,1965.8057659143985,3116.459347208166,3848.596595612583,1,1,tutup2 (69).wav
-311.3018493652344,155.73997497558594,-4.493805885314941,8.968579292297363,1.4424067735671997,-3.6799678802490234,9.664651870727539,6.043257236480713,-9.030625343322754,-9.936391830444336,-9.081286430358887,-1.2464840412139893,1.5549321174621582,0.2355877012014389,0.2684864103794098,0.3199158310890198,0.33099767565727234,0.44139933586120605,0.5160672068595886,0.54804927110672,0.5090067386627197,0.39100682735443115,0.35753872990608215,0.25184014439582825,0.2619268298149109,21.507604154276414,11.882376220483156,17.602553834770262,18.668381383997996,18.464237141325892,16.1462781674761,21.764688516474624,0.030864155375874124,0.09133318811655045,1717.2950477346808,2787.930247765975,2899.9050753933566,1,1,tutup2 (7).wav
-192.3702392578125,180.0515594482422,-9.290310859680176,19.487451553344727,4.427724361419678,4.806966781616211,-1.652363896369934,8.337371826171875,-12.309493064880371,-8.24585247039795,-7.576259613037109,-4.525227069854736,0.18988598883152008,0.4147043526172638,0.42575743794441223,0.4521176218986511,0.348025918006897,0.32935667037963867,0.4518340229988098,0.5514234304428101,0.5518394112586975,0.4712007939815521,0.38778072595596313,0.32319551706314087,0.33238595724105835,26.320077394832786,10.08598341087935,16.392883960225397,16.869605997213323,16.170705916830073,17.44767750035188,20.540687766781666,0.025769355969551284,0.1554008424282074,1631.0660696290456,2805.8956236461427,2758.734600360577,1,1,tutup2 (70).wav
-223.11521911621094,169.2265625,3.0353446006774902,18.939115524291992,6.047664165496826,7.386505126953125,-2.7144346237182617,6.051236152648926,-7.734451770782471,-8.686306953430176,-8.95261287689209,-11.204326629638672,-3.9493510723114014,0.5200802683830261,0.4846971929073334,0.5065308213233948,0.46359652280807495,0.35228872299194336,0.35732734203338623,0.2299821972846985,0.16060641407966614,0.2915472090244293,0.4879697859287262,0.5808848738670349,0.5474683046340942,26.090360383105832,10.91653379730467,16.950237402076315,17.05163670158,16.47380528757623,16.86004979659806,19.764223736527924,0.023215553977272728,0.13314278423786163,1724.267319623226,3159.656765655431,2814.6757539335663,1,1,tutup2 (71).wav
-174.15867614746094,169.3588409423828,2.9246935844421387,17.981670379638672,-2.915327310562134,1.6681568622589111,-5.48863410949707,9.239913940429688,-12.236458778381348,-7.722944259643555,-8.930032730102539,-9.92032241821289,-0.35061782598495483,0.6980753540992737,0.46915167570114136,0.2690989375114441,0.216277077794075,0.22737012803554535,0.2240152806043625,0.26314058899879456,0.2753923833370209,0.23196296393871307,0.25395578145980835,0.31910640001296997,0.42203691601753235,24.62668075800683,13.131652348671668,18.247407012550447,16.977310403559446,16.008346322745933,18.711261204373407,19.79621653913939,0.025873569842896176,0.24610675871372223,1710.28240054687,3089.7893891342296,2602.2228803790986,1,1,tutup2 (72).wav
-288.0398254394531,157.0610809326172,-11.238729476928711,19.45236587524414,18.001876831054688,-4.810335636138916,3.7133405208587646,2.2482447624206543,-7.248275279998779,-5.503228187561035,-1.9580185413360596,-5.0138044357299805,-3.293376922607422,0.5524628758430481,0.5569780468940735,0.5319172143936157,0.537428081035614,0.5955147743225098,0.6304908394813538,0.49463680386543274,0.3972437381744385,0.35835573077201843,0.3563259243965149,0.37758731842041016,0.4351872205734253,22.69773686110189,9.432416026825999,13.038890001876702,13.653956091123934,14.68037757166148,17.693805184475004,19.86045545142766,0.03620869404560811,0.057200103998184204,2110.8772674772613,3223.7925981571534,4016.3788666596283,1,1,tutup2 (73).wav
-256.4100646972656,148.9920196533203,-5.794130802154541,16.67684555053711,5.912896156311035,-4.1771674156188965,-3.8214328289031982,10.812795639038086,-11.190839767456055,-3.6113882064819336,-8.751184463500977,-11.55715274810791,0.9379278421401978,0.7586682438850403,0.5211360454559326,0.3105192482471466,0.2461538463830948,0.2687966823577881,0.29420557618141174,0.2477709949016571,0.2297562211751938,0.2738008201122284,0.324486643075943,0.43356749415397644,0.49659332633018494,20.30140315590202,13.863404501595204,18.127756249203532,18.33119723291122,16.22927810062903,18.54287560229714,20.990369310168294,0.033933738425925924,0.18710599839687347,2175.2344660666913,3385.4790391691167,3785.537109375,1,1,tutup2 (74).wav
-224.922607421875,137.5157470703125,-10.539983749389648,23.65418243408203,4.052586078643799,10.867919921875,0.07000140100717545,2.168170928955078,-10.991974830627441,-5.3659515380859375,-6.737150192260742,-4.192309856414795,-1.599387764930725,0.6705469489097595,0.6352838277816772,0.43542611598968506,0.3331363797187805,0.2991756200790405,0.300974577665329,0.31568458676338196,0.3297402858734131,0.3250318765640259,0.3699130713939667,0.44585463404655457,0.6182560920715332,19.09006811336321,11.447886662529072,14.964952067613012,14.419771959960302,14.631510647051869,16.120895061006575,21.35348233179771,0.04923259678171642,0.09157387167215347,2807.8724055098196,3922.2029807204503,5589.794557486008,1,1,tutup2 (75).wav
-264.0451354980469,154.11280822753906,-2.2428712844848633,20.5015811920166,12.408727645874023,6.764833450317383,-1.6993486881256104,8.90540599822998,-7.307543754577637,-5.48441219329834,-5.097748279571533,-2.8200528621673584,-2.492276430130005,0.5417801141738892,0.5167556405067444,0.5253638029098511,0.4407956004142761,0.45173731446266174,0.4233863651752472,0.37129926681518555,0.35288795828819275,0.399013876914978,0.43351510167121887,0.49506932497024536,0.5568297505378723,21.564980076665623,11.611408090430379,14.820968891070134,15.004431663045207,14.866486856329791,17.29125957797784,18.38610574206698,0.031412760416666664,0.0860285609960556,2280.476472838788,3708.9962917797893,4349.0234375,1,1,tutup2 (76).wav
-230.23001098632812,149.53692626953125,-17.053449630737305,38.6980094909668,18.079328536987305,2.797917604446411,14.057767868041992,5.974874496459961,-2.46675705909729,-3.367751359939575,-5.353458404541016,-4.908287048339844,-2.591886043548584,0.45999494194984436,0.4034954607486725,0.3569847047328949,0.36523643136024475,0.3844060003757477,0.47732627391815186,0.49317413568496704,0.5032418370246887,0.5262385606765747,0.6214169263839722,0.5501341223716736,0.512157678604126,23.605595011687885,12.702446448864247,14.322942850263763,13.943507226767169,13.826583615907989,15.82114991516009,19.720721114831402,0.02820660316780822,0.1150175929069519,2177.536337009265,3450.697363334927,4357.081415881849,1,1,tutup2 (77).wav
-263.5909118652344,141.26141357421875,-19.472551345825195,14.593925476074219,4.272058010101318,2.5641064643859863,-6.634927272796631,3.164750576019287,-9.705172538757324,-12.643630981445312,-1.9382416009902954,-9.388379096984863,-3.615292549133301,0.3663799464702606,0.4816482663154602,0.4259185194969177,0.25293436646461487,0.20584538578987122,0.2415114790201187,0.4436328113079071,0.4799208343029022,0.24692226946353912,0.18929991126060486,0.27289626002311707,0.31179288029670715,20.30974581630886,11.55316409944577,17.7953963205871,17.68573083735375,17.318868487328505,18.64193484073482,22.85888171915403,0.04418368602362205,0.10025530308485031,2370.266023592911,3259.691514130501,4357.676011934055,1,1,tutup2 (78).wav
-207.46795654296875,154.22882080078125,-9.629058837890625,19.508127212524414,3.42891788482666,8.505115509033203,-4.871518135070801,7.346827983856201,-8.21748161315918,-8.158309936523438,-5.579346179962158,-5.951858043670654,-6.721334934234619,0.5886255502700806,0.5613890886306763,0.3893463611602783,0.3248099684715271,0.34312841296195984,0.3070240318775177,0.3624778091907501,0.3333008885383606,0.32434049248695374,0.34701842069625854,0.4227382242679596,0.4847981035709381,20.679282079038444,11.02966728947655,15.516937848625911,16.39247348365174,16.33863720350388,18.163581148784953,20.177527377476697,0.036670539952531646,0.12685512006282806,2333.988882886633,3541.7701982980375,4510.115765921677,1,1,tutup2 (79).wav
-312.4353332519531,150.10763549804688,-0.5304641723632812,8.656353950500488,10.426016807556152,-6.363293647766113,-0.5756286382675171,11.540164947509766,-2.1315243244171143,-11.80517864227295,-4.470864772796631,-4.053994178771973,-9.356539726257324,0.2009762078523636,0.3062673509120941,0.37013328075408936,0.2662779688835144,0.2462213784456253,0.20103546977043152,0.2725035548210144,0.31519800424575806,0.3630116283893585,0.4886373281478882,0.39177751541137695,0.2045922875404358,21.504102003870543,10.09519590330337,16.510459399748136,21.470730456365892,17.068202078097634,20.073401269874974,21.446227981347793,0.03625190548780488,0.07373753190040588,1713.5476900235503,2654.0480800871255,2983.486566310976,1,1,tutup2 (8).wav
-281.6436462402344,151.9688720703125,-12.973743438720703,19.395217895507812,6.915840148925781,-5.385190963745117,2.1333487033843994,7.729428291320801,-9.822732925415039,-8.88680362701416,-3.932191848754883,-5.512701034545898,0.6995211243629456,0.6217625141143799,0.544306755065918,0.48291316628456116,0.3325815200805664,0.24037432670593262,0.23751434683799744,0.23050308227539062,0.2916294038295746,0.3826563358306885,0.3928852677345276,0.49359947443008423,0.6059796214103699,19.895394149165128,11.640943482196672,14.883022294154147,15.727835293193259,15.552406825919094,17.352829535125785,19.78435600172495,0.03798335740546219,0.0631452202796936,2399.4510091881048,3594.602677655604,4604.66739430147,1,1,tutup2 (80).wav
-285.42193603515625,148.59567260742188,-35.66585922241211,24.062774658203125,11.328913688659668,-10.757369995117188,10.576231956481934,-1.6884915828704834,-6.216946125030518,-2.676142930984497,-5.730252742767334,-3.8597354888916016,-1.7595322132110596,0.6851900815963745,0.6070590615272522,0.498809814453125,0.4490510821342468,0.4430387020111084,0.4484710991382599,0.4034893214702606,0.3455258011817932,0.3567066788673401,0.407998263835907,0.47341737151145935,0.5985619425773621,20.176828765704144,11.26051468138767,14.192916973806769,15.249041865808145,14.590336342361677,16.441409553263313,22.16987761515102,0.05466291029676259,0.05852017179131508,2512.0846341834463,3197.283019744839,4763.640259667266,1,1,tutup2 (81).wav
-285.0999450683594,153.1316680908203,-26.88312339782715,22.36893653869629,11.671793937683105,-16.29119110107422,6.69979190826416,1.3511971235275269,-7.856069087982178,-7.573235511779785,-7.6111063957214355,-3.2807364463806152,-0.7612810134887695,0.48594731092453003,0.4650424122810364,0.5076228976249695,0.5396130681037903,0.4817690849304199,0.3259431719779968,0.2567865550518036,0.23132158815860748,0.2804239094257355,0.2976115643978119,0.43531179428100586,0.5389198064804077,20.012723392076612,11.674773305489309,14.635177132219695,15.171210441151384,14.667059907108326,17.69559161100622,21.685950550465847,0.042295713682432436,0.07482478767633438,2193.796937103199,2947.6100992863026,4168.857223923142,1,1,tutup2 (82).wav
-299.0299072265625,134.38645935058594,-10.134160041809082,22.676034927368164,8.3576078414917,-0.8729171752929688,5.46286153793335,4.586460113525391,-11.620166778564453,-8.4362211227417,-5.246981143951416,-5.9664201736450195,0.6606582403182983,0.6769113540649414,0.5256770849227905,0.5045153498649597,0.49204564094543457,0.3837163746356964,0.3921615481376648,0.34124475717544556,0.2731305956840515,0.26284167170524597,0.2988751232624054,0.42995309829711914,0.5689565539360046,19.289400744864587,12.274662594226593,14.282247715373154,14.94238939169108,14.689605523711142,16.052655442300157,19.90972686578741,0.04062631967905406,0.06546590477228165,2779.0036541393556,4003.020811058846,5681.273754222973,1,1,tutup2 (83).wav
-305.17315673828125,153.59999084472656,-22.04955291748047,19.410310745239258,13.23861026763916,-8.459063529968262,0.27799442410469055,5.769419193267822,-15.307743072509766,-6.668732643127441,-3.7173333168029785,-9.150165557861328,-3.168565273284912,0.3254270851612091,0.3753311336040497,0.4206834137439728,0.3192526698112488,0.27486851811408997,0.29916882514953613,0.30574148893356323,0.3191002905368805,0.4533703625202179,0.43504956364631653,0.3926912546157837,0.35313671827316284,20.696724454282386,12.692520419615274,16.168609870280417,15.338066771172176,16.47910781117474,18.76149126405859,19.578089617772314,0.03473587541390728,0.0730387344956398,2249.56282468732,3321.9938175047546,4194.41128156043,1,1,tutup2 (84).wav
-268.8614501953125,144.83602905273438,-8.103434562683105,9.532597541809082,18.874021530151367,-4.759127140045166,-3.765411138534546,5.774384021759033,-13.090765953063965,-14.094808578491211,-8.534828186035156,-10.182306289672852,-3.45991849899292,0.47246426343917847,0.5455866456031799,0.5014053583145142,0.28680574893951416,0.23099827766418457,0.2557668387889862,0.2726476490497589,0.2711174190044403,0.43531525135040283,0.4969431459903717,0.43649807572364807,0.5346665382385254,20.690002155158467,12.643430032326215,17.44234600016411,15.993834101023808,15.781337308100396,19.127939322776296,19.509163277144292,0.03598854758522727,0.12300706654787064,2227.2908575220463,3243.8103486891873,4062.271395596591,1,1,tutup2 (85).wav
-278.053955078125,155.0968780517578,-20.975807189941406,17.180265426635742,24.708065032958984,-13.026257514953613,3.2131130695343018,5.570505142211914,-15.952119827270508,-9.7279052734375,-4.903131484985352,-9.698291778564453,-3.2071406841278076,0.442804217338562,0.49776244163513184,0.5694261789321899,0.3925558030605316,0.299978107213974,0.2474672794342041,0.3961823284626007,0.34022244811058044,0.2527298629283905,0.29076841473579407,0.3134137988090515,0.43277707695961,20.173476789669824,11.238330377447939,17.49320877843718,15.767087401787009,15.298705721713985,19.7981581042683,18.807112587740633,0.039541794478527605,0.08890563249588013,2086.393573052374,3047.0029507232302,3845.195971529908,1,1,tutup2 (86).wav
-265.3869323730469,155.05458068847656,-12.933034896850586,22.96980094909668,11.217561721801758,-7.1912360191345215,6.6142072677612305,6.211663246154785,-10.724355697631836,-5.722781181335449,-6.795416355133057,-13.96491813659668,-0.08138014376163483,0.5411841869354248,0.7959468960762024,0.6240075826644897,0.44866544008255005,0.43288853764533997,0.3236950933933258,0.1935322880744934,0.17759376764297485,0.3167264461517334,0.4203237295150757,0.3610402047634125,0.35158953070640564,21.40624502006144,13.579748532695524,16.207306073425883,16.322308200132056,15.435122787188696,16.915709229818365,18.83239881833124,0.026045866935483872,0.12367429584264755,2046.780926674756,3372.7103187279267,3868.3357484879034,1,1,tutup2 (87).wav
-295.09112548828125,154.01023864746094,-27.019588470458984,13.028711318969727,12.34386157989502,-21.94318962097168,3.257758855819702,11.865163803100586,-18.41442108154297,-6.407811164855957,-4.209827899932861,-7.902288436889648,4.228054046630859,0.24510830640792847,0.2063950151205063,0.2698163688182831,0.5150229334831238,0.5091758966445923,0.3733593821525574,0.277472585439682,0.24085363745689392,0.32562077045440674,0.43990421295166016,0.4158007502555847,0.35768866539001465,20.656669753679,15.185345590428955,16.69875996394345,18.18269248654098,17.50478026708035,20.42367073682735,20.116301745316697,0.035393701840753425,0.12893374264240265,1940.623691939989,2768.540594578363,3684.832512842466,1,1,tutup2 (88).wav
-322.12738037109375,129.12538146972656,-6.34848165512085,15.725220680236816,21.440628051757812,-5.339349746704102,1.9166159629821777,6.0177388191223145,-15.689321517944336,-5.4254069328308105,-2.4776439666748047,-8.759297370910645,-2.981147527694702,0.5773839950561523,0.4911901652812958,0.43886518478393555,0.35293230414390564,0.28496402502059937,0.2891848385334015,0.22734811902046204,0.20585475862026215,0.29925820231437683,0.45603516697883606,0.5426028966903687,0.5359969735145569,20.102592211616134,11.996628606340693,14.454649373742821,14.775726250831575,15.822650077742868,18.86904122051741,19.897426689853454,0.04226610137195122,0.06924623250961304,2312.2539335145802,3292.233521991746,4314.343559451219,1,1,tutup2 (89).wav
-257.421875,154.27574157714844,-7.787271022796631,19.994665145874023,1.033539056777954,-12.070466041564941,-2.4748547077178955,13.820757865905762,-10.845677375793457,-3.6481618881225586,-13.375004768371582,-6.184527397155762,-2.055288076400757,0.1680966168642044,0.1583874672651291,0.23612476885318756,0.3381989300251007,0.7241519093513489,0.41434547305107117,0.26663652062416077,0.31450155377388,0.24549303948879242,0.2024901658296585,0.2093815803527832,0.27479979395866394,20.879972372630217,14.401257968442355,22.262293598483296,23.224145273282225,20.1638384603494,20.305094322831742,24.503186705160676,0.03187681686046512,0.22665996849536896,1674.2370791599583,2713.905326638606,2653.1910882994184,1,1,tutup2 (9).wav
-289.76202392578125,152.208251953125,-8.104377746582031,22.52220344543457,19.047531127929688,-8.555388450622559,3.369332790374756,8.290898323059082,-11.484350204467773,-5.092007160186768,-6.9927568435668945,-6.574685573577881,1.049660563468933,0.5235368609428406,0.3661803603172302,0.3128422200679779,0.20800672471523285,0.1618167906999588,0.09704413264989853,0.10190270096063614,0.1547553986310959,0.250569224357605,0.36511504650115967,0.5370104908943176,0.5537818670272827,21.744273897376857,15.343908381053721,15.073927596287952,16.002221843780795,15.297474862198593,18.49670599160286,20.821864547917784,0.02099609375,0.1017160713672638,1694.3768673921743,2799.8630441804617,3282.102895005841,1,1,tutup2 (90).wav
-299.66455078125,119.13191986083984,-3.154059410095215,14.336705207824707,15.237507820129395,0.7044127583503723,0.06852366030216217,3.4303715229034424,-7.702150821685791,-5.968323230743408,-3.26145339012146,-0.6127337217330933,-0.6499279141426086,0.32213589549064636,0.2691371738910675,0.251962274312973,0.28595975041389465,0.37421730160713196,0.4633215069770813,0.49400410056114197,0.4895950257778168,0.49027034640312195,0.6367039084434509,0.5534396171569824,0.46314680576324463,21.428637068286754,13.318739048266664,13.785553858149932,15.7006055654412,15.40888931014903,18.145445281838384,20.877542855208375,0.03364102802579365,0.10015665739774704,2013.9307696770259,2981.892864721451,3797.36328125,1,1,tutup2 (91).wav
-310.1741638183594,151.7445831298828,-13.736699104309082,23.218238830566406,15.345732688903809,-5.819208145141602,6.568694114685059,9.110625267028809,-11.827332496643066,-4.668340682983398,-3.7699527740478516,-6.000997543334961,2.1912028789520264,0.39657700061798096,0.4056672155857086,0.3885071575641632,0.46149444580078125,0.48617351055145264,0.3869622051715851,0.31113702058792114,0.2704581320285797,0.3952611982822418,0.5462558269500732,0.5377253293991089,0.45387181639671326,19.899055197842262,12.597374129049559,15.107744253679918,16.656379192701102,16.244565694016718,19.02999611830317,20.068086225942405,0.031591796875,0.08104143291711807,2064.9336072199853,3169.9133036143967,3820.27734375,1,1,tutup2 (92).wav
-324.3587646484375,146.85601806640625,-5.7804484367370605,15.588501930236816,18.010833740234375,-4.371603965759277,4.990842342376709,7.567262649536133,-7.761385917663574,-2.7988500595092773,-5.128698348999023,-5.585123538970947,3.2149899005889893,0.609911322593689,0.5682898163795471,0.6049361228942871,0.5611733794212341,0.45448383688926697,0.3791368305683136,0.34974971413612366,0.31594333052635193,0.30046871304512024,0.3717120289802551,0.47357603907585144,0.5775555968284607,21.64284796642838,12.497374080005802,13.42292746833419,15.11479167204685,14.753084554259354,16.94440952540783,19.48805264867262,0.03210115693306011,0.05908091738820076,2218.49870945245,3495.5044919349593,4132.492315573771,1,1,tutup2 (93).wav
-318.46612548828125,160.103759765625,-0.44277164340019226,13.293426513671875,12.995186805725098,-8.593755722045898,-0.5273701548576355,13.455714225769043,-10.830594062805176,-3.319270133972168,-8.043021202087402,-9.99544620513916,1.5020067691802979,0.5977588891983032,0.3713069558143616,0.29526880383491516,0.322956383228302,0.33258119225502014,0.25140857696533203,0.24566179513931274,0.2649455964565277,0.3167668879032135,0.4341167211532593,0.48311230540275574,0.6253259778022766,20.13681257488645,14.023802516528105,15.448475531976886,17.6820782414416,15.667990362642152,18.40972502737725,20.774675263403065,0.023116551088483147,0.08726457506418228,1662.880655657735,2882.7971802180346,2884.4814343398875,1,1,tutup2 (94).wav
-333.0480041503906,137.68063354492188,-11.701598167419434,21.089569091796875,19.962556838989258,-2.1007885932922363,7.482062816619873,5.9321608543396,-9.25210952758789,-1.789452314376831,-7.73164176940918,-8.917587280273438,-1.8204623460769653,0.4919232726097107,0.37097352743148804,0.3410879373550415,0.3758302330970764,0.3488987684249878,0.33605295419692993,0.32638707756996155,0.3178591728210449,0.3154986798763275,0.3789234459400177,0.4605719745159149,0.5464755296707153,20.323047877156384,12.896803653971464,14.284310238289658,14.79255667966673,15.86259259173729,16.9685172111592,21.16087105117225,0.02826159513449367,0.07228995859622955,2094.69995477661,3184.8066350618465,4096.6237514833865,1,1,tutup2 (95).wav
-307.4654235839844,162.26832580566406,-16.187454223632812,16.969266891479492,14.277091979980469,-9.505704879760742,6.7923583984375,8.68111515045166,-6.9816203117370605,-3.7342238426208496,-8.735703468322754,-10.198426246643066,-2.7464001178741455,0.5293542146682739,0.44685232639312744,0.33421429991722107,0.18663765490055084,0.1135493591427803,0.16757993400096893,0.2556908130645752,0.31173208355903625,0.5079187750816345,0.5124378204345703,0.5101303458213806,0.5174998641014099,19.201783415015267,14.905316761947969,15.55263278184196,17.404535657210417,15.373861398825648,18.12002775916807,20.63742825571604,0.029586226851851853,0.05793610215187073,1760.0630299451655,2785.591395927452,3296.5738932291665,1,1,tutup2 (96).wav
-316.1383361816406,133.1337432861328,-1.3849053382873535,7.332025527954102,14.762418746948242,-2.3841421604156494,2.0372979640960693,4.681875228881836,-9.16608715057373,-9.10702133178711,-8.735227584838867,-4.797503471374512,-0.24984608590602875,0.4780579209327698,0.44593939185142517,0.35175564885139465,0.26226791739463806,0.22423049807548523,0.181179016828537,0.19914579391479492,0.2537044882774353,0.4951356053352356,0.6231245398521423,0.5643792748451233,0.48278945684432983,20.319466265029515,13.101635688780647,15.238233153354022,15.839487076055212,15.409035872882153,17.11783344059267,21.049045771721396,0.028792317708333334,0.07837332785129547,1820.0985745885735,2826.8968017209313,3353.4375,1,1,tutup2 (97).wav
-258.7248840332031,164.1708221435547,-25.55777359008789,17.553985595703125,6.2511210441589355,-14.31157398223877,5.525635719299316,4.086485385894775,-13.006185531616211,-4.757744789123535,-10.427515983581543,-5.5908918380737305,1.2895792722702026,0.30484476685523987,0.3380959630012512,0.46086224913597107,0.3296235501766205,0.31943318247795105,0.22901833057403564,0.1956421583890915,0.28901422023773193,0.43897145986557007,0.5232061147689819,0.40723127126693726,0.33313870429992676,21.692437873631686,14.346819933801557,17.505307334692947,19.226791692716073,17.730239448264488,19.19219437602359,22.15768184832753,0.03282335069444445,0.13697977364063263,1866.6812936812405,2808.6810156991196,3505.60546875,1,1,tutup2 (98).wav
-333.99151611328125,140.00018310546875,-1.3473387956619263,10.815569877624512,18.720483779907227,-3.7544972896575928,-1.380176305770874,5.3800883293151855,-12.947859764099121,-8.566713333129883,-5.573456764221191,-13.765128135681152,-6.601919651031494,0.3283939063549042,0.5894169807434082,0.5621092915534973,0.28206726908683777,0.11576606333255768,0.1036975309252739,0.14493750035762787,0.1810462474822998,0.32133954763412476,0.4629152715206146,0.42109164595603943,0.34668898582458496,19.74853913471753,14.985167065371645,16.61927816437788,17.10387300827668,15.87085512875906,18.9530682275355,19.963348543381688,0.027587890625,0.07718295603990555,1833.7041594278076,2968.6987172160134,3297.599978563262,1,1,tutup2 (99).wav
